split,sample_id,image_path,mask_path,has_defect,width,height,positive_mask_pixels,defect_fraction
train,train-10000,data/extracted/KolektorSDD2/train/10000.png,data/extracted/KolektorSDD2/train/10000_GT.png,False,229,645,0,0.0
train,train-10001,data/extracted/KolektorSDD2/train/10001.png,data/extracted/KolektorSDD2/train/10001_GT.png,False,228,633,0,0.0
train,train-10002,data/extracted/KolektorSDD2/train/10002.png,data/extracted/KolektorSDD2/train/10002_GT.png,False,230,647,0,0.0
train,train-10003,data/extracted/KolektorSDD2/train/10003.png,data/extracted/KolektorSDD2/train/10003_GT.png,False,229,634,0,0.0
train,train-10004,data/extracted/KolektorSDD2/train/10004.png,data/extracted/KolektorSDD2/train/10004_GT.png,False,228,632,0,0.0
train,train-10005,data/extracted/KolektorSDD2/train/10005.png,data/extracted/KolektorSDD2/train/10005_GT.png,False,230,628,0,0.0
train,train-10006,data/extracted/KolektorSDD2/train/10006.png,data/extracted/KolektorSDD2/train/10006_GT.png,False,233,642,0,0.0
train,train-10007,data/extracted/KolektorSDD2/train/10007.png,data/extracted/KolektorSDD2/train/10007_GT.png,False,229,640,0,0.0
train,train-10008,data/extracted/KolektorSDD2/train/10008.png,data/extracted/KolektorSDD2/train/10008_GT.png,False,228,634,0,0.0
train,train-10009,data/extracted/KolektorSDD2/train/10009.png,data/extracted/KolektorSDD2/train/10009_GT.png,False,231,643,0,0.0
train,train-10010,data/extracted/KolektorSDD2/train/10010.png,data/extracted/KolektorSDD2/train/10010_GT.png,False,229,635,0,0.0
train,train-10011,data/extracted/KolektorSDD2/train/10011.png,data/extracted/KolektorSDD2/train/10011_GT.png,False,230,638,0,0.0
train,train-10012,data/extracted/KolektorSDD2/train/10012.png,data/extracted/KolektorSDD2/train/10012_GT.png,False,230,639,0,0.0
train,train-10013,data/extracted/KolektorSDD2/train/10013.png,data/extracted/KolektorSDD2/train/10013_GT.png,False,229,642,0,0.0
train,train-10014,data/extracted/KolektorSDD2/train/10014.png,data/extracted/KolektorSDD2/train/10014_GT.png,False,229,646,0,0.0
train,train-10015,data/extracted/KolektorSDD2/train/10015.png,data/extracted/KolektorSDD2/train/10015_GT.png,False,230,636,0,0.0
train,train-10016,data/extracted/KolektorSDD2/train/10016.png,data/extracted/KolektorSDD2/train/10016_GT.png,False,229,634,0,0.0
train,train-10017,data/extracted/KolektorSDD2/train/10017.png,data/extracted/KolektorSDD2/train/10017_GT.png,False,231,645,0,0.0
train,train-10018,data/extracted/KolektorSDD2/train/10018.png,data/extracted/KolektorSDD2/train/10018_GT.png,False,230,643,0,0.0
train,train-10019,data/extracted/KolektorSDD2/train/10019.png,data/extracted/KolektorSDD2/train/10019_GT.png,False,233,626,0,0.0
train,train-10020,data/extracted/KolektorSDD2/train/10020.png,data/extracted/KolektorSDD2/train/10020_GT.png,False,229,642,0,0.0
train,train-10021,data/extracted/KolektorSDD2/train/10021.png,data/extracted/KolektorSDD2/train/10021_GT.png,True,228,649,3346,0.022612386127105127
train,train-10022,data/extracted/KolektorSDD2/train/10022.png,data/extracted/KolektorSDD2/train/10022_GT.png,False,230,637,0,0.0
train,train-10023,data/extracted/KolektorSDD2/train/10023.png,data/extracted/KolektorSDD2/train/10023_GT.png,False,230,652,0,0.0
train,train-10024,data/extracted/KolektorSDD2/train/10024.png,data/extracted/KolektorSDD2/train/10024_GT.png,False,230,628,0,0.0
train,train-10025,data/extracted/KolektorSDD2/train/10025.png,data/extracted/KolektorSDD2/train/10025_GT.png,False,228,636,0,0.0
train,train-10026,data/extracted/KolektorSDD2/train/10026.png,data/extracted/KolektorSDD2/train/10026_GT.png,False,229,643,0,0.0
train,train-10027,data/extracted/KolektorSDD2/train/10027.png,data/extracted/KolektorSDD2/train/10027_GT.png,False,229,637,0,0.0
train,train-10028,data/extracted/KolektorSDD2/train/10028.png,data/extracted/KolektorSDD2/train/10028_GT.png,True,229,643,989,0.00671660543168961
train,train-10029,data/extracted/KolektorSDD2/train/10029.png,data/extracted/KolektorSDD2/train/10029_GT.png,False,229,629,0,0.0
train,train-10030,data/extracted/KolektorSDD2/train/10030.png,data/extracted/KolektorSDD2/train/10030_GT.png,False,232,637,0,0.0
train,train-10031,data/extracted/KolektorSDD2/train/10031.png,data/extracted/KolektorSDD2/train/10031_GT.png,False,230,647,0,0.0
train,train-10032,data/extracted/KolektorSDD2/train/10032.png,data/extracted/KolektorSDD2/train/10032_GT.png,False,228,646,0,0.0
train,train-10033,data/extracted/KolektorSDD2/train/10033.png,data/extracted/KolektorSDD2/train/10033_GT.png,False,230,633,0,0.0
train,train-10034,data/extracted/KolektorSDD2/train/10034.png,data/extracted/KolektorSDD2/train/10034_GT.png,False,229,626,0,0.0
train,train-10035,data/extracted/KolektorSDD2/train/10035.png,data/extracted/KolektorSDD2/train/10035_GT.png,False,229,635,0,0.0
train,train-10036,data/extracted/KolektorSDD2/train/10036.png,data/extracted/KolektorSDD2/train/10036_GT.png,False,231,642,0,0.0
train,train-10037,data/extracted/KolektorSDD2/train/10037.png,data/extracted/KolektorSDD2/train/10037_GT.png,False,228,637,0,0.0
train,train-10038,data/extracted/KolektorSDD2/train/10038.png,data/extracted/KolektorSDD2/train/10038_GT.png,False,228,639,0,0.0
train,train-10039,data/extracted/KolektorSDD2/train/10039.png,data/extracted/KolektorSDD2/train/10039_GT.png,False,231,638,0,0.0
train,train-10040,data/extracted/KolektorSDD2/train/10040.png,data/extracted/KolektorSDD2/train/10040_GT.png,False,230,643,0,0.0
train,train-10041,data/extracted/KolektorSDD2/train/10041.png,data/extracted/KolektorSDD2/train/10041_GT.png,False,228,646,0,0.0
train,train-10042,data/extracted/KolektorSDD2/train/10042.png,data/extracted/KolektorSDD2/train/10042_GT.png,False,229,632,0,0.0
train,train-10043,data/extracted/KolektorSDD2/train/10043.png,data/extracted/KolektorSDD2/train/10043_GT.png,False,231,647,0,0.0
train,train-10044,data/extracted/KolektorSDD2/train/10044.png,data/extracted/KolektorSDD2/train/10044_GT.png,False,231,626,0,0.0
train,train-10045,data/extracted/KolektorSDD2/train/10045.png,data/extracted/KolektorSDD2/train/10045_GT.png,True,211,638,23,0.00017085382341143086
train,train-10046,data/extracted/KolektorSDD2/train/10046.png,data/extracted/KolektorSDD2/train/10046_GT.png,False,205,635,0,0.0
train,train-10047,data/extracted/KolektorSDD2/train/10047.png,data/extracted/KolektorSDD2/train/10047_GT.png,True,231,637,19713,0.13396807274358294
train,train-10048,data/extracted/KolektorSDD2/train/10048.png,data/extracted/KolektorSDD2/train/10048_GT.png,False,214,630,0,0.0
train,train-10049,data/extracted/KolektorSDD2/train/10049.png,data/extracted/KolektorSDD2/train/10049_GT.png,False,229,635,0,0.0
train,train-10050,data/extracted/KolektorSDD2/train/10050.png,data/extracted/KolektorSDD2/train/10050_GT.png,False,230,647,0,0.0
train,train-10051,data/extracted/KolektorSDD2/train/10051.png,data/extracted/KolektorSDD2/train/10051_GT.png,False,228,629,0,0.0
train,train-10052,data/extracted/KolektorSDD2/train/10052.png,data/extracted/KolektorSDD2/train/10052_GT.png,False,231,629,0,0.0
train,train-10053,data/extracted/KolektorSDD2/train/10053.png,data/extracted/KolektorSDD2/train/10053_GT.png,False,230,642,0,0.0
train,train-10054,data/extracted/KolektorSDD2/train/10054.png,data/extracted/KolektorSDD2/train/10054_GT.png,False,230,638,0,0.0
train,train-10055,data/extracted/KolektorSDD2/train/10055.png,data/extracted/KolektorSDD2/train/10055_GT.png,False,229,640,0,0.0
train,train-10056,data/extracted/KolektorSDD2/train/10056.png,data/extracted/KolektorSDD2/train/10056_GT.png,False,230,609,0,0.0
train,train-10057,data/extracted/KolektorSDD2/train/10057.png,data/extracted/KolektorSDD2/train/10057_GT.png,True,230,640,1713,0.011637228260869565
train,train-10058,data/extracted/KolektorSDD2/train/10058.png,data/extracted/KolektorSDD2/train/10058_GT.png,False,229,657,0,0.0
train,train-10059,data/extracted/KolektorSDD2/train/10059.png,data/extracted/KolektorSDD2/train/10059_GT.png,False,229,643,0,0.0
train,train-10060,data/extracted/KolektorSDD2/train/10060.png,data/extracted/KolektorSDD2/train/10060_GT.png,True,228,637,1349,0.009288330716902146
train,train-10061,data/extracted/KolektorSDD2/train/10061.png,data/extracted/KolektorSDD2/train/10061_GT.png,False,230,637,0,0.0
train,train-10062,data/extracted/KolektorSDD2/train/10062.png,data/extracted/KolektorSDD2/train/10062_GT.png,False,229,639,0,0.0
train,train-10063,data/extracted/KolektorSDD2/train/10063.png,data/extracted/KolektorSDD2/train/10063_GT.png,False,230,638,0,0.0
train,train-10064,data/extracted/KolektorSDD2/train/10064.png,data/extracted/KolektorSDD2/train/10064_GT.png,False,230,632,0,0.0
train,train-10065,data/extracted/KolektorSDD2/train/10065.png,data/extracted/KolektorSDD2/train/10065_GT.png,True,229,641,2527,0.017215186424050847
train,train-10066,data/extracted/KolektorSDD2/train/10066.png,data/extracted/KolektorSDD2/train/10066_GT.png,False,231,641,0,0.0
train,train-10067,data/extracted/KolektorSDD2/train/10067.png,data/extracted/KolektorSDD2/train/10067_GT.png,False,227,642,0,0.0
train,train-10068,data/extracted/KolektorSDD2/train/10068.png,data/extracted/KolektorSDD2/train/10068_GT.png,False,227,636,0,0.0
train,train-10069,data/extracted/KolektorSDD2/train/10069.png,data/extracted/KolektorSDD2/train/10069_GT.png,False,230,635,0,0.0
train,train-10070,data/extracted/KolektorSDD2/train/10070.png,data/extracted/KolektorSDD2/train/10070_GT.png,False,232,636,0,0.0
train,train-10071,data/extracted/KolektorSDD2/train/10071.png,data/extracted/KolektorSDD2/train/10071_GT.png,False,229,625,0,0.0
train,train-10072,data/extracted/KolektorSDD2/train/10072.png,data/extracted/KolektorSDD2/train/10072_GT.png,False,228,645,0,0.0
train,train-10073,data/extracted/KolektorSDD2/train/10073.png,data/extracted/KolektorSDD2/train/10073_GT.png,False,228,629,0,0.0
train,train-10074,data/extracted/KolektorSDD2/train/10074.png,data/extracted/KolektorSDD2/train/10074_GT.png,False,229,642,0,0.0
train,train-10075,data/extracted/KolektorSDD2/train/10075.png,data/extracted/KolektorSDD2/train/10075_GT.png,False,231,630,0,0.0
train,train-10076,data/extracted/KolektorSDD2/train/10076.png,data/extracted/KolektorSDD2/train/10076_GT.png,False,229,632,0,0.0
train,train-10077,data/extracted/KolektorSDD2/train/10077.png,data/extracted/KolektorSDD2/train/10077_GT.png,False,230,638,0,0.0
train,train-10078,data/extracted/KolektorSDD2/train/10078.png,data/extracted/KolektorSDD2/train/10078_GT.png,False,230,632,0,0.0
train,train-10079,data/extracted/KolektorSDD2/train/10079.png,data/extracted/KolektorSDD2/train/10079_GT.png,False,229,638,0,0.0
train,train-10080,data/extracted/KolektorSDD2/train/10080.png,data/extracted/KolektorSDD2/train/10080_GT.png,False,230,637,0,0.0
train,train-10081,data/extracted/KolektorSDD2/train/10081.png,data/extracted/KolektorSDD2/train/10081_GT.png,False,228,645,0,0.0
train,train-10082,data/extracted/KolektorSDD2/train/10082.png,data/extracted/KolektorSDD2/train/10082_GT.png,False,231,630,0,0.0
train,train-10083,data/extracted/KolektorSDD2/train/10083.png,data/extracted/KolektorSDD2/train/10083_GT.png,False,228,640,0,0.0
train,train-10084,data/extracted/KolektorSDD2/train/10084.png,data/extracted/KolektorSDD2/train/10084_GT.png,True,231,619,644,0.004503842952954423
train,train-10085,data/extracted/KolektorSDD2/train/10085.png,data/extracted/KolektorSDD2/train/10085_GT.png,False,230,638,0,0.0
train,train-10086,data/extracted/KolektorSDD2/train/10086.png,data/extracted/KolektorSDD2/train/10086_GT.png,False,230,637,0,0.0
train,train-10087,data/extracted/KolektorSDD2/train/10087.png,data/extracted/KolektorSDD2/train/10087_GT.png,False,230,639,0,0.0
train,train-10088,data/extracted/KolektorSDD2/train/10088.png,data/extracted/KolektorSDD2/train/10088_GT.png,False,232,634,0,0.0
train,train-10089,data/extracted/KolektorSDD2/train/10089.png,data/extracted/KolektorSDD2/train/10089_GT.png,False,230,636,0,0.0
train,train-10090,data/extracted/KolektorSDD2/train/10090.png,data/extracted/KolektorSDD2/train/10090_GT.png,True,230,637,488,0.0033308306600232066
train,train-10091,data/extracted/KolektorSDD2/train/10091.png,data/extracted/KolektorSDD2/train/10091_GT.png,False,229,639,0,0.0
train,train-10092,data/extracted/KolektorSDD2/train/10092.png,data/extracted/KolektorSDD2/train/10092_GT.png,False,230,637,0,0.0
train,train-10093,data/extracted/KolektorSDD2/train/10093.png,data/extracted/KolektorSDD2/train/10093_GT.png,False,230,634,0,0.0
train,train-10094,data/extracted/KolektorSDD2/train/10094.png,data/extracted/KolektorSDD2/train/10094_GT.png,False,228,635,0,0.0
train,train-10095,data/extracted/KolektorSDD2/train/10095.png,data/extracted/KolektorSDD2/train/10095_GT.png,False,229,642,0,0.0
train,train-10096,data/extracted/KolektorSDD2/train/10096.png,data/extracted/KolektorSDD2/train/10096_GT.png,False,229,633,0,0.0
train,train-10097,data/extracted/KolektorSDD2/train/10097.png,data/extracted/KolektorSDD2/train/10097_GT.png,False,228,643,0,0.0
train,train-10098,data/extracted/KolektorSDD2/train/10098.png,data/extracted/KolektorSDD2/train/10098_GT.png,False,229,641,0,0.0
train,train-10099,data/extracted/KolektorSDD2/train/10099.png,data/extracted/KolektorSDD2/train/10099_GT.png,False,229,651,0,0.0
train,train-10100,data/extracted/KolektorSDD2/train/10100.png,data/extracted/KolektorSDD2/train/10100_GT.png,False,230,634,0,0.0
train,train-10101,data/extracted/KolektorSDD2/train/10101.png,data/extracted/KolektorSDD2/train/10101_GT.png,False,230,640,0,0.0
train,train-10102,data/extracted/KolektorSDD2/train/10102.png,data/extracted/KolektorSDD2/train/10102_GT.png,False,231,637,0,0.0
train,train-10103,data/extracted/KolektorSDD2/train/10103.png,data/extracted/KolektorSDD2/train/10103_GT.png,False,229,625,0,0.0
train,train-10104,data/extracted/KolektorSDD2/train/10104.png,data/extracted/KolektorSDD2/train/10104_GT.png,False,229,630,0,0.0
train,train-10105,data/extracted/KolektorSDD2/train/10105.png,data/extracted/KolektorSDD2/train/10105_GT.png,False,231,651,0,0.0
train,train-10106,data/extracted/KolektorSDD2/train/10106.png,data/extracted/KolektorSDD2/train/10106_GT.png,False,231,640,0,0.0
train,train-10107,data/extracted/KolektorSDD2/train/10107.png,data/extracted/KolektorSDD2/train/10107_GT.png,False,231,636,0,0.0
train,train-10108,data/extracted/KolektorSDD2/train/10108.png,data/extracted/KolektorSDD2/train/10108_GT.png,False,230,644,0,0.0
train,train-10109,data/extracted/KolektorSDD2/train/10109.png,data/extracted/KolektorSDD2/train/10109_GT.png,False,231,641,0,0.0
train,train-10110,data/extracted/KolektorSDD2/train/10110.png,data/extracted/KolektorSDD2/train/10110_GT.png,False,230,635,0,0.0
train,train-10111,data/extracted/KolektorSDD2/train/10111.png,data/extracted/KolektorSDD2/train/10111_GT.png,False,214,649,0,0.0
train,train-10112,data/extracted/KolektorSDD2/train/10112.png,data/extracted/KolektorSDD2/train/10112_GT.png,False,230,642,0,0.0
train,train-10113,data/extracted/KolektorSDD2/train/10113.png,data/extracted/KolektorSDD2/train/10113_GT.png,False,230,641,0,0.0
train,train-10114,data/extracted/KolektorSDD2/train/10114.png,data/extracted/KolektorSDD2/train/10114_GT.png,False,227,632,0,0.0
train,train-10115,data/extracted/KolektorSDD2/train/10115.png,data/extracted/KolektorSDD2/train/10115_GT.png,False,233,640,0,0.0
train,train-10116,data/extracted/KolektorSDD2/train/10116.png,data/extracted/KolektorSDD2/train/10116_GT.png,False,229,633,0,0.0
train,train-10117,data/extracted/KolektorSDD2/train/10117.png,data/extracted/KolektorSDD2/train/10117_GT.png,False,227,642,0,0.0
train,train-10118,data/extracted/KolektorSDD2/train/10118.png,data/extracted/KolektorSDD2/train/10118_GT.png,False,230,638,0,0.0
train,train-10119,data/extracted/KolektorSDD2/train/10119.png,data/extracted/KolektorSDD2/train/10119_GT.png,False,227,639,0,0.0
train,train-10120,data/extracted/KolektorSDD2/train/10120.png,data/extracted/KolektorSDD2/train/10120_GT.png,False,229,634,0,0.0
train,train-10121,data/extracted/KolektorSDD2/train/10121.png,data/extracted/KolektorSDD2/train/10121_GT.png,False,228,627,0,0.0
train,train-10122,data/extracted/KolektorSDD2/train/10122.png,data/extracted/KolektorSDD2/train/10122_GT.png,False,231,639,0,0.0
train,train-10123,data/extracted/KolektorSDD2/train/10123.png,data/extracted/KolektorSDD2/train/10123_GT.png,False,229,636,0,0.0
train,train-10124,data/extracted/KolektorSDD2/train/10124.png,data/extracted/KolektorSDD2/train/10124_GT.png,False,228,633,0,0.0
train,train-10125,data/extracted/KolektorSDD2/train/10125.png,data/extracted/KolektorSDD2/train/10125_GT.png,False,228,641,0,0.0
train,train-10126,data/extracted/KolektorSDD2/train/10126.png,data/extracted/KolektorSDD2/train/10126_GT.png,False,228,634,0,0.0
train,train-10127,data/extracted/KolektorSDD2/train/10127.png,data/extracted/KolektorSDD2/train/10127_GT.png,False,227,637,0,0.0
train,train-10128,data/extracted/KolektorSDD2/train/10128.png,data/extracted/KolektorSDD2/train/10128_GT.png,False,228,651,0,0.0
train,train-10129,data/extracted/KolektorSDD2/train/10129.png,data/extracted/KolektorSDD2/train/10129_GT.png,False,232,633,0,0.0
train,train-10130,data/extracted/KolektorSDD2/train/10130.png,data/extracted/KolektorSDD2/train/10130_GT.png,False,229,635,0,0.0
train,train-10131,data/extracted/KolektorSDD2/train/10131.png,data/extracted/KolektorSDD2/train/10131_GT.png,False,229,636,0,0.0
train,train-10132,data/extracted/KolektorSDD2/train/10132.png,data/extracted/KolektorSDD2/train/10132_GT.png,False,228,638,0,0.0
train,train-10133,data/extracted/KolektorSDD2/train/10133.png,data/extracted/KolektorSDD2/train/10133_GT.png,False,229,644,0,0.0
train,train-10134,data/extracted/KolektorSDD2/train/10134.png,data/extracted/KolektorSDD2/train/10134_GT.png,False,228,637,0,0.0
train,train-10135,data/extracted/KolektorSDD2/train/10135.png,data/extracted/KolektorSDD2/train/10135_GT.png,True,230,646,3376,0.022721766051958543
train,train-10136,data/extracted/KolektorSDD2/train/10136.png,data/extracted/KolektorSDD2/train/10136_GT.png,False,229,620,0,0.0
train,train-10137,data/extracted/KolektorSDD2/train/10137.png,data/extracted/KolektorSDD2/train/10137_GT.png,False,227,646,0,0.0
train,train-10138,data/extracted/KolektorSDD2/train/10138.png,data/extracted/KolektorSDD2/train/10138_GT.png,False,230,636,0,0.0
train,train-10139,data/extracted/KolektorSDD2/train/10139.png,data/extracted/KolektorSDD2/train/10139_GT.png,False,231,646,0,0.0
train,train-10140,data/extracted/KolektorSDD2/train/10140.png,data/extracted/KolektorSDD2/train/10140_GT.png,False,229,624,0,0.0
train,train-10141,data/extracted/KolektorSDD2/train/10141.png,data/extracted/KolektorSDD2/train/10141_GT.png,False,228,635,0,0.0
train,train-10142,data/extracted/KolektorSDD2/train/10142.png,data/extracted/KolektorSDD2/train/10142_GT.png,False,228,636,0,0.0
train,train-10143,data/extracted/KolektorSDD2/train/10143.png,data/extracted/KolektorSDD2/train/10143_GT.png,False,230,644,0,0.0
train,train-10144,data/extracted/KolektorSDD2/train/10144.png,data/extracted/KolektorSDD2/train/10144_GT.png,False,231,640,0,0.0
train,train-10145,data/extracted/KolektorSDD2/train/10145.png,data/extracted/KolektorSDD2/train/10145_GT.png,True,230,636,1045,0.007143833743505606
train,train-10146,data/extracted/KolektorSDD2/train/10146.png,data/extracted/KolektorSDD2/train/10146_GT.png,False,230,633,0,0.0
train,train-10147,data/extracted/KolektorSDD2/train/10147.png,data/extracted/KolektorSDD2/train/10147_GT.png,False,228,627,0,0.0
train,train-10148,data/extracted/KolektorSDD2/train/10148.png,data/extracted/KolektorSDD2/train/10148_GT.png,False,205,635,0,0.0
train,train-10149,data/extracted/KolektorSDD2/train/10149.png,data/extracted/KolektorSDD2/train/10149_GT.png,False,228,649,0,0.0
train,train-10150,data/extracted/KolektorSDD2/train/10150.png,data/extracted/KolektorSDD2/train/10150_GT.png,False,229,633,0,0.0
train,train-10151,data/extracted/KolektorSDD2/train/10151.png,data/extracted/KolektorSDD2/train/10151_GT.png,False,228,642,0,0.0
train,train-10152,data/extracted/KolektorSDD2/train/10152.png,data/extracted/KolektorSDD2/train/10152_GT.png,False,231,634,0,0.0
train,train-10153,data/extracted/KolektorSDD2/train/10153.png,data/extracted/KolektorSDD2/train/10153_GT.png,False,230,630,0,0.0
train,train-10154,data/extracted/KolektorSDD2/train/10154.png,data/extracted/KolektorSDD2/train/10154_GT.png,False,231,621,0,0.0
train,train-10155,data/extracted/KolektorSDD2/train/10155.png,data/extracted/KolektorSDD2/train/10155_GT.png,False,230,643,0,0.0
train,train-10156,data/extracted/KolektorSDD2/train/10156.png,data/extracted/KolektorSDD2/train/10156_GT.png,False,216,633,0,0.0
train,train-10157,data/extracted/KolektorSDD2/train/10157.png,data/extracted/KolektorSDD2/train/10157_GT.png,True,231,649,7073,0.0471788098906743
train,train-10158,data/extracted/KolektorSDD2/train/10158.png,data/extracted/KolektorSDD2/train/10158_GT.png,False,228,633,0,0.0
train,train-10159,data/extracted/KolektorSDD2/train/10159.png,data/extracted/KolektorSDD2/train/10159_GT.png,True,229,646,5895,0.03984885151486474
train,train-10160,data/extracted/KolektorSDD2/train/10160.png,data/extracted/KolektorSDD2/train/10160_GT.png,False,230,638,0,0.0
train,train-10161,data/extracted/KolektorSDD2/train/10161.png,data/extracted/KolektorSDD2/train/10161_GT.png,False,230,634,0,0.0
train,train-10162,data/extracted/KolektorSDD2/train/10162.png,data/extracted/KolektorSDD2/train/10162_GT.png,False,228,639,0,0.0
train,train-10163,data/extracted/KolektorSDD2/train/10163.png,data/extracted/KolektorSDD2/train/10163_GT.png,False,229,643,0,0.0
train,train-10164,data/extracted/KolektorSDD2/train/10164.png,data/extracted/KolektorSDD2/train/10164_GT.png,False,231,645,0,0.0
train,train-10165,data/extracted/KolektorSDD2/train/10165.png,data/extracted/KolektorSDD2/train/10165_GT.png,False,231,639,0,0.0
train,train-10166,data/extracted/KolektorSDD2/train/10166.png,data/extracted/KolektorSDD2/train/10166_GT.png,False,231,636,0,0.0
train,train-10167,data/extracted/KolektorSDD2/train/10167.png,data/extracted/KolektorSDD2/train/10167_GT.png,False,229,655,0,0.0
train,train-10168,data/extracted/KolektorSDD2/train/10168.png,data/extracted/KolektorSDD2/train/10168_GT.png,False,228,632,0,0.0
train,train-10169,data/extracted/KolektorSDD2/train/10169.png,data/extracted/KolektorSDD2/train/10169_GT.png,False,230,639,0,0.0
train,train-10170,data/extracted/KolektorSDD2/train/10170.png,data/extracted/KolektorSDD2/train/10170_GT.png,False,229,631,0,0.0
train,train-10171,data/extracted/KolektorSDD2/train/10171.png,data/extracted/KolektorSDD2/train/10171_GT.png,False,226,641,0,0.0
train,train-10172,data/extracted/KolektorSDD2/train/10172.png,data/extracted/KolektorSDD2/train/10172_GT.png,False,229,648,0,0.0
train,train-10173,data/extracted/KolektorSDD2/train/10173.png,data/extracted/KolektorSDD2/train/10173_GT.png,False,233,633,0,0.0
train,train-10174,data/extracted/KolektorSDD2/train/10174.png,data/extracted/KolektorSDD2/train/10174_GT.png,False,228,647,0,0.0
train,train-10175,data/extracted/KolektorSDD2/train/10175.png,data/extracted/KolektorSDD2/train/10175_GT.png,False,229,639,0,0.0
train,train-10176,data/extracted/KolektorSDD2/train/10176.png,data/extracted/KolektorSDD2/train/10176_GT.png,False,229,638,0,0.0
train,train-10177,data/extracted/KolektorSDD2/train/10177.png,data/extracted/KolektorSDD2/train/10177_GT.png,False,230,636,0,0.0
train,train-10178,data/extracted/KolektorSDD2/train/10178.png,data/extracted/KolektorSDD2/train/10178_GT.png,False,229,632,0,0.0
train,train-10179,data/extracted/KolektorSDD2/train/10179.png,data/extracted/KolektorSDD2/train/10179_GT.png,False,230,635,0,0.0
train,train-10180,data/extracted/KolektorSDD2/train/10180.png,data/extracted/KolektorSDD2/train/10180_GT.png,False,231,638,0,0.0
train,train-10181,data/extracted/KolektorSDD2/train/10181.png,data/extracted/KolektorSDD2/train/10181_GT.png,False,233,634,0,0.0
train,train-10182,data/extracted/KolektorSDD2/train/10182.png,data/extracted/KolektorSDD2/train/10182_GT.png,False,230,640,0,0.0
train,train-10183,data/extracted/KolektorSDD2/train/10183.png,data/extracted/KolektorSDD2/train/10183_GT.png,False,229,643,0,0.0
train,train-10184,data/extracted/KolektorSDD2/train/10184.png,data/extracted/KolektorSDD2/train/10184_GT.png,False,232,631,0,0.0
train,train-10185,data/extracted/KolektorSDD2/train/10185.png,data/extracted/KolektorSDD2/train/10185_GT.png,False,229,644,0,0.0
train,train-10186,data/extracted/KolektorSDD2/train/10186.png,data/extracted/KolektorSDD2/train/10186_GT.png,False,233,644,0,0.0
train,train-10187,data/extracted/KolektorSDD2/train/10187.png,data/extracted/KolektorSDD2/train/10187_GT.png,False,229,628,0,0.0
train,train-10188,data/extracted/KolektorSDD2/train/10188.png,data/extracted/KolektorSDD2/train/10188_GT.png,False,232,640,0,0.0
train,train-10189,data/extracted/KolektorSDD2/train/10189.png,data/extracted/KolektorSDD2/train/10189_GT.png,False,231,642,0,0.0
train,train-10190,data/extracted/KolektorSDD2/train/10190.png,data/extracted/KolektorSDD2/train/10190_GT.png,False,231,635,0,0.0
train,train-10191,data/extracted/KolektorSDD2/train/10191.png,data/extracted/KolektorSDD2/train/10191_GT.png,False,229,645,0,0.0
train,train-10192,data/extracted/KolektorSDD2/train/10192.png,data/extracted/KolektorSDD2/train/10192_GT.png,False,228,636,0,0.0
train,train-10193,data/extracted/KolektorSDD2/train/10193.png,data/extracted/KolektorSDD2/train/10193_GT.png,False,230,648,0,0.0
train,train-10194,data/extracted/KolektorSDD2/train/10194.png,data/extracted/KolektorSDD2/train/10194_GT.png,False,229,636,0,0.0
train,train-10195,data/extracted/KolektorSDD2/train/10195.png,data/extracted/KolektorSDD2/train/10195_GT.png,False,229,627,0,0.0
train,train-10196,data/extracted/KolektorSDD2/train/10196.png,data/extracted/KolektorSDD2/train/10196_GT.png,False,231,637,0,0.0
train,train-10197,data/extracted/KolektorSDD2/train/10197.png,data/extracted/KolektorSDD2/train/10197_GT.png,False,228,635,0,0.0
train,train-10198,data/extracted/KolektorSDD2/train/10198.png,data/extracted/KolektorSDD2/train/10198_GT.png,False,231,637,0,0.0
train,train-10199,data/extracted/KolektorSDD2/train/10199.png,data/extracted/KolektorSDD2/train/10199_GT.png,False,230,628,0,0.0
train,train-10200,data/extracted/KolektorSDD2/train/10200.png,data/extracted/KolektorSDD2/train/10200_GT.png,False,229,634,0,0.0
train,train-10201,data/extracted/KolektorSDD2/train/10201.png,data/extracted/KolektorSDD2/train/10201_GT.png,True,229,639,9025,0.06167524311321593
train,train-10202,data/extracted/KolektorSDD2/train/10202.png,data/extracted/KolektorSDD2/train/10202_GT.png,False,229,625,0,0.0
train,train-10203,data/extracted/KolektorSDD2/train/10203.png,data/extracted/KolektorSDD2/train/10203_GT.png,False,229,633,0,0.0
train,train-10204,data/extracted/KolektorSDD2/train/10204.png,data/extracted/KolektorSDD2/train/10204_GT.png,False,229,638,0,0.0
train,train-10205,data/extracted/KolektorSDD2/train/10205.png,data/extracted/KolektorSDD2/train/10205_GT.png,False,231,642,0,0.0
train,train-10206,data/extracted/KolektorSDD2/train/10206.png,data/extracted/KolektorSDD2/train/10206_GT.png,True,231,641,7758,0.052393784063050834
train,train-10207,data/extracted/KolektorSDD2/train/10207.png,data/extracted/KolektorSDD2/train/10207_GT.png,False,231,633,0,0.0
train,train-10208,data/extracted/KolektorSDD2/train/10208.png,data/extracted/KolektorSDD2/train/10208_GT.png,True,228,627,4451,0.03113545426564817
train,train-10209,data/extracted/KolektorSDD2/train/10209.png,data/extracted/KolektorSDD2/train/10209_GT.png,False,231,647,0,0.0
train,train-10210,data/extracted/KolektorSDD2/train/10210.png,data/extracted/KolektorSDD2/train/10210_GT.png,False,231,640,0,0.0
train,train-10211,data/extracted/KolektorSDD2/train/10211.png,data/extracted/KolektorSDD2/train/10211_GT.png,False,229,632,0,0.0
train,train-10212,data/extracted/KolektorSDD2/train/10212.png,data/extracted/KolektorSDD2/train/10212_GT.png,False,227,633,0,0.0
train,train-10213,data/extracted/KolektorSDD2/train/10213.png,data/extracted/KolektorSDD2/train/10213_GT.png,False,231,641,0,0.0
train,train-10214,data/extracted/KolektorSDD2/train/10214.png,data/extracted/KolektorSDD2/train/10214_GT.png,False,229,632,0,0.0
train,train-10215,data/extracted/KolektorSDD2/train/10215.png,data/extracted/KolektorSDD2/train/10215_GT.png,False,229,636,0,0.0
train,train-10216,data/extracted/KolektorSDD2/train/10216.png,data/extracted/KolektorSDD2/train/10216_GT.png,False,229,639,0,0.0
train,train-10217,data/extracted/KolektorSDD2/train/10217.png,data/extracted/KolektorSDD2/train/10217_GT.png,False,229,645,0,0.0
train,train-10218,data/extracted/KolektorSDD2/train/10218.png,data/extracted/KolektorSDD2/train/10218_GT.png,False,227,626,0,0.0
train,train-10219,data/extracted/KolektorSDD2/train/10219.png,data/extracted/KolektorSDD2/train/10219_GT.png,False,228,639,0,0.0
train,train-10220,data/extracted/KolektorSDD2/train/10220.png,data/extracted/KolektorSDD2/train/10220_GT.png,False,229,646,0,0.0
train,train-10221,data/extracted/KolektorSDD2/train/10221.png,data/extracted/KolektorSDD2/train/10221_GT.png,False,229,634,0,0.0
train,train-10222,data/extracted/KolektorSDD2/train/10222.png,data/extracted/KolektorSDD2/train/10222_GT.png,False,230,646,0,0.0
train,train-10223,data/extracted/KolektorSDD2/train/10223.png,data/extracted/KolektorSDD2/train/10223_GT.png,True,231,648,1475,0.009853829298273742
train,train-10224,data/extracted/KolektorSDD2/train/10224.png,data/extracted/KolektorSDD2/train/10224_GT.png,False,229,639,0,0.0
train,train-10225,data/extracted/KolektorSDD2/train/10225.png,data/extracted/KolektorSDD2/train/10225_GT.png,False,229,637,0,0.0
train,train-10226,data/extracted/KolektorSDD2/train/10226.png,data/extracted/KolektorSDD2/train/10226_GT.png,False,230,646,0,0.0
train,train-10227,data/extracted/KolektorSDD2/train/10227.png,data/extracted/KolektorSDD2/train/10227_GT.png,False,227,634,0,0.0
train,train-10228,data/extracted/KolektorSDD2/train/10228.png,data/extracted/KolektorSDD2/train/10228_GT.png,False,230,638,0,0.0
train,train-10229,data/extracted/KolektorSDD2/train/10229.png,data/extracted/KolektorSDD2/train/10229_GT.png,False,229,637,0,0.0
train,train-10230,data/extracted/KolektorSDD2/train/10230.png,data/extracted/KolektorSDD2/train/10230_GT.png,False,229,640,0,0.0
train,train-10231,data/extracted/KolektorSDD2/train/10231.png,data/extracted/KolektorSDD2/train/10231_GT.png,False,231,637,0,0.0
train,train-10232,data/extracted/KolektorSDD2/train/10232.png,data/extracted/KolektorSDD2/train/10232_GT.png,False,235,625,0,0.0
train,train-10233,data/extracted/KolektorSDD2/train/10233.png,data/extracted/KolektorSDD2/train/10233_GT.png,False,230,633,0,0.0
train,train-10234,data/extracted/KolektorSDD2/train/10234.png,data/extracted/KolektorSDD2/train/10234_GT.png,False,230,641,0,0.0
train,train-10235,data/extracted/KolektorSDD2/train/10235.png,data/extracted/KolektorSDD2/train/10235_GT.png,True,229,633,29837,0.20583345405878986
train,train-10236,data/extracted/KolektorSDD2/train/10236.png,data/extracted/KolektorSDD2/train/10236_GT.png,False,228,636,0,0.0
train,train-10237,data/extracted/KolektorSDD2/train/10237.png,data/extracted/KolektorSDD2/train/10237_GT.png,False,231,633,0,0.0
train,train-10238,data/extracted/KolektorSDD2/train/10238.png,data/extracted/KolektorSDD2/train/10238_GT.png,False,229,633,0,0.0
train,train-10239,data/extracted/KolektorSDD2/train/10239.png,data/extracted/KolektorSDD2/train/10239_GT.png,False,230,641,0,0.0
train,train-10240,data/extracted/KolektorSDD2/train/10240.png,data/extracted/KolektorSDD2/train/10240_GT.png,False,229,621,0,0.0
train,train-10241,data/extracted/KolektorSDD2/train/10241.png,data/extracted/KolektorSDD2/train/10241_GT.png,False,228,633,0,0.0
train,train-10242,data/extracted/KolektorSDD2/train/10242.png,data/extracted/KolektorSDD2/train/10242_GT.png,False,230,639,0,0.0
train,train-10243,data/extracted/KolektorSDD2/train/10243.png,data/extracted/KolektorSDD2/train/10243_GT.png,False,229,621,0,0.0
train,train-10244,data/extracted/KolektorSDD2/train/10244.png,data/extracted/KolektorSDD2/train/10244_GT.png,True,231,642,1572,0.010599991908403123
train,train-10245,data/extracted/KolektorSDD2/train/10245.png,data/extracted/KolektorSDD2/train/10245_GT.png,False,230,625,0,0.0
train,train-10246,data/extracted/KolektorSDD2/train/10246.png,data/extracted/KolektorSDD2/train/10246_GT.png,False,229,638,0,0.0
train,train-10247,data/extracted/KolektorSDD2/train/10247.png,data/extracted/KolektorSDD2/train/10247_GT.png,True,228,637,5876,0.04045828857858933
train,train-10248,data/extracted/KolektorSDD2/train/10248.png,data/extracted/KolektorSDD2/train/10248_GT.png,False,230,644,0,0.0
train,train-10249,data/extracted/KolektorSDD2/train/10249.png,data/extracted/KolektorSDD2/train/10249_GT.png,False,229,632,0,0.0
train,train-10250,data/extracted/KolektorSDD2/train/10250.png,data/extracted/KolektorSDD2/train/10250_GT.png,False,230,632,0,0.0
train,train-10251,data/extracted/KolektorSDD2/train/10251.png,data/extracted/KolektorSDD2/train/10251_GT.png,False,228,635,0,0.0
train,train-10252,data/extracted/KolektorSDD2/train/10252.png,data/extracted/KolektorSDD2/train/10252_GT.png,False,231,635,0,0.0
train,train-10253,data/extracted/KolektorSDD2/train/10253.png,data/extracted/KolektorSDD2/train/10253_GT.png,False,229,634,0,0.0
train,train-10254,data/extracted/KolektorSDD2/train/10254.png,data/extracted/KolektorSDD2/train/10254_GT.png,True,228,637,1383,0.009522432454763282
train,train-10255,data/extracted/KolektorSDD2/train/10255.png,data/extracted/KolektorSDD2/train/10255_GT.png,False,230,640,0,0.0
train,train-10256,data/extracted/KolektorSDD2/train/10256.png,data/extracted/KolektorSDD2/train/10256_GT.png,False,227,627,0,0.0
train,train-10257,data/extracted/KolektorSDD2/train/10257.png,data/extracted/KolektorSDD2/train/10257_GT.png,False,228,644,0,0.0
train,train-10258,data/extracted/KolektorSDD2/train/10258.png,data/extracted/KolektorSDD2/train/10258_GT.png,True,230,640,8343,0.056677989130434786
train,train-10259,data/extracted/KolektorSDD2/train/10259.png,data/extracted/KolektorSDD2/train/10259_GT.png,False,207,635,0,0.0
train,train-10260,data/extracted/KolektorSDD2/train/10260.png,data/extracted/KolektorSDD2/train/10260_GT.png,False,230,637,0,0.0
train,train-10261,data/extracted/KolektorSDD2/train/10261.png,data/extracted/KolektorSDD2/train/10261_GT.png,False,229,625,0,0.0
train,train-10262,data/extracted/KolektorSDD2/train/10262.png,data/extracted/KolektorSDD2/train/10262_GT.png,False,231,647,0,0.0
train,train-10263,data/extracted/KolektorSDD2/train/10263.png,data/extracted/KolektorSDD2/train/10263_GT.png,False,228,638,0,0.0
train,train-10264,data/extracted/KolektorSDD2/train/10264.png,data/extracted/KolektorSDD2/train/10264_GT.png,False,227,634,0,0.0
train,train-10265,data/extracted/KolektorSDD2/train/10265.png,data/extracted/KolektorSDD2/train/10265_GT.png,False,230,622,0,0.0
train,train-10266,data/extracted/KolektorSDD2/train/10266.png,data/extracted/KolektorSDD2/train/10266_GT.png,True,224,635,291,0.002045838020247469
train,train-10267,data/extracted/KolektorSDD2/train/10267.png,data/extracted/KolektorSDD2/train/10267_GT.png,False,230,638,0,0.0
train,train-10268,data/extracted/KolektorSDD2/train/10268.png,data/extracted/KolektorSDD2/train/10268_GT.png,False,230,647,0,0.0
train,train-10269,data/extracted/KolektorSDD2/train/10269.png,data/extracted/KolektorSDD2/train/10269_GT.png,False,231,635,0,0.0
train,train-10270,data/extracted/KolektorSDD2/train/10270.png,data/extracted/KolektorSDD2/train/10270_GT.png,False,229,639,0,0.0
train,train-10271,data/extracted/KolektorSDD2/train/10271.png,data/extracted/KolektorSDD2/train/10271_GT.png,False,230,632,0,0.0
train,train-10272,data/extracted/KolektorSDD2/train/10272.png,data/extracted/KolektorSDD2/train/10272_GT.png,False,228,645,0,0.0
train,train-10273,data/extracted/KolektorSDD2/train/10273.png,data/extracted/KolektorSDD2/train/10273_GT.png,True,230,641,6535,0.0443261208709218
train,train-10274,data/extracted/KolektorSDD2/train/10274.png,data/extracted/KolektorSDD2/train/10274_GT.png,False,229,635,0,0.0
train,train-10275,data/extracted/KolektorSDD2/train/10275.png,data/extracted/KolektorSDD2/train/10275_GT.png,False,231,629,0,0.0
train,train-10276,data/extracted/KolektorSDD2/train/10276.png,data/extracted/KolektorSDD2/train/10276_GT.png,False,230,629,0,0.0
train,train-10277,data/extracted/KolektorSDD2/train/10277.png,data/extracted/KolektorSDD2/train/10277_GT.png,False,230,632,0,0.0
train,train-10278,data/extracted/KolektorSDD2/train/10278.png,data/extracted/KolektorSDD2/train/10278_GT.png,False,230,635,0,0.0
train,train-10279,data/extracted/KolektorSDD2/train/10279.png,data/extracted/KolektorSDD2/train/10279_GT.png,False,232,606,0,0.0
train,train-10280,data/extracted/KolektorSDD2/train/10280.png,data/extracted/KolektorSDD2/train/10280_GT.png,False,230,640,0,0.0
train,train-10281,data/extracted/KolektorSDD2/train/10281.png,data/extracted/KolektorSDD2/train/10281_GT.png,True,231,618,4825,0.033798456128553214
train,train-10282,data/extracted/KolektorSDD2/train/10282.png,data/extracted/KolektorSDD2/train/10282_GT.png,False,230,644,0,0.0
train,train-10283,data/extracted/KolektorSDD2/train/10283.png,data/extracted/KolektorSDD2/train/10283_GT.png,False,227,634,0,0.0
train,train-10284,data/extracted/KolektorSDD2/train/10284.png,data/extracted/KolektorSDD2/train/10284_GT.png,False,213,644,0,0.0
train,train-10285,data/extracted/KolektorSDD2/train/10285.png,data/extracted/KolektorSDD2/train/10285_GT.png,False,222,636,0,0.0
train,train-10286,data/extracted/KolektorSDD2/train/10286.png,data/extracted/KolektorSDD2/train/10286_GT.png,False,228,641,0,0.0
train,train-10287,data/extracted/KolektorSDD2/train/10287.png,data/extracted/KolektorSDD2/train/10287_GT.png,False,234,641,0,0.0
train,train-10288,data/extracted/KolektorSDD2/train/10288.png,data/extracted/KolektorSDD2/train/10288_GT.png,False,226,632,0,0.0
train,train-10289,data/extracted/KolektorSDD2/train/10289.png,data/extracted/KolektorSDD2/train/10289_GT.png,False,229,630,0,0.0
train,train-10290,data/extracted/KolektorSDD2/train/10290.png,data/extracted/KolektorSDD2/train/10290_GT.png,False,233,644,0,0.0
train,train-10291,data/extracted/KolektorSDD2/train/10291.png,data/extracted/KolektorSDD2/train/10291_GT.png,False,227,635,0,0.0
train,train-10292,data/extracted/KolektorSDD2/train/10292.png,data/extracted/KolektorSDD2/train/10292_GT.png,False,230,640,0,0.0
train,train-10293,data/extracted/KolektorSDD2/train/10293.png,data/extracted/KolektorSDD2/train/10293_GT.png,False,225,647,0,0.0
train,train-10294,data/extracted/KolektorSDD2/train/10294.png,data/extracted/KolektorSDD2/train/10294_GT.png,False,226,628,0,0.0
train,train-10295,data/extracted/KolektorSDD2/train/10295.png,data/extracted/KolektorSDD2/train/10295_GT.png,False,233,639,0,0.0
train,train-10296,data/extracted/KolektorSDD2/train/10296.png,data/extracted/KolektorSDD2/train/10296_GT.png,False,232,645,0,0.0
train,train-10297,data/extracted/KolektorSDD2/train/10297.png,data/extracted/KolektorSDD2/train/10297_GT.png,False,231,633,0,0.0
train,train-10298,data/extracted/KolektorSDD2/train/10298.png,data/extracted/KolektorSDD2/train/10298_GT.png,False,229,631,0,0.0
train,train-10299,data/extracted/KolektorSDD2/train/10299.png,data/extracted/KolektorSDD2/train/10299_GT.png,False,234,647,0,0.0
train,train-10300,data/extracted/KolektorSDD2/train/10300.png,data/extracted/KolektorSDD2/train/10300_GT.png,False,229,631,0,0.0
train,train-10301,data/extracted/KolektorSDD2/train/10301.png,data/extracted/KolektorSDD2/train/10301_GT.png,True,233,645,5113,0.0340220248195096
train,train-10302,data/extracted/KolektorSDD2/train/10302.png,data/extracted/KolektorSDD2/train/10302_GT.png,False,229,641,0,0.0
train,train-10303,data/extracted/KolektorSDD2/train/10303.png,data/extracted/KolektorSDD2/train/10303_GT.png,False,204,630,0,0.0
train,train-10304,data/extracted/KolektorSDD2/train/10304.png,data/extracted/KolektorSDD2/train/10304_GT.png,True,231,642,444,0.002993890844358134
train,train-10305,data/extracted/KolektorSDD2/train/10305.png,data/extracted/KolektorSDD2/train/10305_GT.png,False,228,636,0,0.0
train,train-10306,data/extracted/KolektorSDD2/train/10306.png,data/extracted/KolektorSDD2/train/10306_GT.png,True,231,624,14386,0.0998029748029748
train,train-10307,data/extracted/KolektorSDD2/train/10307.png,data/extracted/KolektorSDD2/train/10307_GT.png,False,235,640,0,0.0
train,train-10308,data/extracted/KolektorSDD2/train/10308.png,data/extracted/KolektorSDD2/train/10308_GT.png,True,227,641,12008,0.08252523933556462
train,train-10309,data/extracted/KolektorSDD2/train/10309.png,data/extracted/KolektorSDD2/train/10309_GT.png,True,227,635,43011,0.2983870408269451
train,train-10310,data/extracted/KolektorSDD2/train/10310.png,data/extracted/KolektorSDD2/train/10310_GT.png,False,229,640,0,0.0
train,train-10311,data/extracted/KolektorSDD2/train/10311.png,data/extracted/KolektorSDD2/train/10311_GT.png,False,230,635,0,0.0
train,train-10312,data/extracted/KolektorSDD2/train/10312.png,data/extracted/KolektorSDD2/train/10312_GT.png,True,231,639,6655,0.04508532677546762
train,train-10313,data/extracted/KolektorSDD2/train/10313.png,data/extracted/KolektorSDD2/train/10313_GT.png,False,232,631,0,0.0
train,train-10314,data/extracted/KolektorSDD2/train/10314.png,data/extracted/KolektorSDD2/train/10314_GT.png,False,232,636,0,0.0
train,train-10315,data/extracted/KolektorSDD2/train/10315.png,data/extracted/KolektorSDD2/train/10315_GT.png,False,230,643,0,0.0
train,train-10316,data/extracted/KolektorSDD2/train/10316.png,data/extracted/KolektorSDD2/train/10316_GT.png,False,231,637,0,0.0
train,train-10317,data/extracted/KolektorSDD2/train/10317.png,data/extracted/KolektorSDD2/train/10317_GT.png,False,230,636,0,0.0
train,train-10318,data/extracted/KolektorSDD2/train/10318.png,data/extracted/KolektorSDD2/train/10318_GT.png,False,231,640,0,0.0
train,train-10319,data/extracted/KolektorSDD2/train/10319.png,data/extracted/KolektorSDD2/train/10319_GT.png,False,224,631,0,0.0
train,train-10320,data/extracted/KolektorSDD2/train/10320.png,data/extracted/KolektorSDD2/train/10320_GT.png,False,226,632,0,0.0
train,train-10321,data/extracted/KolektorSDD2/train/10321.png,data/extracted/KolektorSDD2/train/10321_GT.png,False,226,632,0,0.0
train,train-10322,data/extracted/KolektorSDD2/train/10322.png,data/extracted/KolektorSDD2/train/10322_GT.png,False,230,635,0,0.0
train,train-10323,data/extracted/KolektorSDD2/train/10323.png,data/extracted/KolektorSDD2/train/10323_GT.png,False,228,638,0,0.0
train,train-10324,data/extracted/KolektorSDD2/train/10324.png,data/extracted/KolektorSDD2/train/10324_GT.png,False,229,628,0,0.0
train,train-10325,data/extracted/KolektorSDD2/train/10325.png,data/extracted/KolektorSDD2/train/10325_GT.png,False,234,644,0,0.0
train,train-10326,data/extracted/KolektorSDD2/train/10326.png,data/extracted/KolektorSDD2/train/10326_GT.png,False,230,633,0,0.0
train,train-10327,data/extracted/KolektorSDD2/train/10327.png,data/extracted/KolektorSDD2/train/10327_GT.png,False,232,639,0,0.0
train,train-10328,data/extracted/KolektorSDD2/train/10328.png,data/extracted/KolektorSDD2/train/10328_GT.png,False,231,641,0,0.0
train,train-10329,data/extracted/KolektorSDD2/train/10329.png,data/extracted/KolektorSDD2/train/10329_GT.png,False,229,627,0,0.0
train,train-10330,data/extracted/KolektorSDD2/train/10330.png,data/extracted/KolektorSDD2/train/10330_GT.png,False,228,636,0,0.0
train,train-10331,data/extracted/KolektorSDD2/train/10331.png,data/extracted/KolektorSDD2/train/10331_GT.png,False,227,638,0,0.0
train,train-10332,data/extracted/KolektorSDD2/train/10332.png,data/extracted/KolektorSDD2/train/10332_GT.png,False,234,636,0,0.0
train,train-10333,data/extracted/KolektorSDD2/train/10333.png,data/extracted/KolektorSDD2/train/10333_GT.png,False,228,638,0,0.0
train,train-10334,data/extracted/KolektorSDD2/train/10334.png,data/extracted/KolektorSDD2/train/10334_GT.png,False,231,633,0,0.0
train,train-10335,data/extracted/KolektorSDD2/train/10335.png,data/extracted/KolektorSDD2/train/10335_GT.png,True,232,640,372,0.0025053879310344826
train,train-10336,data/extracted/KolektorSDD2/train/10336.png,data/extracted/KolektorSDD2/train/10336_GT.png,False,228,632,0,0.0
train,train-10337,data/extracted/KolektorSDD2/train/10337.png,data/extracted/KolektorSDD2/train/10337_GT.png,True,230,648,1638,0.010990338164251207
train,train-10338,data/extracted/KolektorSDD2/train/10338.png,data/extracted/KolektorSDD2/train/10338_GT.png,False,224,624,0,0.0
train,train-10339,data/extracted/KolektorSDD2/train/10339.png,data/extracted/KolektorSDD2/train/10339_GT.png,False,233,635,0,0.0
train,train-10340,data/extracted/KolektorSDD2/train/10340.png,data/extracted/KolektorSDD2/train/10340_GT.png,False,231,638,0,0.0
train,train-10341,data/extracted/KolektorSDD2/train/10341.png,data/extracted/KolektorSDD2/train/10341_GT.png,False,224,633,0,0.0
train,train-10342,data/extracted/KolektorSDD2/train/10342.png,data/extracted/KolektorSDD2/train/10342_GT.png,False,230,642,0,0.0
train,train-10343,data/extracted/KolektorSDD2/train/10343.png,data/extracted/KolektorSDD2/train/10343_GT.png,False,209,628,0,0.0
train,train-10344,data/extracted/KolektorSDD2/train/10344.png,data/extracted/KolektorSDD2/train/10344_GT.png,True,230,634,1275,0.008743656562885749
train,train-10345,data/extracted/KolektorSDD2/train/10345.png,data/extracted/KolektorSDD2/train/10345_GT.png,True,226,635,649,0.004522332938471187
train,train-10346,data/extracted/KolektorSDD2/train/10346.png,data/extracted/KolektorSDD2/train/10346_GT.png,False,233,633,0,0.0
train,train-10347,data/extracted/KolektorSDD2/train/10347.png,data/extracted/KolektorSDD2/train/10347_GT.png,False,233,641,0,0.0
train,train-10348,data/extracted/KolektorSDD2/train/10348.png,data/extracted/KolektorSDD2/train/10348_GT.png,False,229,637,0,0.0
train,train-10349,data/extracted/KolektorSDD2/train/10349.png,data/extracted/KolektorSDD2/train/10349_GT.png,False,228,638,0,0.0
train,train-10350,data/extracted/KolektorSDD2/train/10350.png,data/extracted/KolektorSDD2/train/10350_GT.png,False,231,638,0,0.0
train,train-10351,data/extracted/KolektorSDD2/train/10351.png,data/extracted/KolektorSDD2/train/10351_GT.png,False,229,635,0,0.0
train,train-10352,data/extracted/KolektorSDD2/train/10352.png,data/extracted/KolektorSDD2/train/10352_GT.png,True,231,634,2408,0.016442022751171015
train,train-10353,data/extracted/KolektorSDD2/train/10353.png,data/extracted/KolektorSDD2/train/10353_GT.png,False,206,634,0,0.0
train,train-10354,data/extracted/KolektorSDD2/train/10354.png,data/extracted/KolektorSDD2/train/10354_GT.png,True,225,628,1744,0.012342533616418967
train,train-10355,data/extracted/KolektorSDD2/train/10355.png,data/extracted/KolektorSDD2/train/10355_GT.png,False,230,643,0,0.0
train,train-10356,data/extracted/KolektorSDD2/train/10356.png,data/extracted/KolektorSDD2/train/10356_GT.png,False,230,642,0,0.0
train,train-10357,data/extracted/KolektorSDD2/train/10357.png,data/extracted/KolektorSDD2/train/10357_GT.png,False,232,646,0,0.0
train,train-10358,data/extracted/KolektorSDD2/train/10358.png,data/extracted/KolektorSDD2/train/10358_GT.png,False,225,641,0,0.0
train,train-10359,data/extracted/KolektorSDD2/train/10359.png,data/extracted/KolektorSDD2/train/10359_GT.png,False,226,631,0,0.0
train,train-10360,data/extracted/KolektorSDD2/train/10360.png,data/extracted/KolektorSDD2/train/10360_GT.png,False,229,636,0,0.0
train,train-10361,data/extracted/KolektorSDD2/train/10361.png,data/extracted/KolektorSDD2/train/10361_GT.png,False,229,637,0,0.0
train,train-10362,data/extracted/KolektorSDD2/train/10362.png,data/extracted/KolektorSDD2/train/10362_GT.png,False,223,642,0,0.0
train,train-10363,data/extracted/KolektorSDD2/train/10363.png,data/extracted/KolektorSDD2/train/10363_GT.png,False,218,643,0,0.0
train,train-10364,data/extracted/KolektorSDD2/train/10364.png,data/extracted/KolektorSDD2/train/10364_GT.png,False,234,629,0,0.0
train,train-10365,data/extracted/KolektorSDD2/train/10365.png,data/extracted/KolektorSDD2/train/10365_GT.png,False,234,634,0,0.0
train,train-10366,data/extracted/KolektorSDD2/train/10366.png,data/extracted/KolektorSDD2/train/10366_GT.png,False,228,643,0,0.0
train,train-10367,data/extracted/KolektorSDD2/train/10367.png,data/extracted/KolektorSDD2/train/10367_GT.png,True,233,629,601,0.004100793547902864
train,train-10368,data/extracted/KolektorSDD2/train/10368.png,data/extracted/KolektorSDD2/train/10368_GT.png,False,212,644,0,0.0
train,train-10369,data/extracted/KolektorSDD2/train/10369.png,data/extracted/KolektorSDD2/train/10369_GT.png,False,220,635,0,0.0
train,train-10370,data/extracted/KolektorSDD2/train/10370.png,data/extracted/KolektorSDD2/train/10370_GT.png,False,230,638,0,0.0
train,train-10371,data/extracted/KolektorSDD2/train/10371.png,data/extracted/KolektorSDD2/train/10371_GT.png,False,231,632,0,0.0
train,train-10372,data/extracted/KolektorSDD2/train/10372.png,data/extracted/KolektorSDD2/train/10372_GT.png,False,229,634,0,0.0
train,train-10373,data/extracted/KolektorSDD2/train/10373.png,data/extracted/KolektorSDD2/train/10373_GT.png,False,230,640,0,0.0
train,train-10374,data/extracted/KolektorSDD2/train/10374.png,data/extracted/KolektorSDD2/train/10374_GT.png,False,234,631,0,0.0
train,train-10375,data/extracted/KolektorSDD2/train/10375.png,data/extracted/KolektorSDD2/train/10375_GT.png,False,227,637,0,0.0
train,train-10376,data/extracted/KolektorSDD2/train/10376.png,data/extracted/KolektorSDD2/train/10376_GT.png,False,230,634,0,0.0
train,train-10377,data/extracted/KolektorSDD2/train/10377.png,data/extracted/KolektorSDD2/train/10377_GT.png,False,232,643,0,0.0
train,train-10378,data/extracted/KolektorSDD2/train/10378.png,data/extracted/KolektorSDD2/train/10378_GT.png,False,226,635,0,0.0
train,train-10379,data/extracted/KolektorSDD2/train/10379.png,data/extracted/KolektorSDD2/train/10379_GT.png,False,234,626,0,0.0
train,train-10380,data/extracted/KolektorSDD2/train/10380.png,data/extracted/KolektorSDD2/train/10380_GT.png,False,232,640,0,0.0
train,train-10381,data/extracted/KolektorSDD2/train/10381.png,data/extracted/KolektorSDD2/train/10381_GT.png,False,228,640,0,0.0
train,train-10382,data/extracted/KolektorSDD2/train/10382.png,data/extracted/KolektorSDD2/train/10382_GT.png,True,231,635,13237,0.09024099260319733
train,train-10383,data/extracted/KolektorSDD2/train/10383.png,data/extracted/KolektorSDD2/train/10383_GT.png,True,215,636,1632,0.01193505923650724
train,train-10384,data/extracted/KolektorSDD2/train/10384.png,data/extracted/KolektorSDD2/train/10384_GT.png,False,227,624,0,0.0
train,train-10385,data/extracted/KolektorSDD2/train/10385.png,data/extracted/KolektorSDD2/train/10385_GT.png,False,230,626,0,0.0
train,train-10386,data/extracted/KolektorSDD2/train/10386.png,data/extracted/KolektorSDD2/train/10386_GT.png,False,231,638,0,0.0
train,train-10387,data/extracted/KolektorSDD2/train/10387.png,data/extracted/KolektorSDD2/train/10387_GT.png,False,230,638,0,0.0
train,train-10388,data/extracted/KolektorSDD2/train/10388.png,data/extracted/KolektorSDD2/train/10388_GT.png,False,228,636,0,0.0
train,train-10389,data/extracted/KolektorSDD2/train/10389.png,data/extracted/KolektorSDD2/train/10389_GT.png,False,233,631,0,0.0
train,train-10390,data/extracted/KolektorSDD2/train/10390.png,data/extracted/KolektorSDD2/train/10390_GT.png,False,228,630,0,0.0
train,train-10391,data/extracted/KolektorSDD2/train/10391.png,data/extracted/KolektorSDD2/train/10391_GT.png,False,227,640,0,0.0
train,train-10392,data/extracted/KolektorSDD2/train/10392.png,data/extracted/KolektorSDD2/train/10392_GT.png,False,227,636,0,0.0
train,train-10393,data/extracted/KolektorSDD2/train/10393.png,data/extracted/KolektorSDD2/train/10393_GT.png,False,227,638,0,0.0
train,train-10394,data/extracted/KolektorSDD2/train/10394.png,data/extracted/KolektorSDD2/train/10394_GT.png,False,231,632,0,0.0
train,train-10395,data/extracted/KolektorSDD2/train/10395.png,data/extracted/KolektorSDD2/train/10395_GT.png,False,224,639,0,0.0
train,train-10396,data/extracted/KolektorSDD2/train/10396.png,data/extracted/KolektorSDD2/train/10396_GT.png,True,230,623,1759,0.012275804312931817
train,train-10397,data/extracted/KolektorSDD2/train/10397.png,data/extracted/KolektorSDD2/train/10397_GT.png,False,230,632,0,0.0
train,train-10398,data/extracted/KolektorSDD2/train/10398.png,data/extracted/KolektorSDD2/train/10398_GT.png,False,230,638,0,0.0
train,train-10399,data/extracted/KolektorSDD2/train/10399.png,data/extracted/KolektorSDD2/train/10399_GT.png,False,229,632,0,0.0
train,train-10400,data/extracted/KolektorSDD2/train/10400.png,data/extracted/KolektorSDD2/train/10400_GT.png,False,227,626,0,0.0
train,train-10401,data/extracted/KolektorSDD2/train/10401.png,data/extracted/KolektorSDD2/train/10401_GT.png,True,232,645,6010,0.04016305800588078
train,train-10402,data/extracted/KolektorSDD2/train/10402.png,data/extracted/KolektorSDD2/train/10402_GT.png,True,228,641,1057,0.007232394558940252
train,train-10403,data/extracted/KolektorSDD2/train/10403.png,data/extracted/KolektorSDD2/train/10403_GT.png,True,234,648,545,0.003594228131265168
train,train-10404,data/extracted/KolektorSDD2/train/10404.png,data/extracted/KolektorSDD2/train/10404_GT.png,False,233,646,0,0.0
train,train-10405,data/extracted/KolektorSDD2/train/10405.png,data/extracted/KolektorSDD2/train/10405_GT.png,False,233,648,0,0.0
train,train-10406,data/extracted/KolektorSDD2/train/10406.png,data/extracted/KolektorSDD2/train/10406_GT.png,False,229,627,0,0.0
train,train-10407,data/extracted/KolektorSDD2/train/10407.png,data/extracted/KolektorSDD2/train/10407_GT.png,False,228,640,0,0.0
train,train-10408,data/extracted/KolektorSDD2/train/10408.png,data/extracted/KolektorSDD2/train/10408_GT.png,False,230,637,0,0.0
train,train-10409,data/extracted/KolektorSDD2/train/10409.png,data/extracted/KolektorSDD2/train/10409_GT.png,False,230,641,0,0.0
train,train-10410,data/extracted/KolektorSDD2/train/10410.png,data/extracted/KolektorSDD2/train/10410_GT.png,False,227,639,0,0.0
train,train-10411,data/extracted/KolektorSDD2/train/10411.png,data/extracted/KolektorSDD2/train/10411_GT.png,False,226,627,0,0.0
train,train-10412,data/extracted/KolektorSDD2/train/10412.png,data/extracted/KolektorSDD2/train/10412_GT.png,False,228,639,0,0.0
train,train-10413,data/extracted/KolektorSDD2/train/10413.png,data/extracted/KolektorSDD2/train/10413_GT.png,False,230,637,0,0.0
train,train-10414,data/extracted/KolektorSDD2/train/10414.png,data/extracted/KolektorSDD2/train/10414_GT.png,True,222,630,4373,0.03126698126698127
train,train-10415,data/extracted/KolektorSDD2/train/10415.png,data/extracted/KolektorSDD2/train/10415_GT.png,False,228,629,0,0.0
train,train-10416,data/extracted/KolektorSDD2/train/10416.png,data/extracted/KolektorSDD2/train/10416_GT.png,False,231,636,0,0.0
train,train-10417,data/extracted/KolektorSDD2/train/10417.png,data/extracted/KolektorSDD2/train/10417_GT.png,False,223,628,0,0.0
train,train-10418,data/extracted/KolektorSDD2/train/10418.png,data/extracted/KolektorSDD2/train/10418_GT.png,False,232,641,0,0.0
train,train-10419,data/extracted/KolektorSDD2/train/10419.png,data/extracted/KolektorSDD2/train/10419_GT.png,False,229,634,0,0.0
train,train-10420,data/extracted/KolektorSDD2/train/10420.png,data/extracted/KolektorSDD2/train/10420_GT.png,False,227,622,0,0.0
train,train-10421,data/extracted/KolektorSDD2/train/10421.png,data/extracted/KolektorSDD2/train/10421_GT.png,True,230,641,3177,0.021549209794478736
train,train-10422,data/extracted/KolektorSDD2/train/10422.png,data/extracted/KolektorSDD2/train/10422_GT.png,False,225,641,0,0.0
train,train-10423,data/extracted/KolektorSDD2/train/10423.png,data/extracted/KolektorSDD2/train/10423_GT.png,True,231,640,2891,0.01955492424242424
train,train-10424,data/extracted/KolektorSDD2/train/10424.png,data/extracted/KolektorSDD2/train/10424_GT.png,False,225,650,0,0.0
train,train-10425,data/extracted/KolektorSDD2/train/10425.png,data/extracted/KolektorSDD2/train/10425_GT.png,False,227,638,0,0.0
train,train-10426,data/extracted/KolektorSDD2/train/10426.png,data/extracted/KolektorSDD2/train/10426_GT.png,True,229,640,1549,0.010569050218340611
train,train-10427,data/extracted/KolektorSDD2/train/10427.png,data/extracted/KolektorSDD2/train/10427_GT.png,False,234,632,0,0.0
train,train-10428,data/extracted/KolektorSDD2/train/10428.png,data/extracted/KolektorSDD2/train/10428_GT.png,False,229,634,0,0.0
train,train-10429,data/extracted/KolektorSDD2/train/10429.png,data/extracted/KolektorSDD2/train/10429_GT.png,False,229,640,0,0.0
train,train-10430,data/extracted/KolektorSDD2/train/10430.png,data/extracted/KolektorSDD2/train/10430_GT.png,False,226,633,0,0.0
train,train-10431,data/extracted/KolektorSDD2/train/10431.png,data/extracted/KolektorSDD2/train/10431_GT.png,False,229,639,0,0.0
train,train-10432,data/extracted/KolektorSDD2/train/10432.png,data/extracted/KolektorSDD2/train/10432_GT.png,False,226,638,0,0.0
train,train-10433,data/extracted/KolektorSDD2/train/10433.png,data/extracted/KolektorSDD2/train/10433_GT.png,False,232,645,0,0.0
train,train-10434,data/extracted/KolektorSDD2/train/10434.png,data/extracted/KolektorSDD2/train/10434_GT.png,False,226,640,0,0.0
train,train-10435,data/extracted/KolektorSDD2/train/10435.png,data/extracted/KolektorSDD2/train/10435_GT.png,False,229,626,0,0.0
train,train-10436,data/extracted/KolektorSDD2/train/10436.png,data/extracted/KolektorSDD2/train/10436_GT.png,False,227,635,0,0.0
train,train-10437,data/extracted/KolektorSDD2/train/10437.png,data/extracted/KolektorSDD2/train/10437_GT.png,False,232,633,0,0.0
train,train-10438,data/extracted/KolektorSDD2/train/10438.png,data/extracted/KolektorSDD2/train/10438_GT.png,False,228,633,0,0.0
train,train-10439,data/extracted/KolektorSDD2/train/10439.png,data/extracted/KolektorSDD2/train/10439_GT.png,False,230,638,0,0.0
train,train-10440,data/extracted/KolektorSDD2/train/10440.png,data/extracted/KolektorSDD2/train/10440_GT.png,False,227,644,0,0.0
train,train-10441,data/extracted/KolektorSDD2/train/10441.png,data/extracted/KolektorSDD2/train/10441_GT.png,False,233,644,0,0.0
train,train-10442,data/extracted/KolektorSDD2/train/10442.png,data/extracted/KolektorSDD2/train/10442_GT.png,False,229,629,0,0.0
train,train-10443,data/extracted/KolektorSDD2/train/10443.png,data/extracted/KolektorSDD2/train/10443_GT.png,False,229,644,0,0.0
train,train-10444,data/extracted/KolektorSDD2/train/10444.png,data/extracted/KolektorSDD2/train/10444_GT.png,False,231,637,0,0.0
train,train-10445,data/extracted/KolektorSDD2/train/10445.png,data/extracted/KolektorSDD2/train/10445_GT.png,False,233,633,0,0.0
train,train-10446,data/extracted/KolektorSDD2/train/10446.png,data/extracted/KolektorSDD2/train/10446_GT.png,False,234,642,0,0.0
train,train-10447,data/extracted/KolektorSDD2/train/10447.png,data/extracted/KolektorSDD2/train/10447_GT.png,False,234,639,0,0.0
train,train-10448,data/extracted/KolektorSDD2/train/10448.png,data/extracted/KolektorSDD2/train/10448_GT.png,False,226,640,0,0.0
train,train-10449,data/extracted/KolektorSDD2/train/10449.png,data/extracted/KolektorSDD2/train/10449_GT.png,False,228,637,0,0.0
train,train-10450,data/extracted/KolektorSDD2/train/10450.png,data/extracted/KolektorSDD2/train/10450_GT.png,False,233,634,0,0.0
train,train-10451,data/extracted/KolektorSDD2/train/10451.png,data/extracted/KolektorSDD2/train/10451_GT.png,False,228,613,0,0.0
train,train-10452,data/extracted/KolektorSDD2/train/10452.png,data/extracted/KolektorSDD2/train/10452_GT.png,False,226,630,0,0.0
train,train-10453,data/extracted/KolektorSDD2/train/10453.png,data/extracted/KolektorSDD2/train/10453_GT.png,False,234,638,0,0.0
train,train-10454,data/extracted/KolektorSDD2/train/10454.png,data/extracted/KolektorSDD2/train/10454_GT.png,False,230,645,0,0.0
train,train-10455,data/extracted/KolektorSDD2/train/10455.png,data/extracted/KolektorSDD2/train/10455_GT.png,False,231,636,0,0.0
train,train-10456,data/extracted/KolektorSDD2/train/10456.png,data/extracted/KolektorSDD2/train/10456_GT.png,False,229,637,0,0.0
train,train-10457,data/extracted/KolektorSDD2/train/10457.png,data/extracted/KolektorSDD2/train/10457_GT.png,True,229,637,515,0.0035304682840553085
train,train-10458,data/extracted/KolektorSDD2/train/10458.png,data/extracted/KolektorSDD2/train/10458_GT.png,False,231,639,0,0.0
train,train-10459,data/extracted/KolektorSDD2/train/10459.png,data/extracted/KolektorSDD2/train/10459_GT.png,False,228,626,0,0.0
train,train-10460,data/extracted/KolektorSDD2/train/10460.png,data/extracted/KolektorSDD2/train/10460_GT.png,False,226,632,0,0.0
train,train-10461,data/extracted/KolektorSDD2/train/10461.png,data/extracted/KolektorSDD2/train/10461_GT.png,False,230,642,0,0.0
train,train-10462,data/extracted/KolektorSDD2/train/10462.png,data/extracted/KolektorSDD2/train/10462_GT.png,False,233,632,0,0.0
train,train-10463,data/extracted/KolektorSDD2/train/10463.png,data/extracted/KolektorSDD2/train/10463_GT.png,False,234,639,0,0.0
train,train-10464,data/extracted/KolektorSDD2/train/10464.png,data/extracted/KolektorSDD2/train/10464_GT.png,False,232,643,0,0.0
train,train-10465,data/extracted/KolektorSDD2/train/10465.png,data/extracted/KolektorSDD2/train/10465_GT.png,False,226,641,0,0.0
train,train-10466,data/extracted/KolektorSDD2/train/10466.png,data/extracted/KolektorSDD2/train/10466_GT.png,True,219,640,3355,0.023936929223744293
train,train-10467,data/extracted/KolektorSDD2/train/10467.png,data/extracted/KolektorSDD2/train/10467_GT.png,False,215,634,0,0.0
train,train-10468,data/extracted/KolektorSDD2/train/10468.png,data/extracted/KolektorSDD2/train/10468_GT.png,False,233,638,0,0.0
train,train-10469,data/extracted/KolektorSDD2/train/10469.png,data/extracted/KolektorSDD2/train/10469_GT.png,False,229,639,0,0.0
train,train-10470,data/extracted/KolektorSDD2/train/10470.png,data/extracted/KolektorSDD2/train/10470_GT.png,False,233,642,0,0.0
train,train-10471,data/extracted/KolektorSDD2/train/10471.png,data/extracted/KolektorSDD2/train/10471_GT.png,False,230,637,0,0.0
train,train-10472,data/extracted/KolektorSDD2/train/10472.png,data/extracted/KolektorSDD2/train/10472_GT.png,False,232,639,0,0.0
train,train-10473,data/extracted/KolektorSDD2/train/10473.png,data/extracted/KolektorSDD2/train/10473_GT.png,False,206,632,0,0.0
train,train-10474,data/extracted/KolektorSDD2/train/10474.png,data/extracted/KolektorSDD2/train/10474_GT.png,False,234,640,0,0.0
train,train-10475,data/extracted/KolektorSDD2/train/10475.png,data/extracted/KolektorSDD2/train/10475_GT.png,False,226,657,0,0.0
train,train-10476,data/extracted/KolektorSDD2/train/10476.png,data/extracted/KolektorSDD2/train/10476_GT.png,False,230,638,0,0.0
train,train-10477,data/extracted/KolektorSDD2/train/10477.png,data/extracted/KolektorSDD2/train/10477_GT.png,False,231,638,0,0.0
train,train-10478,data/extracted/KolektorSDD2/train/10478.png,data/extracted/KolektorSDD2/train/10478_GT.png,True,229,636,8494,0.0583202878251078
train,train-10479,data/extracted/KolektorSDD2/train/10479.png,data/extracted/KolektorSDD2/train/10479_GT.png,False,229,636,0,0.0
train,train-10480,data/extracted/KolektorSDD2/train/10480.png,data/extracted/KolektorSDD2/train/10480_GT.png,False,228,628,0,0.0
train,train-10481,data/extracted/KolektorSDD2/train/10481.png,data/extracted/KolektorSDD2/train/10481_GT.png,False,232,639,0,0.0
train,train-10482,data/extracted/KolektorSDD2/train/10482.png,data/extracted/KolektorSDD2/train/10482_GT.png,False,229,624,0,0.0
train,train-10483,data/extracted/KolektorSDD2/train/10483.png,data/extracted/KolektorSDD2/train/10483_GT.png,False,229,637,0,0.0
train,train-10484,data/extracted/KolektorSDD2/train/10484.png,data/extracted/KolektorSDD2/train/10484_GT.png,False,206,640,0,0.0
train,train-10485,data/extracted/KolektorSDD2/train/10485.png,data/extracted/KolektorSDD2/train/10485_GT.png,False,230,645,0,0.0
train,train-10486,data/extracted/KolektorSDD2/train/10486.png,data/extracted/KolektorSDD2/train/10486_GT.png,False,225,634,0,0.0
train,train-10487,data/extracted/KolektorSDD2/train/10487.png,data/extracted/KolektorSDD2/train/10487_GT.png,True,207,636,695,0.005279069060857412
train,train-10488,data/extracted/KolektorSDD2/train/10488.png,data/extracted/KolektorSDD2/train/10488_GT.png,False,230,629,0,0.0
train,train-10489,data/extracted/KolektorSDD2/train/10489.png,data/extracted/KolektorSDD2/train/10489_GT.png,False,233,642,0,0.0
train,train-10490,data/extracted/KolektorSDD2/train/10490.png,data/extracted/KolektorSDD2/train/10490_GT.png,False,229,632,0,0.0
train,train-10491,data/extracted/KolektorSDD2/train/10491.png,data/extracted/KolektorSDD2/train/10491_GT.png,False,226,635,0,0.0
train,train-10492,data/extracted/KolektorSDD2/train/10492.png,data/extracted/KolektorSDD2/train/10492_GT.png,False,229,639,0,0.0
train,train-10493,data/extracted/KolektorSDD2/train/10493.png,data/extracted/KolektorSDD2/train/10493_GT.png,False,233,643,0,0.0
train,train-10494,data/extracted/KolektorSDD2/train/10494.png,data/extracted/KolektorSDD2/train/10494_GT.png,False,230,634,0,0.0
train,train-10495,data/extracted/KolektorSDD2/train/10495.png,data/extracted/KolektorSDD2/train/10495_GT.png,False,230,635,0,0.0
train,train-10496,data/extracted/KolektorSDD2/train/10496.png,data/extracted/KolektorSDD2/train/10496_GT.png,False,228,643,0,0.0
train,train-10497,data/extracted/KolektorSDD2/train/10497.png,data/extracted/KolektorSDD2/train/10497_GT.png,False,229,638,0,0.0
train,train-10498,data/extracted/KolektorSDD2/train/10498.png,data/extracted/KolektorSDD2/train/10498_GT.png,False,231,637,0,0.0
train,train-10499,data/extracted/KolektorSDD2/train/10499.png,data/extracted/KolektorSDD2/train/10499_GT.png,True,218,648,2660,0.018829992071582285
train,train-10500,data/extracted/KolektorSDD2/train/10500.png,data/extracted/KolektorSDD2/train/10500_GT.png,False,231,637,0,0.0
train,train-10501,data/extracted/KolektorSDD2/train/10501.png,data/extracted/KolektorSDD2/train/10501_GT.png,False,229,639,0,0.0
train,train-10502,data/extracted/KolektorSDD2/train/10502.png,data/extracted/KolektorSDD2/train/10502_GT.png,True,228,645,232,0.0015775873793009655
train,train-10503,data/extracted/KolektorSDD2/train/10503.png,data/extracted/KolektorSDD2/train/10503_GT.png,False,232,633,0,0.0
train,train-10504,data/extracted/KolektorSDD2/train/10504.png,data/extracted/KolektorSDD2/train/10504_GT.png,False,230,635,0,0.0
train,train-10505,data/extracted/KolektorSDD2/train/10505.png,data/extracted/KolektorSDD2/train/10505_GT.png,False,233,646,0,0.0
train,train-10506,data/extracted/KolektorSDD2/train/10506.png,data/extracted/KolektorSDD2/train/10506_GT.png,True,231,645,959,0.006436457599248297
train,train-10507,data/extracted/KolektorSDD2/train/10507.png,data/extracted/KolektorSDD2/train/10507_GT.png,False,235,640,0,0.0
train,train-10508,data/extracted/KolektorSDD2/train/10508.png,data/extracted/KolektorSDD2/train/10508_GT.png,False,231,638,0,0.0
train,train-10509,data/extracted/KolektorSDD2/train/10509.png,data/extracted/KolektorSDD2/train/10509_GT.png,False,215,641,0,0.0
train,train-10510,data/extracted/KolektorSDD2/train/10510.png,data/extracted/KolektorSDD2/train/10510_GT.png,False,231,641,0,0.0
train,train-10511,data/extracted/KolektorSDD2/train/10511.png,data/extracted/KolektorSDD2/train/10511_GT.png,False,227,635,0,0.0
train,train-10512,data/extracted/KolektorSDD2/train/10512.png,data/extracted/KolektorSDD2/train/10512_GT.png,False,232,642,0,0.0
train,train-10513,data/extracted/KolektorSDD2/train/10513.png,data/extracted/KolektorSDD2/train/10513_GT.png,False,230,633,0,0.0
train,train-10514,data/extracted/KolektorSDD2/train/10514.png,data/extracted/KolektorSDD2/train/10514_GT.png,True,228,637,1335,0.009191935883665207
train,train-10515,data/extracted/KolektorSDD2/train/10515.png,data/extracted/KolektorSDD2/train/10515_GT.png,False,228,628,0,0.0
train,train-10516,data/extracted/KolektorSDD2/train/10516.png,data/extracted/KolektorSDD2/train/10516_GT.png,True,232,633,8360,0.056926513046794136
train,train-10517,data/extracted/KolektorSDD2/train/10517.png,data/extracted/KolektorSDD2/train/10517_GT.png,False,233,645,0,0.0
train,train-10518,data/extracted/KolektorSDD2/train/10518.png,data/extracted/KolektorSDD2/train/10518_GT.png,False,230,635,0,0.0
train,train-10519,data/extracted/KolektorSDD2/train/10519.png,data/extracted/KolektorSDD2/train/10519_GT.png,False,231,637,0,0.0
train,train-10520,data/extracted/KolektorSDD2/train/10520.png,data/extracted/KolektorSDD2/train/10520_GT.png,False,228,636,0,0.0
train,train-10521,data/extracted/KolektorSDD2/train/10521.png,data/extracted/KolektorSDD2/train/10521_GT.png,False,229,632,0,0.0
train,train-10522,data/extracted/KolektorSDD2/train/10522.png,data/extracted/KolektorSDD2/train/10522_GT.png,False,229,637,0,0.0
train,train-10523,data/extracted/KolektorSDD2/train/10523.png,data/extracted/KolektorSDD2/train/10523_GT.png,False,227,638,0,0.0
train,train-10524,data/extracted/KolektorSDD2/train/10524.png,data/extracted/KolektorSDD2/train/10524_GT.png,False,231,636,0,0.0
train,train-10525,data/extracted/KolektorSDD2/train/10525.png,data/extracted/KolektorSDD2/train/10525_GT.png,False,227,629,0,0.0
train,train-10526,data/extracted/KolektorSDD2/train/10526.png,data/extracted/KolektorSDD2/train/10526_GT.png,False,227,631,0,0.0
train,train-10527,data/extracted/KolektorSDD2/train/10527.png,data/extracted/KolektorSDD2/train/10527_GT.png,False,229,628,0,0.0
train,train-10528,data/extracted/KolektorSDD2/train/10528.png,data/extracted/KolektorSDD2/train/10528_GT.png,False,228,637,0,0.0
train,train-10529,data/extracted/KolektorSDD2/train/10529.png,data/extracted/KolektorSDD2/train/10529_GT.png,False,230,644,0,0.0
train,train-10530,data/extracted/KolektorSDD2/train/10530.png,data/extracted/KolektorSDD2/train/10530_GT.png,False,227,636,0,0.0
train,train-10531,data/extracted/KolektorSDD2/train/10531.png,data/extracted/KolektorSDD2/train/10531_GT.png,False,228,645,0,0.0
train,train-10532,data/extracted/KolektorSDD2/train/10532.png,data/extracted/KolektorSDD2/train/10532_GT.png,False,239,639,0,0.0
train,train-10533,data/extracted/KolektorSDD2/train/10533.png,data/extracted/KolektorSDD2/train/10533_GT.png,False,227,643,0,0.0
train,train-10534,data/extracted/KolektorSDD2/train/10534.png,data/extracted/KolektorSDD2/train/10534_GT.png,False,229,631,0,0.0
train,train-10535,data/extracted/KolektorSDD2/train/10535.png,data/extracted/KolektorSDD2/train/10535_GT.png,False,231,629,0,0.0
train,train-10536,data/extracted/KolektorSDD2/train/10536.png,data/extracted/KolektorSDD2/train/10536_GT.png,True,228,643,4893,0.03337562413031022
train,train-10537,data/extracted/KolektorSDD2/train/10537.png,data/extracted/KolektorSDD2/train/10537_GT.png,False,229,631,0,0.0
train,train-10538,data/extracted/KolektorSDD2/train/10538.png,data/extracted/KolektorSDD2/train/10538_GT.png,False,234,639,0,0.0
train,train-10539,data/extracted/KolektorSDD2/train/10539.png,data/extracted/KolektorSDD2/train/10539_GT.png,False,232,632,0,0.0
train,train-10540,data/extracted/KolektorSDD2/train/10540.png,data/extracted/KolektorSDD2/train/10540_GT.png,False,236,633,0,0.0
train,train-10541,data/extracted/KolektorSDD2/train/10541.png,data/extracted/KolektorSDD2/train/10541_GT.png,False,226,628,0,0.0
train,train-10542,data/extracted/KolektorSDD2/train/10542.png,data/extracted/KolektorSDD2/train/10542_GT.png,False,229,634,0,0.0
train,train-10543,data/extracted/KolektorSDD2/train/10543.png,data/extracted/KolektorSDD2/train/10543_GT.png,False,228,638,0,0.0
train,train-10544,data/extracted/KolektorSDD2/train/10544.png,data/extracted/KolektorSDD2/train/10544_GT.png,False,226,640,0,0.0
train,train-10545,data/extracted/KolektorSDD2/train/10545.png,data/extracted/KolektorSDD2/train/10545_GT.png,False,230,639,0,0.0
train,train-10546,data/extracted/KolektorSDD2/train/10546.png,data/extracted/KolektorSDD2/train/10546_GT.png,False,231,638,0,0.0
train,train-10547,data/extracted/KolektorSDD2/train/10547.png,data/extracted/KolektorSDD2/train/10547_GT.png,False,227,640,0,0.0
train,train-10548,data/extracted/KolektorSDD2/train/10548.png,data/extracted/KolektorSDD2/train/10548_GT.png,False,230,636,0,0.0
train,train-10549,data/extracted/KolektorSDD2/train/10549.png,data/extracted/KolektorSDD2/train/10549_GT.png,False,231,637,0,0.0
train,train-10550,data/extracted/KolektorSDD2/train/10550.png,data/extracted/KolektorSDD2/train/10550_GT.png,False,231,637,0,0.0
train,train-10551,data/extracted/KolektorSDD2/train/10551.png,data/extracted/KolektorSDD2/train/10551_GT.png,False,235,637,0,0.0
train,train-10552,data/extracted/KolektorSDD2/train/10552.png,data/extracted/KolektorSDD2/train/10552_GT.png,False,226,634,0,0.0
train,train-10553,data/extracted/KolektorSDD2/train/10553.png,data/extracted/KolektorSDD2/train/10553_GT.png,False,210,635,0,0.0
train,train-10554,data/extracted/KolektorSDD2/train/10554.png,data/extracted/KolektorSDD2/train/10554_GT.png,True,232,629,1261,0.008641247738610821
train,train-10555,data/extracted/KolektorSDD2/train/10555.png,data/extracted/KolektorSDD2/train/10555_GT.png,False,229,631,0,0.0
train,train-10556,data/extracted/KolektorSDD2/train/10556.png,data/extracted/KolektorSDD2/train/10556_GT.png,False,231,643,0,0.0
train,train-10557,data/extracted/KolektorSDD2/train/10557.png,data/extracted/KolektorSDD2/train/10557_GT.png,True,225,635,1434,0.010036745406824147
train,train-10558,data/extracted/KolektorSDD2/train/10558.png,data/extracted/KolektorSDD2/train/10558_GT.png,False,224,633,0,0.0
train,train-10559,data/extracted/KolektorSDD2/train/10559.png,data/extracted/KolektorSDD2/train/10559_GT.png,False,229,635,0,0.0
train,train-10560,data/extracted/KolektorSDD2/train/10560.png,data/extracted/KolektorSDD2/train/10560_GT.png,False,224,633,0,0.0
train,train-10561,data/extracted/KolektorSDD2/train/10561.png,data/extracted/KolektorSDD2/train/10561_GT.png,False,228,634,0,0.0
train,train-10562,data/extracted/KolektorSDD2/train/10562.png,data/extracted/KolektorSDD2/train/10562_GT.png,False,231,627,0,0.0
train,train-10563,data/extracted/KolektorSDD2/train/10563.png,data/extracted/KolektorSDD2/train/10563_GT.png,False,231,631,0,0.0
train,train-10564,data/extracted/KolektorSDD2/train/10564.png,data/extracted/KolektorSDD2/train/10564_GT.png,False,227,635,0,0.0
train,train-10565,data/extracted/KolektorSDD2/train/10565.png,data/extracted/KolektorSDD2/train/10565_GT.png,False,227,638,0,0.0
train,train-10566,data/extracted/KolektorSDD2/train/10566.png,data/extracted/KolektorSDD2/train/10566_GT.png,False,229,638,0,0.0
train,train-10567,data/extracted/KolektorSDD2/train/10567.png,data/extracted/KolektorSDD2/train/10567_GT.png,False,231,638,0,0.0
train,train-10568,data/extracted/KolektorSDD2/train/10568.png,data/extracted/KolektorSDD2/train/10568_GT.png,False,231,638,0,0.0
train,train-10569,data/extracted/KolektorSDD2/train/10569.png,data/extracted/KolektorSDD2/train/10569_GT.png,True,229,642,8917,0.06065243711654355
train,train-10570,data/extracted/KolektorSDD2/train/10570.png,data/extracted/KolektorSDD2/train/10570_GT.png,False,230,628,0,0.0
train,train-10571,data/extracted/KolektorSDD2/train/10571.png,data/extracted/KolektorSDD2/train/10571_GT.png,False,231,635,0,0.0
train,train-10572,data/extracted/KolektorSDD2/train/10572.png,data/extracted/KolektorSDD2/train/10572_GT.png,False,233,639,0,0.0
train,train-10573,data/extracted/KolektorSDD2/train/10573.png,data/extracted/KolektorSDD2/train/10573_GT.png,False,228,631,0,0.0
train,train-10574,data/extracted/KolektorSDD2/train/10574.png,data/extracted/KolektorSDD2/train/10574_GT.png,True,218,644,5113,0.03641945409994871
train,train-10575,data/extracted/KolektorSDD2/train/10575.png,data/extracted/KolektorSDD2/train/10575_GT.png,False,232,650,0,0.0
train,train-10576,data/extracted/KolektorSDD2/train/10576.png,data/extracted/KolektorSDD2/train/10576_GT.png,False,230,643,0,0.0
train,train-10577,data/extracted/KolektorSDD2/train/10577.png,data/extracted/KolektorSDD2/train/10577_GT.png,False,238,644,0,0.0
train,train-10578,data/extracted/KolektorSDD2/train/10578.png,data/extracted/KolektorSDD2/train/10578_GT.png,False,228,638,0,0.0
train,train-10579,data/extracted/KolektorSDD2/train/10579.png,data/extracted/KolektorSDD2/train/10579_GT.png,False,232,645,0,0.0
train,train-10580,data/extracted/KolektorSDD2/train/10580.png,data/extracted/KolektorSDD2/train/10580_GT.png,False,230,647,0,0.0
train,train-10581,data/extracted/KolektorSDD2/train/10581.png,data/extracted/KolektorSDD2/train/10581_GT.png,False,228,643,0,0.0
train,train-10582,data/extracted/KolektorSDD2/train/10582.png,data/extracted/KolektorSDD2/train/10582_GT.png,False,227,639,0,0.0
train,train-10583,data/extracted/KolektorSDD2/train/10583.png,data/extracted/KolektorSDD2/train/10583_GT.png,True,234,645,504,0.0033392963625521765
train,train-10584,data/extracted/KolektorSDD2/train/10584.png,data/extracted/KolektorSDD2/train/10584_GT.png,False,234,643,0,0.0
train,train-10585,data/extracted/KolektorSDD2/train/10585.png,data/extracted/KolektorSDD2/train/10585_GT.png,True,228,646,8076,0.05483135082287763
train,train-10586,data/extracted/KolektorSDD2/train/10586.png,data/extracted/KolektorSDD2/train/10586_GT.png,False,225,638,0,0.0
train,train-10587,data/extracted/KolektorSDD2/train/10587.png,data/extracted/KolektorSDD2/train/10587_GT.png,False,230,636,0,0.0
train,train-10588,data/extracted/KolektorSDD2/train/10588.png,data/extracted/KolektorSDD2/train/10588_GT.png,False,230,630,0,0.0
train,train-10589,data/extracted/KolektorSDD2/train/10589.png,data/extracted/KolektorSDD2/train/10589_GT.png,False,228,632,0,0.0
train,train-10590,data/extracted/KolektorSDD2/train/10590.png,data/extracted/KolektorSDD2/train/10590_GT.png,False,229,635,0,0.0
train,train-10591,data/extracted/KolektorSDD2/train/10591.png,data/extracted/KolektorSDD2/train/10591_GT.png,False,221,633,0,0.0
train,train-10592,data/extracted/KolektorSDD2/train/10592.png,data/extracted/KolektorSDD2/train/10592_GT.png,False,228,638,0,0.0
train,train-10593,data/extracted/KolektorSDD2/train/10593.png,data/extracted/KolektorSDD2/train/10593_GT.png,False,230,639,0,0.0
train,train-10594,data/extracted/KolektorSDD2/train/10594.png,data/extracted/KolektorSDD2/train/10594_GT.png,False,231,646,0,0.0
train,train-10595,data/extracted/KolektorSDD2/train/10595.png,data/extracted/KolektorSDD2/train/10595_GT.png,False,234,642,0,0.0
train,train-10596,data/extracted/KolektorSDD2/train/10596.png,data/extracted/KolektorSDD2/train/10596_GT.png,False,230,644,0,0.0
train,train-10597,data/extracted/KolektorSDD2/train/10597.png,data/extracted/KolektorSDD2/train/10597_GT.png,False,231,633,0,0.0
train,train-10598,data/extracted/KolektorSDD2/train/10598.png,data/extracted/KolektorSDD2/train/10598_GT.png,False,226,634,0,0.0
train,train-10599,data/extracted/KolektorSDD2/train/10599.png,data/extracted/KolektorSDD2/train/10599_GT.png,False,227,632,0,0.0
train,train-10600,data/extracted/KolektorSDD2/train/10600.png,data/extracted/KolektorSDD2/train/10600_GT.png,False,233,635,0,0.0
train,train-10601,data/extracted/KolektorSDD2/train/10601.png,data/extracted/KolektorSDD2/train/10601_GT.png,False,232,637,0,0.0
train,train-10602,data/extracted/KolektorSDD2/train/10602.png,data/extracted/KolektorSDD2/train/10602_GT.png,True,229,644,1428,0.009682931460034174
train,train-10603,data/extracted/KolektorSDD2/train/10603.png,data/extracted/KolektorSDD2/train/10603_GT.png,False,227,631,0,0.0
train,train-10604,data/extracted/KolektorSDD2/train/10604.png,data/extracted/KolektorSDD2/train/10604_GT.png,False,237,653,0,0.0
train,train-10605,data/extracted/KolektorSDD2/train/10605.png,data/extracted/KolektorSDD2/train/10605_GT.png,False,225,639,0,0.0
train,train-10606,data/extracted/KolektorSDD2/train/10606.png,data/extracted/KolektorSDD2/train/10606_GT.png,False,229,640,0,0.0
train,train-10607,data/extracted/KolektorSDD2/train/10607.png,data/extracted/KolektorSDD2/train/10607_GT.png,False,231,631,0,0.0
train,train-10608,data/extracted/KolektorSDD2/train/10608.png,data/extracted/KolektorSDD2/train/10608_GT.png,False,230,643,0,0.0
train,train-10609,data/extracted/KolektorSDD2/train/10609.png,data/extracted/KolektorSDD2/train/10609_GT.png,False,230,638,0,0.0
train,train-10610,data/extracted/KolektorSDD2/train/10610.png,data/extracted/KolektorSDD2/train/10610_GT.png,False,233,638,0,0.0
train,train-10611,data/extracted/KolektorSDD2/train/10611.png,data/extracted/KolektorSDD2/train/10611_GT.png,False,231,636,0,0.0
train,train-10612,data/extracted/KolektorSDD2/train/10612.png,data/extracted/KolektorSDD2/train/10612_GT.png,True,219,633,1358,0.009796071472368297
train,train-10613,data/extracted/KolektorSDD2/train/10613.png,data/extracted/KolektorSDD2/train/10613_GT.png,False,226,637,0,0.0
train,train-10614,data/extracted/KolektorSDD2/train/10614.png,data/extracted/KolektorSDD2/train/10614_GT.png,False,232,640,0,0.0
train,train-10615,data/extracted/KolektorSDD2/train/10615.png,data/extracted/KolektorSDD2/train/10615_GT.png,False,228,632,0,0.0
train,train-10616,data/extracted/KolektorSDD2/train/10616.png,data/extracted/KolektorSDD2/train/10616_GT.png,False,227,638,0,0.0
train,train-10617,data/extracted/KolektorSDD2/train/10617.png,data/extracted/KolektorSDD2/train/10617_GT.png,False,228,631,0,0.0
train,train-10618,data/extracted/KolektorSDD2/train/10618.png,data/extracted/KolektorSDD2/train/10618_GT.png,True,228,636,1738,0.011985545625068962
train,train-10619,data/extracted/KolektorSDD2/train/10619.png,data/extracted/KolektorSDD2/train/10619_GT.png,False,232,643,0,0.0
train,train-10620,data/extracted/KolektorSDD2/train/10620.png,data/extracted/KolektorSDD2/train/10620_GT.png,False,229,636,0,0.0
train,train-10621,data/extracted/KolektorSDD2/train/10621.png,data/extracted/KolektorSDD2/train/10621_GT.png,False,235,635,0,0.0
train,train-10622,data/extracted/KolektorSDD2/train/10622.png,data/extracted/KolektorSDD2/train/10622_GT.png,False,228,640,0,0.0
train,train-10623,data/extracted/KolektorSDD2/train/10623.png,data/extracted/KolektorSDD2/train/10623_GT.png,False,230,639,0,0.0
train,train-10624,data/extracted/KolektorSDD2/train/10624.png,data/extracted/KolektorSDD2/train/10624_GT.png,False,231,644,0,0.0
train,train-10625,data/extracted/KolektorSDD2/train/10625.png,data/extracted/KolektorSDD2/train/10625_GT.png,False,224,637,0,0.0
train,train-10626,data/extracted/KolektorSDD2/train/10626.png,data/extracted/KolektorSDD2/train/10626_GT.png,False,227,627,0,0.0
train,train-10627,data/extracted/KolektorSDD2/train/10627.png,data/extracted/KolektorSDD2/train/10627_GT.png,False,235,642,0,0.0
train,train-10628,data/extracted/KolektorSDD2/train/10628.png,data/extracted/KolektorSDD2/train/10628_GT.png,True,229,634,3863,0.026607248632788287
train,train-10629,data/extracted/KolektorSDD2/train/10629.png,data/extracted/KolektorSDD2/train/10629_GT.png,False,231,634,0,0.0
train,train-10630,data/extracted/KolektorSDD2/train/10630.png,data/extracted/KolektorSDD2/train/10630_GT.png,False,232,625,0,0.0
train,train-10631,data/extracted/KolektorSDD2/train/10631.png,data/extracted/KolektorSDD2/train/10631_GT.png,False,229,634,0,0.0
train,train-10632,data/extracted/KolektorSDD2/train/10632.png,data/extracted/KolektorSDD2/train/10632_GT.png,False,227,638,0,0.0
train,train-10633,data/extracted/KolektorSDD2/train/10633.png,data/extracted/KolektorSDD2/train/10633_GT.png,False,225,633,0,0.0
train,train-10634,data/extracted/KolektorSDD2/train/10634.png,data/extracted/KolektorSDD2/train/10634_GT.png,False,228,632,0,0.0
train,train-10635,data/extracted/KolektorSDD2/train/10635.png,data/extracted/KolektorSDD2/train/10635_GT.png,False,234,637,0,0.0
train,train-10636,data/extracted/KolektorSDD2/train/10636.png,data/extracted/KolektorSDD2/train/10636_GT.png,False,224,628,0,0.0
train,train-10637,data/extracted/KolektorSDD2/train/10637.png,data/extracted/KolektorSDD2/train/10637_GT.png,True,229,637,1397,0.009576823675388866
train,train-10638,data/extracted/KolektorSDD2/train/10638.png,data/extracted/KolektorSDD2/train/10638_GT.png,True,192,646,8788,0.07085268317853458
train,train-10639,data/extracted/KolektorSDD2/train/10639.png,data/extracted/KolektorSDD2/train/10639_GT.png,False,227,622,0,0.0
train,train-10640,data/extracted/KolektorSDD2/train/10640.png,data/extracted/KolektorSDD2/train/10640_GT.png,False,226,632,0,0.0
train,train-10641,data/extracted/KolektorSDD2/train/10641.png,data/extracted/KolektorSDD2/train/10641_GT.png,False,227,634,0,0.0
train,train-10642,data/extracted/KolektorSDD2/train/10642.png,data/extracted/KolektorSDD2/train/10642_GT.png,False,225,626,0,0.0
train,train-10643,data/extracted/KolektorSDD2/train/10643.png,data/extracted/KolektorSDD2/train/10643_GT.png,False,235,640,0,0.0
train,train-10644,data/extracted/KolektorSDD2/train/10644.png,data/extracted/KolektorSDD2/train/10644_GT.png,False,234,643,0,0.0
train,train-10645,data/extracted/KolektorSDD2/train/10645.png,data/extracted/KolektorSDD2/train/10645_GT.png,False,226,632,0,0.0
train,train-10646,data/extracted/KolektorSDD2/train/10646.png,data/extracted/KolektorSDD2/train/10646_GT.png,False,226,626,0,0.0
train,train-10647,data/extracted/KolektorSDD2/train/10647.png,data/extracted/KolektorSDD2/train/10647_GT.png,True,231,638,794,0.005387506954905074
train,train-10648,data/extracted/KolektorSDD2/train/10648.png,data/extracted/KolektorSDD2/train/10648_GT.png,True,228,638,231,0.001588021778584392
train,train-10649,data/extracted/KolektorSDD2/train/10649.png,data/extracted/KolektorSDD2/train/10649_GT.png,False,229,638,0,0.0
train,train-10650,data/extracted/KolektorSDD2/train/10650.png,data/extracted/KolektorSDD2/train/10650_GT.png,False,229,642,0,0.0
train,train-10651,data/extracted/KolektorSDD2/train/10651.png,data/extracted/KolektorSDD2/train/10651_GT.png,False,224,631,0,0.0
train,train-10652,data/extracted/KolektorSDD2/train/10652.png,data/extracted/KolektorSDD2/train/10652_GT.png,False,225,638,0,0.0
train,train-10653,data/extracted/KolektorSDD2/train/10653.png,data/extracted/KolektorSDD2/train/10653_GT.png,False,226,636,0,0.0
train,train-10654,data/extracted/KolektorSDD2/train/10654.png,data/extracted/KolektorSDD2/train/10654_GT.png,True,233,636,2349,0.015851485950279375
train,train-10655,data/extracted/KolektorSDD2/train/10655.png,data/extracted/KolektorSDD2/train/10655_GT.png,False,222,630,0,0.0
train,train-10656,data/extracted/KolektorSDD2/train/10656.png,data/extracted/KolektorSDD2/train/10656_GT.png,False,225,632,0,0.0
train,train-10657,data/extracted/KolektorSDD2/train/10657.png,data/extracted/KolektorSDD2/train/10657_GT.png,False,229,634,0,0.0
train,train-10658,data/extracted/KolektorSDD2/train/10658.png,data/extracted/KolektorSDD2/train/10658_GT.png,False,228,645,0,0.0
train,train-10659,data/extracted/KolektorSDD2/train/10659.png,data/extracted/KolektorSDD2/train/10659_GT.png,True,223,629,962,0.006858348720654181
train,train-10660,data/extracted/KolektorSDD2/train/10660.png,data/extracted/KolektorSDD2/train/10660_GT.png,False,232,645,0,0.0
train,train-10661,data/extracted/KolektorSDD2/train/10661.png,data/extracted/KolektorSDD2/train/10661_GT.png,True,233,624,3118,0.02144547155276769
train,train-10662,data/extracted/KolektorSDD2/train/10662.png,data/extracted/KolektorSDD2/train/10662_GT.png,False,236,640,0,0.0
train,train-10663,data/extracted/KolektorSDD2/train/10663.png,data/extracted/KolektorSDD2/train/10663_GT.png,True,237,640,1689,0.011135284810126583
train,train-10664,data/extracted/KolektorSDD2/train/10664.png,data/extracted/KolektorSDD2/train/10664_GT.png,False,230,636,0,0.0
train,train-10665,data/extracted/KolektorSDD2/train/10665.png,data/extracted/KolektorSDD2/train/10665_GT.png,False,235,640,0,0.0
train,train-10666,data/extracted/KolektorSDD2/train/10666.png,data/extracted/KolektorSDD2/train/10666_GT.png,False,237,647,0,0.0
train,train-10667,data/extracted/KolektorSDD2/train/10667.png,data/extracted/KolektorSDD2/train/10667_GT.png,False,232,626,0,0.0
train,train-10668,data/extracted/KolektorSDD2/train/10668.png,data/extracted/KolektorSDD2/train/10668_GT.png,False,232,643,0,0.0
train,train-10669,data/extracted/KolektorSDD2/train/10669.png,data/extracted/KolektorSDD2/train/10669_GT.png,False,235,628,0,0.0
train,train-10670,data/extracted/KolektorSDD2/train/10670.png,data/extracted/KolektorSDD2/train/10670_GT.png,False,233,647,0,0.0
train,train-10671,data/extracted/KolektorSDD2/train/10671.png,data/extracted/KolektorSDD2/train/10671_GT.png,False,229,630,0,0.0
train,train-10672,data/extracted/KolektorSDD2/train/10672.png,data/extracted/KolektorSDD2/train/10672_GT.png,True,238,634,3649,0.02418285926357925
train,train-10673,data/extracted/KolektorSDD2/train/10673.png,data/extracted/KolektorSDD2/train/10673_GT.png,False,227,636,0,0.0
train,train-10674,data/extracted/KolektorSDD2/train/10674.png,data/extracted/KolektorSDD2/train/10674_GT.png,False,233,636,0,0.0
train,train-10675,data/extracted/KolektorSDD2/train/10675.png,data/extracted/KolektorSDD2/train/10675_GT.png,False,228,628,0,0.0
train,train-10676,data/extracted/KolektorSDD2/train/10676.png,data/extracted/KolektorSDD2/train/10676_GT.png,False,229,647,0,0.0
train,train-10677,data/extracted/KolektorSDD2/train/10677.png,data/extracted/KolektorSDD2/train/10677_GT.png,True,235,639,64,0.0004261978490327307
train,train-10678,data/extracted/KolektorSDD2/train/10678.png,data/extracted/KolektorSDD2/train/10678_GT.png,True,221,630,2638,0.018947066005889534
train,train-10679,data/extracted/KolektorSDD2/train/10679.png,data/extracted/KolektorSDD2/train/10679_GT.png,False,224,628,0,0.0
train,train-10680,data/extracted/KolektorSDD2/train/10680.png,data/extracted/KolektorSDD2/train/10680_GT.png,False,226,639,0,0.0
train,train-10681,data/extracted/KolektorSDD2/train/10681.png,data/extracted/KolektorSDD2/train/10681_GT.png,False,228,623,0,0.0
train,train-10682,data/extracted/KolektorSDD2/train/10682.png,data/extracted/KolektorSDD2/train/10682_GT.png,False,227,639,0,0.0
train,train-10683,data/extracted/KolektorSDD2/train/10683.png,data/extracted/KolektorSDD2/train/10683_GT.png,False,231,635,0,0.0
train,train-10684,data/extracted/KolektorSDD2/train/10684.png,data/extracted/KolektorSDD2/train/10684_GT.png,False,226,639,0,0.0
train,train-10685,data/extracted/KolektorSDD2/train/10685.png,data/extracted/KolektorSDD2/train/10685_GT.png,False,230,638,0,0.0
train,train-10686,data/extracted/KolektorSDD2/train/10686.png,data/extracted/KolektorSDD2/train/10686_GT.png,False,231,637,0,0.0
train,train-10687,data/extracted/KolektorSDD2/train/10687.png,data/extracted/KolektorSDD2/train/10687_GT.png,False,234,640,0,0.0
train,train-10688,data/extracted/KolektorSDD2/train/10688.png,data/extracted/KolektorSDD2/train/10688_GT.png,False,233,649,0,0.0
train,train-10689,data/extracted/KolektorSDD2/train/10689.png,data/extracted/KolektorSDD2/train/10689_GT.png,False,233,637,0,0.0
train,train-10690,data/extracted/KolektorSDD2/train/10690.png,data/extracted/KolektorSDD2/train/10690_GT.png,False,232,644,0,0.0
train,train-10691,data/extracted/KolektorSDD2/train/10691.png,data/extracted/KolektorSDD2/train/10691_GT.png,False,231,628,0,0.0
train,train-10692,data/extracted/KolektorSDD2/train/10692.png,data/extracted/KolektorSDD2/train/10692_GT.png,False,227,641,0,0.0
train,train-10693,data/extracted/KolektorSDD2/train/10693.png,data/extracted/KolektorSDD2/train/10693_GT.png,False,225,631,0,0.0
train,train-10694,data/extracted/KolektorSDD2/train/10694.png,data/extracted/KolektorSDD2/train/10694_GT.png,False,230,637,0,0.0
train,train-10695,data/extracted/KolektorSDD2/train/10695.png,data/extracted/KolektorSDD2/train/10695_GT.png,True,227,642,1600,0.010978906775357844
train,train-10696,data/extracted/KolektorSDD2/train/10696.png,data/extracted/KolektorSDD2/train/10696_GT.png,False,227,633,0,0.0
train,train-10697,data/extracted/KolektorSDD2/train/10697.png,data/extracted/KolektorSDD2/train/10697_GT.png,False,228,642,0,0.0
train,train-10698,data/extracted/KolektorSDD2/train/10698.png,data/extracted/KolektorSDD2/train/10698_GT.png,False,229,636,0,0.0
train,train-10699,data/extracted/KolektorSDD2/train/10699.png,data/extracted/KolektorSDD2/train/10699_GT.png,False,226,631,0,0.0
train,train-10700,data/extracted/KolektorSDD2/train/10700.png,data/extracted/KolektorSDD2/train/10700_GT.png,False,231,640,0,0.0
train,train-10701,data/extracted/KolektorSDD2/train/10701.png,data/extracted/KolektorSDD2/train/10701_GT.png,False,207,634,0,0.0
train,train-10702,data/extracted/KolektorSDD2/train/10702.png,data/extracted/KolektorSDD2/train/10702_GT.png,False,232,651,0,0.0
train,train-10703,data/extracted/KolektorSDD2/train/10703.png,data/extracted/KolektorSDD2/train/10703_GT.png,False,234,653,0,0.0
train,train-10704,data/extracted/KolektorSDD2/train/10704.png,data/extracted/KolektorSDD2/train/10704_GT.png,False,225,631,0,0.0
train,train-10705,data/extracted/KolektorSDD2/train/10705.png,data/extracted/KolektorSDD2/train/10705_GT.png,False,222,641,0,0.0
train,train-10706,data/extracted/KolektorSDD2/train/10706.png,data/extracted/KolektorSDD2/train/10706_GT.png,False,231,637,0,0.0
train,train-10707,data/extracted/KolektorSDD2/train/10707.png,data/extracted/KolektorSDD2/train/10707_GT.png,True,233,639,749,0.005030660836741959
train,train-10708,data/extracted/KolektorSDD2/train/10708.png,data/extracted/KolektorSDD2/train/10708_GT.png,False,227,629,0,0.0
train,train-10709,data/extracted/KolektorSDD2/train/10709.png,data/extracted/KolektorSDD2/train/10709_GT.png,False,227,638,0,0.0
train,train-10710,data/extracted/KolektorSDD2/train/10710.png,data/extracted/KolektorSDD2/train/10710_GT.png,False,227,636,0,0.0
train,train-10711,data/extracted/KolektorSDD2/train/10711.png,data/extracted/KolektorSDD2/train/10711_GT.png,True,233,629,154,0.001050785701126524
train,train-10712,data/extracted/KolektorSDD2/train/10712.png,data/extracted/KolektorSDD2/train/10712_GT.png,True,229,637,6236,0.04274951498906583
train,train-10713,data/extracted/KolektorSDD2/train/10713.png,data/extracted/KolektorSDD2/train/10713_GT.png,False,231,640,0,0.0
train,train-10714,data/extracted/KolektorSDD2/train/10714.png,data/extracted/KolektorSDD2/train/10714_GT.png,True,230,642,606,0.004104022754977651
train,train-10715,data/extracted/KolektorSDD2/train/10715.png,data/extracted/KolektorSDD2/train/10715_GT.png,False,227,633,0,0.0
train,train-10716,data/extracted/KolektorSDD2/train/10716.png,data/extracted/KolektorSDD2/train/10716_GT.png,False,229,623,0,0.0
train,train-10717,data/extracted/KolektorSDD2/train/10717.png,data/extracted/KolektorSDD2/train/10717_GT.png,False,224,633,0,0.0
train,train-10718,data/extracted/KolektorSDD2/train/10718.png,data/extracted/KolektorSDD2/train/10718_GT.png,False,230,630,0,0.0
train,train-10719,data/extracted/KolektorSDD2/train/10719.png,data/extracted/KolektorSDD2/train/10719_GT.png,False,230,629,0,0.0
train,train-10720,data/extracted/KolektorSDD2/train/10720.png,data/extracted/KolektorSDD2/train/10720_GT.png,False,223,628,0,0.0
train,train-10721,data/extracted/KolektorSDD2/train/10721.png,data/extracted/KolektorSDD2/train/10721_GT.png,False,233,633,0,0.0
train,train-10722,data/extracted/KolektorSDD2/train/10722.png,data/extracted/KolektorSDD2/train/10722_GT.png,False,227,636,0,0.0
train,train-10723,data/extracted/KolektorSDD2/train/10723.png,data/extracted/KolektorSDD2/train/10723_GT.png,False,229,643,0,0.0
train,train-10724,data/extracted/KolektorSDD2/train/10724.png,data/extracted/KolektorSDD2/train/10724_GT.png,False,234,641,0,0.0
train,train-10725,data/extracted/KolektorSDD2/train/10725.png,data/extracted/KolektorSDD2/train/10725_GT.png,False,229,627,0,0.0
train,train-10726,data/extracted/KolektorSDD2/train/10726.png,data/extracted/KolektorSDD2/train/10726_GT.png,False,229,652,0,0.0
train,train-10727,data/extracted/KolektorSDD2/train/10727.png,data/extracted/KolektorSDD2/train/10727_GT.png,True,232,640,386,0.002599676724137931
train,train-10728,data/extracted/KolektorSDD2/train/10728.png,data/extracted/KolektorSDD2/train/10728_GT.png,False,234,638,0,0.0
train,train-10729,data/extracted/KolektorSDD2/train/10729.png,data/extracted/KolektorSDD2/train/10729_GT.png,True,232,640,500,0.003367456896551724
train,train-10730,data/extracted/KolektorSDD2/train/10730.png,data/extracted/KolektorSDD2/train/10730_GT.png,False,235,639,0,0.0
train,train-10731,data/extracted/KolektorSDD2/train/10731.png,data/extracted/KolektorSDD2/train/10731_GT.png,False,235,644,0,0.0
train,train-10732,data/extracted/KolektorSDD2/train/10732.png,data/extracted/KolektorSDD2/train/10732_GT.png,False,232,630,0,0.0
train,train-10733,data/extracted/KolektorSDD2/train/10733.png,data/extracted/KolektorSDD2/train/10733_GT.png,False,223,648,0,0.0
train,train-10734,data/extracted/KolektorSDD2/train/10734.png,data/extracted/KolektorSDD2/train/10734_GT.png,False,227,642,0,0.0
train,train-10735,data/extracted/KolektorSDD2/train/10735.png,data/extracted/KolektorSDD2/train/10735_GT.png,False,237,637,0,0.0
train,train-10736,data/extracted/KolektorSDD2/train/10736.png,data/extracted/KolektorSDD2/train/10736_GT.png,False,228,631,0,0.0
train,train-10737,data/extracted/KolektorSDD2/train/10737.png,data/extracted/KolektorSDD2/train/10737_GT.png,False,236,644,0,0.0
train,train-10738,data/extracted/KolektorSDD2/train/10738.png,data/extracted/KolektorSDD2/train/10738_GT.png,False,235,638,0,0.0
train,train-10739,data/extracted/KolektorSDD2/train/10739.png,data/extracted/KolektorSDD2/train/10739_GT.png,False,229,646,0,0.0
train,train-10740,data/extracted/KolektorSDD2/train/10740.png,data/extracted/KolektorSDD2/train/10740_GT.png,False,230,636,0,0.0
train,train-10741,data/extracted/KolektorSDD2/train/10741.png,data/extracted/KolektorSDD2/train/10741_GT.png,False,226,630,0,0.0
train,train-10742,data/extracted/KolektorSDD2/train/10742.png,data/extracted/KolektorSDD2/train/10742_GT.png,False,227,632,0,0.0
train,train-10743,data/extracted/KolektorSDD2/train/10743.png,data/extracted/KolektorSDD2/train/10743_GT.png,True,230,632,3959,0.027235828288387453
train,train-10744,data/extracted/KolektorSDD2/train/10744.png,data/extracted/KolektorSDD2/train/10744_GT.png,False,228,642,0,0.0
train,train-10745,data/extracted/KolektorSDD2/train/10745.png,data/extracted/KolektorSDD2/train/10745_GT.png,False,229,636,0,0.0
train,train-10746,data/extracted/KolektorSDD2/train/10746.png,data/extracted/KolektorSDD2/train/10746_GT.png,False,232,635,0,0.0
train,train-10747,data/extracted/KolektorSDD2/train/10747.png,data/extracted/KolektorSDD2/train/10747_GT.png,False,229,621,0,0.0
train,train-10748,data/extracted/KolektorSDD2/train/10748.png,data/extracted/KolektorSDD2/train/10748_GT.png,False,228,641,0,0.0
train,train-10749,data/extracted/KolektorSDD2/train/10749.png,data/extracted/KolektorSDD2/train/10749_GT.png,False,231,649,0,0.0
train,train-10750,data/extracted/KolektorSDD2/train/10750.png,data/extracted/KolektorSDD2/train/10750_GT.png,False,228,630,0,0.0
train,train-10751,data/extracted/KolektorSDD2/train/10751.png,data/extracted/KolektorSDD2/train/10751_GT.png,False,234,643,0,0.0
train,train-10752,data/extracted/KolektorSDD2/train/10752.png,data/extracted/KolektorSDD2/train/10752_GT.png,False,234,646,0,0.0
train,train-10753,data/extracted/KolektorSDD2/train/10753.png,data/extracted/KolektorSDD2/train/10753_GT.png,False,228,638,0,0.0
train,train-10754,data/extracted/KolektorSDD2/train/10754.png,data/extracted/KolektorSDD2/train/10754_GT.png,False,224,637,0,0.0
train,train-10755,data/extracted/KolektorSDD2/train/10755.png,data/extracted/KolektorSDD2/train/10755_GT.png,False,230,646,0,0.0
train,train-10756,data/extracted/KolektorSDD2/train/10756.png,data/extracted/KolektorSDD2/train/10756_GT.png,True,233,646,3731,0.024787733028607876
train,train-10757,data/extracted/KolektorSDD2/train/10757.png,data/extracted/KolektorSDD2/train/10757_GT.png,False,223,637,0,0.0
train,train-10758,data/extracted/KolektorSDD2/train/10758.png,data/extracted/KolektorSDD2/train/10758_GT.png,False,232,631,0,0.0
train,train-10759,data/extracted/KolektorSDD2/train/10759.png,data/extracted/KolektorSDD2/train/10759_GT.png,False,233,648,0,0.0
train,train-10760,data/extracted/KolektorSDD2/train/10760.png,data/extracted/KolektorSDD2/train/10760_GT.png,False,236,643,0,0.0
train,train-10761,data/extracted/KolektorSDD2/train/10761.png,data/extracted/KolektorSDD2/train/10761_GT.png,False,229,631,0,0.0
train,train-10762,data/extracted/KolektorSDD2/train/10762.png,data/extracted/KolektorSDD2/train/10762_GT.png,False,233,645,0,0.0
train,train-10763,data/extracted/KolektorSDD2/train/10763.png,data/extracted/KolektorSDD2/train/10763_GT.png,False,229,631,0,0.0
train,train-10764,data/extracted/KolektorSDD2/train/10764.png,data/extracted/KolektorSDD2/train/10764_GT.png,False,233,647,0,0.0
train,train-10765,data/extracted/KolektorSDD2/train/10765.png,data/extracted/KolektorSDD2/train/10765_GT.png,False,226,630,0,0.0
train,train-10766,data/extracted/KolektorSDD2/train/10766.png,data/extracted/KolektorSDD2/train/10766_GT.png,False,226,650,0,0.0
train,train-10767,data/extracted/KolektorSDD2/train/10767.png,data/extracted/KolektorSDD2/train/10767_GT.png,False,233,644,0,0.0
train,train-10768,data/extracted/KolektorSDD2/train/10768.png,data/extracted/KolektorSDD2/train/10768_GT.png,False,201,641,0,0.0
train,train-10769,data/extracted/KolektorSDD2/train/10769.png,data/extracted/KolektorSDD2/train/10769_GT.png,False,226,642,0,0.0
train,train-10770,data/extracted/KolektorSDD2/train/10770.png,data/extracted/KolektorSDD2/train/10770_GT.png,True,230,640,1187,0.008063858695652173
train,train-10771,data/extracted/KolektorSDD2/train/10771.png,data/extracted/KolektorSDD2/train/10771_GT.png,False,228,629,0,0.0
train,train-10772,data/extracted/KolektorSDD2/train/10772.png,data/extracted/KolektorSDD2/train/10772_GT.png,False,232,640,0,0.0
train,train-10773,data/extracted/KolektorSDD2/train/10773.png,data/extracted/KolektorSDD2/train/10773_GT.png,False,227,640,0,0.0
train,train-10774,data/extracted/KolektorSDD2/train/10774.png,data/extracted/KolektorSDD2/train/10774_GT.png,True,233,638,1152,0.007749539198407039
train,train-10775,data/extracted/KolektorSDD2/train/10775.png,data/extracted/KolektorSDD2/train/10775_GT.png,False,233,638,0,0.0
train,train-10776,data/extracted/KolektorSDD2/train/10776.png,data/extracted/KolektorSDD2/train/10776_GT.png,False,229,633,0,0.0
train,train-10777,data/extracted/KolektorSDD2/train/10777.png,data/extracted/KolektorSDD2/train/10777_GT.png,False,232,638,0,0.0
train,train-10778,data/extracted/KolektorSDD2/train/10778.png,data/extracted/KolektorSDD2/train/10778_GT.png,False,232,632,0,0.0
train,train-10779,data/extracted/KolektorSDD2/train/10779.png,data/extracted/KolektorSDD2/train/10779_GT.png,False,235,643,0,0.0
train,train-10780,data/extracted/KolektorSDD2/train/10780.png,data/extracted/KolektorSDD2/train/10780_GT.png,False,233,623,0,0.0
train,train-10781,data/extracted/KolektorSDD2/train/10781.png,data/extracted/KolektorSDD2/train/10781_GT.png,False,211,638,0,0.0
train,train-10782,data/extracted/KolektorSDD2/train/10782.png,data/extracted/KolektorSDD2/train/10782_GT.png,False,234,642,0,0.0
train,train-10783,data/extracted/KolektorSDD2/train/10783.png,data/extracted/KolektorSDD2/train/10783_GT.png,False,230,641,0,0.0
train,train-10784,data/extracted/KolektorSDD2/train/10784.png,data/extracted/KolektorSDD2/train/10784_GT.png,False,232,642,0,0.0
train,train-10785,data/extracted/KolektorSDD2/train/10785.png,data/extracted/KolektorSDD2/train/10785_GT.png,False,225,633,0,0.0
train,train-10786,data/extracted/KolektorSDD2/train/10786.png,data/extracted/KolektorSDD2/train/10786_GT.png,False,221,639,0,0.0
train,train-10787,data/extracted/KolektorSDD2/train/10787.png,data/extracted/KolektorSDD2/train/10787_GT.png,False,229,638,0,0.0
train,train-10788,data/extracted/KolektorSDD2/train/10788.png,data/extracted/KolektorSDD2/train/10788_GT.png,False,234,647,0,0.0
train,train-10789,data/extracted/KolektorSDD2/train/10789.png,data/extracted/KolektorSDD2/train/10789_GT.png,False,236,645,0,0.0
train,train-10790,data/extracted/KolektorSDD2/train/10790.png,data/extracted/KolektorSDD2/train/10790_GT.png,False,227,630,0,0.0
train,train-10791,data/extracted/KolektorSDD2/train/10791.png,data/extracted/KolektorSDD2/train/10791_GT.png,False,231,638,0,0.0
train,train-10792,data/extracted/KolektorSDD2/train/10792.png,data/extracted/KolektorSDD2/train/10792_GT.png,False,233,636,0,0.0
train,train-10793,data/extracted/KolektorSDD2/train/10793.png,data/extracted/KolektorSDD2/train/10793_GT.png,False,229,635,0,0.0
train,train-10794,data/extracted/KolektorSDD2/train/10794.png,data/extracted/KolektorSDD2/train/10794_GT.png,False,226,632,0,0.0
train,train-10795,data/extracted/KolektorSDD2/train/10795.png,data/extracted/KolektorSDD2/train/10795_GT.png,False,229,652,0,0.0
train,train-10796,data/extracted/KolektorSDD2/train/10796.png,data/extracted/KolektorSDD2/train/10796_GT.png,False,214,638,0,0.0
train,train-10797,data/extracted/KolektorSDD2/train/10797.png,data/extracted/KolektorSDD2/train/10797_GT.png,True,220,632,5271,0.037909953970080554
train,train-10798,data/extracted/KolektorSDD2/train/10798.png,data/extracted/KolektorSDD2/train/10798_GT.png,False,235,649,0,0.0
train,train-10799,data/extracted/KolektorSDD2/train/10799.png,data/extracted/KolektorSDD2/train/10799_GT.png,False,232,641,0,0.0
train,train-10800,data/extracted/KolektorSDD2/train/10800.png,data/extracted/KolektorSDD2/train/10800_GT.png,False,228,638,0,0.0
train,train-10801,data/extracted/KolektorSDD2/train/10801.png,data/extracted/KolektorSDD2/train/10801_GT.png,False,237,644,0,0.0
train,train-10802,data/extracted/KolektorSDD2/train/10802.png,data/extracted/KolektorSDD2/train/10802_GT.png,False,236,647,0,0.0
train,train-10803,data/extracted/KolektorSDD2/train/10803.png,data/extracted/KolektorSDD2/train/10803_GT.png,False,229,639,0,0.0
train,train-10804,data/extracted/KolektorSDD2/train/10804.png,data/extracted/KolektorSDD2/train/10804_GT.png,False,226,634,0,0.0
train,train-10805,data/extracted/KolektorSDD2/train/10805.png,data/extracted/KolektorSDD2/train/10805_GT.png,False,205,634,0,0.0
train,train-10806,data/extracted/KolektorSDD2/train/10806.png,data/extracted/KolektorSDD2/train/10806_GT.png,False,232,638,0,0.0
train,train-10807,data/extracted/KolektorSDD2/train/10807.png,data/extracted/KolektorSDD2/train/10807_GT.png,False,232,639,0,0.0
train,train-10808,data/extracted/KolektorSDD2/train/10808.png,data/extracted/KolektorSDD2/train/10808_GT.png,True,226,631,1802,0.012636214465029522
train,train-10809,data/extracted/KolektorSDD2/train/10809.png,data/extracted/KolektorSDD2/train/10809_GT.png,False,226,635,0,0.0
train,train-10810,data/extracted/KolektorSDD2/train/10810.png,data/extracted/KolektorSDD2/train/10810_GT.png,False,235,640,0,0.0
train,train-10811,data/extracted/KolektorSDD2/train/10811.png,data/extracted/KolektorSDD2/train/10811_GT.png,False,232,641,0,0.0
train,train-10812,data/extracted/KolektorSDD2/train/10812.png,data/extracted/KolektorSDD2/train/10812_GT.png,False,228,630,0,0.0
train,train-10813,data/extracted/KolektorSDD2/train/10813.png,data/extracted/KolektorSDD2/train/10813_GT.png,False,233,630,0,0.0
train,train-10814,data/extracted/KolektorSDD2/train/10814.png,data/extracted/KolektorSDD2/train/10814_GT.png,False,226,632,0,0.0
train,train-10815,data/extracted/KolektorSDD2/train/10815.png,data/extracted/KolektorSDD2/train/10815_GT.png,False,232,639,0,0.0
train,train-10816,data/extracted/KolektorSDD2/train/10816.png,data/extracted/KolektorSDD2/train/10816_GT.png,False,205,632,0,0.0
train,train-10817,data/extracted/KolektorSDD2/train/10817.png,data/extracted/KolektorSDD2/train/10817_GT.png,False,227,625,0,0.0
train,train-10818,data/extracted/KolektorSDD2/train/10818.png,data/extracted/KolektorSDD2/train/10818_GT.png,False,226,633,0,0.0
train,train-10819,data/extracted/KolektorSDD2/train/10819.png,data/extracted/KolektorSDD2/train/10819_GT.png,False,227,645,0,0.0
train,train-10820,data/extracted/KolektorSDD2/train/10820.png,data/extracted/KolektorSDD2/train/10820_GT.png,False,222,634,0,0.0
train,train-10821,data/extracted/KolektorSDD2/train/10821.png,data/extracted/KolektorSDD2/train/10821_GT.png,True,228,634,7466,0.05164923349382921
train,train-10822,data/extracted/KolektorSDD2/train/10822.png,data/extracted/KolektorSDD2/train/10822_GT.png,False,231,636,0,0.0
train,train-10823,data/extracted/KolektorSDD2/train/10823.png,data/extracted/KolektorSDD2/train/10823_GT.png,False,235,631,0,0.0
train,train-10824,data/extracted/KolektorSDD2/train/10824.png,data/extracted/KolektorSDD2/train/10824_GT.png,False,233,636,0,0.0
train,train-10825,data/extracted/KolektorSDD2/train/10825.png,data/extracted/KolektorSDD2/train/10825_GT.png,False,230,641,0,0.0
train,train-10826,data/extracted/KolektorSDD2/train/10826.png,data/extracted/KolektorSDD2/train/10826_GT.png,False,225,638,0,0.0
train,train-10827,data/extracted/KolektorSDD2/train/10827.png,data/extracted/KolektorSDD2/train/10827_GT.png,False,225,641,0,0.0
train,train-10828,data/extracted/KolektorSDD2/train/10828.png,data/extracted/KolektorSDD2/train/10828_GT.png,False,241,649,0,0.0
train,train-10829,data/extracted/KolektorSDD2/train/10829.png,data/extracted/KolektorSDD2/train/10829_GT.png,False,229,629,0,0.0
train,train-10830,data/extracted/KolektorSDD2/train/10830.png,data/extracted/KolektorSDD2/train/10830_GT.png,False,230,646,0,0.0
train,train-10831,data/extracted/KolektorSDD2/train/10831.png,data/extracted/KolektorSDD2/train/10831_GT.png,False,226,630,0,0.0
train,train-10832,data/extracted/KolektorSDD2/train/10832.png,data/extracted/KolektorSDD2/train/10832_GT.png,False,229,628,0,0.0
train,train-10833,data/extracted/KolektorSDD2/train/10833.png,data/extracted/KolektorSDD2/train/10833_GT.png,False,231,634,0,0.0
train,train-10834,data/extracted/KolektorSDD2/train/10834.png,data/extracted/KolektorSDD2/train/10834_GT.png,False,226,625,0,0.0
train,train-10835,data/extracted/KolektorSDD2/train/10835.png,data/extracted/KolektorSDD2/train/10835_GT.png,False,224,635,0,0.0
train,train-10836,data/extracted/KolektorSDD2/train/10836.png,data/extracted/KolektorSDD2/train/10836_GT.png,False,229,637,0,0.0
train,train-10837,data/extracted/KolektorSDD2/train/10837.png,data/extracted/KolektorSDD2/train/10837_GT.png,False,226,632,0,0.0
train,train-10838,data/extracted/KolektorSDD2/train/10838.png,data/extracted/KolektorSDD2/train/10838_GT.png,False,231,641,0,0.0
train,train-10839,data/extracted/KolektorSDD2/train/10839.png,data/extracted/KolektorSDD2/train/10839_GT.png,False,234,640,0,0.0
train,train-10840,data/extracted/KolektorSDD2/train/10840.png,data/extracted/KolektorSDD2/train/10840_GT.png,False,240,637,0,0.0
train,train-10841,data/extracted/KolektorSDD2/train/10841.png,data/extracted/KolektorSDD2/train/10841_GT.png,False,227,636,0,0.0
train,train-10842,data/extracted/KolektorSDD2/train/10842.png,data/extracted/KolektorSDD2/train/10842_GT.png,False,223,631,0,0.0
train,train-10843,data/extracted/KolektorSDD2/train/10843.png,data/extracted/KolektorSDD2/train/10843_GT.png,False,231,633,0,0.0
train,train-10844,data/extracted/KolektorSDD2/train/10844.png,data/extracted/KolektorSDD2/train/10844_GT.png,True,227,640,78,0.0005368942731277533
train,train-10845,data/extracted/KolektorSDD2/train/10845.png,data/extracted/KolektorSDD2/train/10845_GT.png,True,231,635,2097,0.014295940280192248
train,train-10846,data/extracted/KolektorSDD2/train/10846.png,data/extracted/KolektorSDD2/train/10846_GT.png,True,231,642,7403,0.04991840973149384
train,train-10847,data/extracted/KolektorSDD2/train/10847.png,data/extracted/KolektorSDD2/train/10847_GT.png,False,227,645,0,0.0
train,train-10848,data/extracted/KolektorSDD2/train/10848.png,data/extracted/KolektorSDD2/train/10848_GT.png,False,233,638,0,0.0
train,train-10849,data/extracted/KolektorSDD2/train/10849.png,data/extracted/KolektorSDD2/train/10849_GT.png,True,231,633,2534,0.017329695054813538
train,train-10850,data/extracted/KolektorSDD2/train/10850.png,data/extracted/KolektorSDD2/train/10850_GT.png,False,232,644,0,0.0
train,train-10851,data/extracted/KolektorSDD2/train/10851.png,data/extracted/KolektorSDD2/train/10851_GT.png,False,232,644,0,0.0
train,train-10852,data/extracted/KolektorSDD2/train/10852.png,data/extracted/KolektorSDD2/train/10852_GT.png,False,232,642,0,0.0
train,train-10853,data/extracted/KolektorSDD2/train/10853.png,data/extracted/KolektorSDD2/train/10853_GT.png,False,224,644,0,0.0
train,train-10854,data/extracted/KolektorSDD2/train/10854.png,data/extracted/KolektorSDD2/train/10854_GT.png,False,235,645,0,0.0
train,train-10855,data/extracted/KolektorSDD2/train/10855.png,data/extracted/KolektorSDD2/train/10855_GT.png,False,226,634,0,0.0
train,train-10856,data/extracted/KolektorSDD2/train/10856.png,data/extracted/KolektorSDD2/train/10856_GT.png,False,231,636,0,0.0
train,train-10857,data/extracted/KolektorSDD2/train/10857.png,data/extracted/KolektorSDD2/train/10857_GT.png,False,227,624,0,0.0
train,train-10858,data/extracted/KolektorSDD2/train/10858.png,data/extracted/KolektorSDD2/train/10858_GT.png,False,227,637,0,0.0
train,train-10859,data/extracted/KolektorSDD2/train/10859.png,data/extracted/KolektorSDD2/train/10859_GT.png,False,233,635,0,0.0
train,train-10860,data/extracted/KolektorSDD2/train/10860.png,data/extracted/KolektorSDD2/train/10860_GT.png,False,226,637,0,0.0
train,train-10861,data/extracted/KolektorSDD2/train/10861.png,data/extracted/KolektorSDD2/train/10861_GT.png,False,223,637,0,0.0
train,train-10862,data/extracted/KolektorSDD2/train/10862.png,data/extracted/KolektorSDD2/train/10862_GT.png,False,222,636,0,0.0
train,train-10863,data/extracted/KolektorSDD2/train/10863.png,data/extracted/KolektorSDD2/train/10863_GT.png,False,225,633,0,0.0
train,train-10864,data/extracted/KolektorSDD2/train/10864.png,data/extracted/KolektorSDD2/train/10864_GT.png,False,233,634,0,0.0
train,train-10865,data/extracted/KolektorSDD2/train/10865.png,data/extracted/KolektorSDD2/train/10865_GT.png,False,227,635,0,0.0
train,train-10866,data/extracted/KolektorSDD2/train/10866.png,data/extracted/KolektorSDD2/train/10866_GT.png,False,225,633,0,0.0
train,train-10867,data/extracted/KolektorSDD2/train/10867.png,data/extracted/KolektorSDD2/train/10867_GT.png,False,226,641,0,0.0
train,train-10868,data/extracted/KolektorSDD2/train/10868.png,data/extracted/KolektorSDD2/train/10868_GT.png,False,228,630,0,0.0
train,train-10869,data/extracted/KolektorSDD2/train/10869.png,data/extracted/KolektorSDD2/train/10869_GT.png,True,230,643,5165,0.03492460612617486
train,train-10870,data/extracted/KolektorSDD2/train/10870.png,data/extracted/KolektorSDD2/train/10870_GT.png,False,229,633,0,0.0
train,train-10871,data/extracted/KolektorSDD2/train/10871.png,data/extracted/KolektorSDD2/train/10871_GT.png,False,210,638,0,0.0
train,train-10872,data/extracted/KolektorSDD2/train/10872.png,data/extracted/KolektorSDD2/train/10872_GT.png,False,229,639,0,0.0
train,train-10873,data/extracted/KolektorSDD2/train/10873.png,data/extracted/KolektorSDD2/train/10873_GT.png,False,228,628,0,0.0
train,train-10874,data/extracted/KolektorSDD2/train/10874.png,data/extracted/KolektorSDD2/train/10874_GT.png,True,229,638,92,0.0006296970609574133
train,train-10875,data/extracted/KolektorSDD2/train/10875.png,data/extracted/KolektorSDD2/train/10875_GT.png,False,229,604,0,0.0
train,train-10876,data/extracted/KolektorSDD2/train/10876.png,data/extracted/KolektorSDD2/train/10876_GT.png,False,235,648,0,0.0
train,train-10877,data/extracted/KolektorSDD2/train/10877.png,data/extracted/KolektorSDD2/train/10877_GT.png,False,232,640,0,0.0
train,train-10878,data/extracted/KolektorSDD2/train/10878.png,data/extracted/KolektorSDD2/train/10878_GT.png,False,233,642,0,0.0
train,train-10879,data/extracted/KolektorSDD2/train/10879.png,data/extracted/KolektorSDD2/train/10879_GT.png,False,216,651,0,0.0
train,train-10880,data/extracted/KolektorSDD2/train/10880.png,data/extracted/KolektorSDD2/train/10880_GT.png,False,225,634,0,0.0
train,train-10881,data/extracted/KolektorSDD2/train/10881.png,data/extracted/KolektorSDD2/train/10881_GT.png,False,228,635,0,0.0
train,train-10882,data/extracted/KolektorSDD2/train/10882.png,data/extracted/KolektorSDD2/train/10882_GT.png,False,228,636,0,0.0
train,train-10883,data/extracted/KolektorSDD2/train/10883.png,data/extracted/KolektorSDD2/train/10883_GT.png,False,231,636,0,0.0
train,train-10884,data/extracted/KolektorSDD2/train/10884.png,data/extracted/KolektorSDD2/train/10884_GT.png,False,236,634,0,0.0
train,train-10885,data/extracted/KolektorSDD2/train/10885.png,data/extracted/KolektorSDD2/train/10885_GT.png,False,226,637,0,0.0
train,train-10886,data/extracted/KolektorSDD2/train/10886.png,data/extracted/KolektorSDD2/train/10886_GT.png,False,233,641,0,0.0
train,train-10887,data/extracted/KolektorSDD2/train/10887.png,data/extracted/KolektorSDD2/train/10887_GT.png,False,229,650,0,0.0
train,train-10888,data/extracted/KolektorSDD2/train/10888.png,data/extracted/KolektorSDD2/train/10888_GT.png,False,234,639,0,0.0
train,train-10889,data/extracted/KolektorSDD2/train/10889.png,data/extracted/KolektorSDD2/train/10889_GT.png,False,226,638,0,0.0
train,train-10890,data/extracted/KolektorSDD2/train/10890.png,data/extracted/KolektorSDD2/train/10890_GT.png,False,235,646,0,0.0
train,train-10891,data/extracted/KolektorSDD2/train/10891.png,data/extracted/KolektorSDD2/train/10891_GT.png,False,232,634,0,0.0
train,train-10892,data/extracted/KolektorSDD2/train/10892.png,data/extracted/KolektorSDD2/train/10892_GT.png,False,231,633,0,0.0
train,train-10893,data/extracted/KolektorSDD2/train/10893.png,data/extracted/KolektorSDD2/train/10893_GT.png,True,227,634,1202,0.008351978209813923
train,train-10894,data/extracted/KolektorSDD2/train/10894.png,data/extracted/KolektorSDD2/train/10894_GT.png,False,220,625,0,0.0
train,train-10895,data/extracted/KolektorSDD2/train/10895.png,data/extracted/KolektorSDD2/train/10895_GT.png,False,226,642,0,0.0
train,train-10896,data/extracted/KolektorSDD2/train/10896.png,data/extracted/KolektorSDD2/train/10896_GT.png,False,229,644,0,0.0
train,train-10897,data/extracted/KolektorSDD2/train/10897.png,data/extracted/KolektorSDD2/train/10897_GT.png,False,232,641,0,0.0
train,train-10898,data/extracted/KolektorSDD2/train/10898.png,data/extracted/KolektorSDD2/train/10898_GT.png,False,229,644,0,0.0
train,train-10899,data/extracted/KolektorSDD2/train/10899.png,data/extracted/KolektorSDD2/train/10899_GT.png,False,232,640,0,0.0
train,train-10900,data/extracted/KolektorSDD2/train/10900.png,data/extracted/KolektorSDD2/train/10900_GT.png,True,238,642,940,0.006151993507683447
train,train-10901,data/extracted/KolektorSDD2/train/10901.png,data/extracted/KolektorSDD2/train/10901_GT.png,False,227,633,0,0.0
train,train-10902,data/extracted/KolektorSDD2/train/10902.png,data/extracted/KolektorSDD2/train/10902_GT.png,False,230,637,0,0.0
train,train-10903,data/extracted/KolektorSDD2/train/10903.png,data/extracted/KolektorSDD2/train/10903_GT.png,False,229,639,0,0.0
train,train-10904,data/extracted/KolektorSDD2/train/10904.png,data/extracted/KolektorSDD2/train/10904_GT.png,False,234,635,0,0.0
train,train-10905,data/extracted/KolektorSDD2/train/10905.png,data/extracted/KolektorSDD2/train/10905_GT.png,True,228,636,1906,0.013144102394350656
train,train-10906,data/extracted/KolektorSDD2/train/10906.png,data/extracted/KolektorSDD2/train/10906_GT.png,False,225,627,0,0.0
train,train-10907,data/extracted/KolektorSDD2/train/10907.png,data/extracted/KolektorSDD2/train/10907_GT.png,True,226,634,24633,0.17191731107450936
train,train-10908,data/extracted/KolektorSDD2/train/10908.png,data/extracted/KolektorSDD2/train/10908_GT.png,False,231,638,0,0.0
train,train-10909,data/extracted/KolektorSDD2/train/10909.png,data/extracted/KolektorSDD2/train/10909_GT.png,False,228,640,0,0.0
train,train-10910,data/extracted/KolektorSDD2/train/10910.png,data/extracted/KolektorSDD2/train/10910_GT.png,False,234,630,0,0.0
train,train-10911,data/extracted/KolektorSDD2/train/10911.png,data/extracted/KolektorSDD2/train/10911_GT.png,False,231,645,0,0.0
train,train-10912,data/extracted/KolektorSDD2/train/10912.png,data/extracted/KolektorSDD2/train/10912_GT.png,False,229,638,0,0.0
train,train-10913,data/extracted/KolektorSDD2/train/10913.png,data/extracted/KolektorSDD2/train/10913_GT.png,False,233,632,0,0.0
train,train-10914,data/extracted/KolektorSDD2/train/10914.png,data/extracted/KolektorSDD2/train/10914_GT.png,False,229,639,0,0.0
train,train-10915,data/extracted/KolektorSDD2/train/10915.png,data/extracted/KolektorSDD2/train/10915_GT.png,False,206,636,0,0.0
train,train-10916,data/extracted/KolektorSDD2/train/10916.png,data/extracted/KolektorSDD2/train/10916_GT.png,False,231,633,0,0.0
train,train-10917,data/extracted/KolektorSDD2/train/10917.png,data/extracted/KolektorSDD2/train/10917_GT.png,False,224,620,0,0.0
train,train-10918,data/extracted/KolektorSDD2/train/10918.png,data/extracted/KolektorSDD2/train/10918_GT.png,False,224,636,0,0.0
train,train-10919,data/extracted/KolektorSDD2/train/10919.png,data/extracted/KolektorSDD2/train/10919_GT.png,False,227,633,0,0.0
train,train-10920,data/extracted/KolektorSDD2/train/10920.png,data/extracted/KolektorSDD2/train/10920_GT.png,False,232,648,0,0.0
train,train-10921,data/extracted/KolektorSDD2/train/10921.png,data/extracted/KolektorSDD2/train/10921_GT.png,False,228,632,0,0.0
train,train-10922,data/extracted/KolektorSDD2/train/10922.png,data/extracted/KolektorSDD2/train/10922_GT.png,False,233,631,0,0.0
train,train-10923,data/extracted/KolektorSDD2/train/10923.png,data/extracted/KolektorSDD2/train/10923_GT.png,False,223,634,0,0.0
train,train-10924,data/extracted/KolektorSDD2/train/10924.png,data/extracted/KolektorSDD2/train/10924_GT.png,False,227,638,0,0.0
train,train-10925,data/extracted/KolektorSDD2/train/10925.png,data/extracted/KolektorSDD2/train/10925_GT.png,False,233,643,0,0.0
train,train-10926,data/extracted/KolektorSDD2/train/10926.png,data/extracted/KolektorSDD2/train/10926_GT.png,False,227,632,0,0.0
train,train-10927,data/extracted/KolektorSDD2/train/10927.png,data/extracted/KolektorSDD2/train/10927_GT.png,False,231,633,0,0.0
train,train-10928,data/extracted/KolektorSDD2/train/10928.png,data/extracted/KolektorSDD2/train/10928_GT.png,False,229,633,0,0.0
train,train-10929,data/extracted/KolektorSDD2/train/10929.png,data/extracted/KolektorSDD2/train/10929_GT.png,False,230,632,0,0.0
train,train-10930,data/extracted/KolektorSDD2/train/10930.png,data/extracted/KolektorSDD2/train/10930_GT.png,False,231,648,0,0.0
train,train-10931,data/extracted/KolektorSDD2/train/10931.png,data/extracted/KolektorSDD2/train/10931_GT.png,False,226,625,0,0.0
train,train-10932,data/extracted/KolektorSDD2/train/10932.png,data/extracted/KolektorSDD2/train/10932_GT.png,False,227,642,0,0.0
train,train-10933,data/extracted/KolektorSDD2/train/10933.png,data/extracted/KolektorSDD2/train/10933_GT.png,False,227,631,0,0.0
train,train-10934,data/extracted/KolektorSDD2/train/10934.png,data/extracted/KolektorSDD2/train/10934_GT.png,False,229,638,0,0.0
train,train-10935,data/extracted/KolektorSDD2/train/10935.png,data/extracted/KolektorSDD2/train/10935_GT.png,False,239,642,0,0.0
train,train-10936,data/extracted/KolektorSDD2/train/10936.png,data/extracted/KolektorSDD2/train/10936_GT.png,False,235,637,0,0.0
train,train-10937,data/extracted/KolektorSDD2/train/10937.png,data/extracted/KolektorSDD2/train/10937_GT.png,False,227,612,0,0.0
train,train-10938,data/extracted/KolektorSDD2/train/10938.png,data/extracted/KolektorSDD2/train/10938_GT.png,False,232,643,0,0.0
train,train-10939,data/extracted/KolektorSDD2/train/10939.png,data/extracted/KolektorSDD2/train/10939_GT.png,False,236,638,0,0.0
train,train-10940,data/extracted/KolektorSDD2/train/10940.png,data/extracted/KolektorSDD2/train/10940_GT.png,False,233,639,0,0.0
train,train-10941,data/extracted/KolektorSDD2/train/10941.png,data/extracted/KolektorSDD2/train/10941_GT.png,False,232,646,0,0.0
train,train-10942,data/extracted/KolektorSDD2/train/10942.png,data/extracted/KolektorSDD2/train/10942_GT.png,False,214,643,0,0.0
train,train-10943,data/extracted/KolektorSDD2/train/10943.png,data/extracted/KolektorSDD2/train/10943_GT.png,False,226,637,0,0.0
train,train-10944,data/extracted/KolektorSDD2/train/10944.png,data/extracted/KolektorSDD2/train/10944_GT.png,False,226,636,0,0.0
train,train-10945,data/extracted/KolektorSDD2/train/10945.png,data/extracted/KolektorSDD2/train/10945_GT.png,False,230,636,0,0.0
train,train-10946,data/extracted/KolektorSDD2/train/10946.png,data/extracted/KolektorSDD2/train/10946_GT.png,False,234,640,0,0.0
train,train-10947,data/extracted/KolektorSDD2/train/10947.png,data/extracted/KolektorSDD2/train/10947_GT.png,False,228,635,0,0.0
train,train-10948,data/extracted/KolektorSDD2/train/10948.png,data/extracted/KolektorSDD2/train/10948_GT.png,False,223,627,0,0.0
train,train-10949,data/extracted/KolektorSDD2/train/10949.png,data/extracted/KolektorSDD2/train/10949_GT.png,False,231,643,0,0.0
train,train-10950,data/extracted/KolektorSDD2/train/10950.png,data/extracted/KolektorSDD2/train/10950_GT.png,False,230,636,0,0.0
train,train-10951,data/extracted/KolektorSDD2/train/10951.png,data/extracted/KolektorSDD2/train/10951_GT.png,True,227,636,1731,0.011989859529548666
train,train-10952,data/extracted/KolektorSDD2/train/10952.png,data/extracted/KolektorSDD2/train/10952_GT.png,True,228,643,14727,0.10045428501268724
train,train-10953,data/extracted/KolektorSDD2/train/10953.png,data/extracted/KolektorSDD2/train/10953_GT.png,False,228,643,0,0.0
train,train-10954,data/extracted/KolektorSDD2/train/10954.png,data/extracted/KolektorSDD2/train/10954_GT.png,False,226,631,0,0.0
train,train-10955,data/extracted/KolektorSDD2/train/10955.png,data/extracted/KolektorSDD2/train/10955_GT.png,False,228,638,0,0.0
train,train-10956,data/extracted/KolektorSDD2/train/10956.png,data/extracted/KolektorSDD2/train/10956_GT.png,False,224,632,0,0.0
train,train-10957,data/extracted/KolektorSDD2/train/10957.png,data/extracted/KolektorSDD2/train/10957_GT.png,False,199,634,0,0.0
train,train-10958,data/extracted/KolektorSDD2/train/10958.png,data/extracted/KolektorSDD2/train/10958_GT.png,False,226,637,0,0.0
train,train-10959,data/extracted/KolektorSDD2/train/10959.png,data/extracted/KolektorSDD2/train/10959_GT.png,False,229,641,0,0.0
train,train-10960,data/extracted/KolektorSDD2/train/10960.png,data/extracted/KolektorSDD2/train/10960_GT.png,False,224,629,0,0.0
train,train-10961,data/extracted/KolektorSDD2/train/10961.png,data/extracted/KolektorSDD2/train/10961_GT.png,False,240,641,0,0.0
train,train-10962,data/extracted/KolektorSDD2/train/10962.png,data/extracted/KolektorSDD2/train/10962_GT.png,False,224,631,0,0.0
train,train-10963,data/extracted/KolektorSDD2/train/10963.png,data/extracted/KolektorSDD2/train/10963_GT.png,False,225,642,0,0.0
train,train-10964,data/extracted/KolektorSDD2/train/10964.png,data/extracted/KolektorSDD2/train/10964_GT.png,False,233,644,0,0.0
train,train-10965,data/extracted/KolektorSDD2/train/10965.png,data/extracted/KolektorSDD2/train/10965_GT.png,False,235,633,0,0.0
train,train-10966,data/extracted/KolektorSDD2/train/10966.png,data/extracted/KolektorSDD2/train/10966_GT.png,False,232,634,0,0.0
train,train-10967,data/extracted/KolektorSDD2/train/10967.png,data/extracted/KolektorSDD2/train/10967_GT.png,False,236,649,0,0.0
train,train-10968,data/extracted/KolektorSDD2/train/10968.png,data/extracted/KolektorSDD2/train/10968_GT.png,False,226,644,0,0.0
train,train-10969,data/extracted/KolektorSDD2/train/10969.png,data/extracted/KolektorSDD2/train/10969_GT.png,False,235,638,0,0.0
train,train-10970,data/extracted/KolektorSDD2/train/10970.png,data/extracted/KolektorSDD2/train/10970_GT.png,False,234,655,0,0.0
train,train-10971,data/extracted/KolektorSDD2/train/10971.png,data/extracted/KolektorSDD2/train/10971_GT.png,False,233,630,0,0.0
train,train-10972,data/extracted/KolektorSDD2/train/10972.png,data/extracted/KolektorSDD2/train/10972_GT.png,False,233,635,0,0.0
train,train-10973,data/extracted/KolektorSDD2/train/10973.png,data/extracted/KolektorSDD2/train/10973_GT.png,False,232,634,0,0.0
train,train-10974,data/extracted/KolektorSDD2/train/10974.png,data/extracted/KolektorSDD2/train/10974_GT.png,False,226,635,0,0.0
train,train-10975,data/extracted/KolektorSDD2/train/10975.png,data/extracted/KolektorSDD2/train/10975_GT.png,False,232,639,0,0.0
train,train-10976,data/extracted/KolektorSDD2/train/10976.png,data/extracted/KolektorSDD2/train/10976_GT.png,False,237,630,0,0.0
train,train-10977,data/extracted/KolektorSDD2/train/10977.png,data/extracted/KolektorSDD2/train/10977_GT.png,False,225,634,0,0.0
train,train-10978,data/extracted/KolektorSDD2/train/10978.png,data/extracted/KolektorSDD2/train/10978_GT.png,False,235,631,0,0.0
train,train-10979,data/extracted/KolektorSDD2/train/10979.png,data/extracted/KolektorSDD2/train/10979_GT.png,False,227,641,0,0.0
train,train-10980,data/extracted/KolektorSDD2/train/10980.png,data/extracted/KolektorSDD2/train/10980_GT.png,False,236,638,0,0.0
train,train-10981,data/extracted/KolektorSDD2/train/10981.png,data/extracted/KolektorSDD2/train/10981_GT.png,False,235,631,0,0.0
train,train-10982,data/extracted/KolektorSDD2/train/10982.png,data/extracted/KolektorSDD2/train/10982_GT.png,False,229,636,0,0.0
train,train-10983,data/extracted/KolektorSDD2/train/10983.png,data/extracted/KolektorSDD2/train/10983_GT.png,False,231,634,0,0.0
train,train-10984,data/extracted/KolektorSDD2/train/10984.png,data/extracted/KolektorSDD2/train/10984_GT.png,False,236,641,0,0.0
train,train-10985,data/extracted/KolektorSDD2/train/10985.png,data/extracted/KolektorSDD2/train/10985_GT.png,False,234,640,0,0.0
train,train-10986,data/extracted/KolektorSDD2/train/10986.png,data/extracted/KolektorSDD2/train/10986_GT.png,False,229,631,0,0.0
train,train-10987,data/extracted/KolektorSDD2/train/10987.png,data/extracted/KolektorSDD2/train/10987_GT.png,False,214,645,0,0.0
train,train-10988,data/extracted/KolektorSDD2/train/10988.png,data/extracted/KolektorSDD2/train/10988_GT.png,False,232,641,0,0.0
train,train-10989,data/extracted/KolektorSDD2/train/10989.png,data/extracted/KolektorSDD2/train/10989_GT.png,False,225,640,0,0.0
train,train-10990,data/extracted/KolektorSDD2/train/10990.png,data/extracted/KolektorSDD2/train/10990_GT.png,False,229,629,0,0.0
train,train-10991,data/extracted/KolektorSDD2/train/10991.png,data/extracted/KolektorSDD2/train/10991_GT.png,False,231,636,0,0.0
train,train-10992,data/extracted/KolektorSDD2/train/10992.png,data/extracted/KolektorSDD2/train/10992_GT.png,False,232,632,0,0.0
train,train-10993,data/extracted/KolektorSDD2/train/10993.png,data/extracted/KolektorSDD2/train/10993_GT.png,False,226,633,0,0.0
train,train-10994,data/extracted/KolektorSDD2/train/10994.png,data/extracted/KolektorSDD2/train/10994_GT.png,False,232,642,0,0.0
train,train-10995,data/extracted/KolektorSDD2/train/10995.png,data/extracted/KolektorSDD2/train/10995_GT.png,False,231,643,0,0.0
train,train-10996,data/extracted/KolektorSDD2/train/10996.png,data/extracted/KolektorSDD2/train/10996_GT.png,False,232,635,0,0.0
train,train-10997,data/extracted/KolektorSDD2/train/10997.png,data/extracted/KolektorSDD2/train/10997_GT.png,False,233,648,0,0.0
train,train-10998,data/extracted/KolektorSDD2/train/10998.png,data/extracted/KolektorSDD2/train/10998_GT.png,False,227,628,0,0.0
train,train-10999,data/extracted/KolektorSDD2/train/10999.png,data/extracted/KolektorSDD2/train/10999_GT.png,False,233,637,0,0.0
train,train-11000,data/extracted/KolektorSDD2/train/11000.png,data/extracted/KolektorSDD2/train/11000_GT.png,False,229,627,0,0.0
train,train-11001,data/extracted/KolektorSDD2/train/11001.png,data/extracted/KolektorSDD2/train/11001_GT.png,False,232,635,0,0.0
train,train-11002,data/extracted/KolektorSDD2/train/11002.png,data/extracted/KolektorSDD2/train/11002_GT.png,True,227,636,2436,0.01687307788213781
train,train-11003,data/extracted/KolektorSDD2/train/11003.png,data/extracted/KolektorSDD2/train/11003_GT.png,True,224,631,3671,0.02597209644555128
train,train-11004,data/extracted/KolektorSDD2/train/11004.png,data/extracted/KolektorSDD2/train/11004_GT.png,False,231,644,0,0.0
train,train-11005,data/extracted/KolektorSDD2/train/11005.png,data/extracted/KolektorSDD2/train/11005_GT.png,False,227,650,0,0.0
train,train-11006,data/extracted/KolektorSDD2/train/11006.png,data/extracted/KolektorSDD2/train/11006_GT.png,False,215,641,0,0.0
train,train-11007,data/extracted/KolektorSDD2/train/11007.png,data/extracted/KolektorSDD2/train/11007_GT.png,False,232,647,0,0.0
train,train-11008,data/extracted/KolektorSDD2/train/11008.png,data/extracted/KolektorSDD2/train/11008_GT.png,False,227,633,0,0.0
train,train-11009,data/extracted/KolektorSDD2/train/11009.png,data/extracted/KolektorSDD2/train/11009_GT.png,False,228,637,0,0.0
train,train-11010,data/extracted/KolektorSDD2/train/11010.png,data/extracted/KolektorSDD2/train/11010_GT.png,False,208,638,0,0.0
train,train-11011,data/extracted/KolektorSDD2/train/11011.png,data/extracted/KolektorSDD2/train/11011_GT.png,False,228,638,0,0.0
train,train-11012,data/extracted/KolektorSDD2/train/11012.png,data/extracted/KolektorSDD2/train/11012_GT.png,True,224,632,343,0.002422863924050633
train,train-11013,data/extracted/KolektorSDD2/train/11013.png,data/extracted/KolektorSDD2/train/11013_GT.png,False,227,632,0,0.0
train,train-11014,data/extracted/KolektorSDD2/train/11014.png,data/extracted/KolektorSDD2/train/11014_GT.png,False,227,634,0,0.0
train,train-11015,data/extracted/KolektorSDD2/train/11015.png,data/extracted/KolektorSDD2/train/11015_GT.png,False,232,633,0,0.0
train,train-11016,data/extracted/KolektorSDD2/train/11016.png,data/extracted/KolektorSDD2/train/11016_GT.png,False,229,636,0,0.0
train,train-11017,data/extracted/KolektorSDD2/train/11017.png,data/extracted/KolektorSDD2/train/11017_GT.png,False,226,619,0,0.0
train,train-11018,data/extracted/KolektorSDD2/train/11018.png,data/extracted/KolektorSDD2/train/11018_GT.png,False,229,642,0,0.0
train,train-11019,data/extracted/KolektorSDD2/train/11019.png,data/extracted/KolektorSDD2/train/11019_GT.png,False,232,633,0,0.0
train,train-11020,data/extracted/KolektorSDD2/train/11020.png,data/extracted/KolektorSDD2/train/11020_GT.png,False,231,634,0,0.0
train,train-11021,data/extracted/KolektorSDD2/train/11021.png,data/extracted/KolektorSDD2/train/11021_GT.png,False,223,626,0,0.0
train,train-11022,data/extracted/KolektorSDD2/train/11022.png,data/extracted/KolektorSDD2/train/11022_GT.png,False,231,638,0,0.0
train,train-11023,data/extracted/KolektorSDD2/train/11023.png,data/extracted/KolektorSDD2/train/11023_GT.png,False,225,638,0,0.0
train,train-11024,data/extracted/KolektorSDD2/train/11024.png,data/extracted/KolektorSDD2/train/11024_GT.png,False,225,631,0,0.0
train,train-11025,data/extracted/KolektorSDD2/train/11025.png,data/extracted/KolektorSDD2/train/11025_GT.png,True,231,633,2221,0.015189128933204763
train,train-11026,data/extracted/KolektorSDD2/train/11026.png,data/extracted/KolektorSDD2/train/11026_GT.png,False,228,636,0,0.0
train,train-11027,data/extracted/KolektorSDD2/train/11027.png,data/extracted/KolektorSDD2/train/11027_GT.png,False,224,641,0,0.0
train,train-11028,data/extracted/KolektorSDD2/train/11028.png,data/extracted/KolektorSDD2/train/11028_GT.png,False,234,636,0,0.0
train,train-11029,data/extracted/KolektorSDD2/train/11029.png,data/extracted/KolektorSDD2/train/11029_GT.png,False,231,641,0,0.0
train,train-11030,data/extracted/KolektorSDD2/train/11030.png,data/extracted/KolektorSDD2/train/11030_GT.png,False,235,647,0,0.0
train,train-11031,data/extracted/KolektorSDD2/train/11031.png,data/extracted/KolektorSDD2/train/11031_GT.png,False,232,631,0,0.0
train,train-11032,data/extracted/KolektorSDD2/train/11032.png,data/extracted/KolektorSDD2/train/11032_GT.png,False,229,641,0,0.0
train,train-11033,data/extracted/KolektorSDD2/train/11033.png,data/extracted/KolektorSDD2/train/11033_GT.png,False,234,647,0,0.0
train,train-11034,data/extracted/KolektorSDD2/train/11034.png,data/extracted/KolektorSDD2/train/11034_GT.png,False,223,637,0,0.0
train,train-11035,data/extracted/KolektorSDD2/train/11035.png,data/extracted/KolektorSDD2/train/11035_GT.png,False,228,637,0,0.0
train,train-11036,data/extracted/KolektorSDD2/train/11036.png,data/extracted/KolektorSDD2/train/11036_GT.png,False,239,644,0,0.0
train,train-11037,data/extracted/KolektorSDD2/train/11037.png,data/extracted/KolektorSDD2/train/11037_GT.png,False,228,638,0,0.0
train,train-11038,data/extracted/KolektorSDD2/train/11038.png,data/extracted/KolektorSDD2/train/11038_GT.png,False,233,643,0,0.0
train,train-11039,data/extracted/KolektorSDD2/train/11039.png,data/extracted/KolektorSDD2/train/11039_GT.png,False,234,637,0,0.0
train,train-11040,data/extracted/KolektorSDD2/train/11040.png,data/extracted/KolektorSDD2/train/11040_GT.png,True,231,633,774,0.005293284914137995
train,train-11041,data/extracted/KolektorSDD2/train/11041.png,data/extracted/KolektorSDD2/train/11041_GT.png,False,226,639,0,0.0
train,train-11042,data/extracted/KolektorSDD2/train/11042.png,data/extracted/KolektorSDD2/train/11042_GT.png,False,230,645,0,0.0
train,train-11043,data/extracted/KolektorSDD2/train/11043.png,data/extracted/KolektorSDD2/train/11043_GT.png,False,230,649,0,0.0
train,train-11044,data/extracted/KolektorSDD2/train/11044.png,data/extracted/KolektorSDD2/train/11044_GT.png,False,232,642,0,0.0
train,train-11045,data/extracted/KolektorSDD2/train/11045.png,data/extracted/KolektorSDD2/train/11045_GT.png,False,224,633,0,0.0
train,train-11046,data/extracted/KolektorSDD2/train/11046.png,data/extracted/KolektorSDD2/train/11046_GT.png,False,230,635,0,0.0
train,train-11047,data/extracted/KolektorSDD2/train/11047.png,data/extracted/KolektorSDD2/train/11047_GT.png,False,229,644,0,0.0
train,train-11048,data/extracted/KolektorSDD2/train/11048.png,data/extracted/KolektorSDD2/train/11048_GT.png,False,234,633,0,0.0
train,train-11049,data/extracted/KolektorSDD2/train/11049.png,data/extracted/KolektorSDD2/train/11049_GT.png,False,233,633,0,0.0
train,train-11050,data/extracted/KolektorSDD2/train/11050.png,data/extracted/KolektorSDD2/train/11050_GT.png,False,232,634,0,0.0
train,train-11051,data/extracted/KolektorSDD2/train/11051.png,data/extracted/KolektorSDD2/train/11051_GT.png,False,233,648,0,0.0
train,train-11052,data/extracted/KolektorSDD2/train/11052.png,data/extracted/KolektorSDD2/train/11052_GT.png,True,225,628,3271,0.023149327671620666
train,train-11053,data/extracted/KolektorSDD2/train/11053.png,data/extracted/KolektorSDD2/train/11053_GT.png,False,231,637,0,0.0
train,train-11054,data/extracted/KolektorSDD2/train/11054.png,data/extracted/KolektorSDD2/train/11054_GT.png,False,224,635,0,0.0
train,train-11055,data/extracted/KolektorSDD2/train/11055.png,data/extracted/KolektorSDD2/train/11055_GT.png,False,231,639,0,0.0
train,train-11056,data/extracted/KolektorSDD2/train/11056.png,data/extracted/KolektorSDD2/train/11056_GT.png,False,228,634,0,0.0
train,train-11057,data/extracted/KolektorSDD2/train/11057.png,data/extracted/KolektorSDD2/train/11057_GT.png,False,227,633,0,0.0
train,train-11058,data/extracted/KolektorSDD2/train/11058.png,data/extracted/KolektorSDD2/train/11058_GT.png,False,229,641,0,0.0
train,train-11059,data/extracted/KolektorSDD2/train/11059.png,data/extracted/KolektorSDD2/train/11059_GT.png,False,237,644,0,0.0
train,train-11060,data/extracted/KolektorSDD2/train/11060.png,data/extracted/KolektorSDD2/train/11060_GT.png,False,230,635,0,0.0
train,train-11061,data/extracted/KolektorSDD2/train/11061.png,data/extracted/KolektorSDD2/train/11061_GT.png,True,229,645,2737,0.018530178396127417
train,train-11062,data/extracted/KolektorSDD2/train/11062.png,data/extracted/KolektorSDD2/train/11062_GT.png,False,227,623,0,0.0
train,train-11063,data/extracted/KolektorSDD2/train/11063.png,data/extracted/KolektorSDD2/train/11063_GT.png,False,231,635,0,0.0
train,train-11064,data/extracted/KolektorSDD2/train/11064.png,data/extracted/KolektorSDD2/train/11064_GT.png,False,233,628,0,0.0
train,train-11065,data/extracted/KolektorSDD2/train/11065.png,data/extracted/KolektorSDD2/train/11065_GT.png,False,230,646,0,0.0
train,train-11066,data/extracted/KolektorSDD2/train/11066.png,data/extracted/KolektorSDD2/train/11066_GT.png,False,227,637,0,0.0
train,train-11067,data/extracted/KolektorSDD2/train/11067.png,data/extracted/KolektorSDD2/train/11067_GT.png,False,231,641,0,0.0
train,train-11068,data/extracted/KolektorSDD2/train/11068.png,data/extracted/KolektorSDD2/train/11068_GT.png,False,227,632,0,0.0
train,train-11069,data/extracted/KolektorSDD2/train/11069.png,data/extracted/KolektorSDD2/train/11069_GT.png,False,229,641,0,0.0
train,train-11070,data/extracted/KolektorSDD2/train/11070.png,data/extracted/KolektorSDD2/train/11070_GT.png,False,230,631,0,0.0
train,train-11071,data/extracted/KolektorSDD2/train/11071.png,data/extracted/KolektorSDD2/train/11071_GT.png,False,228,631,0,0.0
train,train-11072,data/extracted/KolektorSDD2/train/11072.png,data/extracted/KolektorSDD2/train/11072_GT.png,False,226,636,0,0.0
train,train-11073,data/extracted/KolektorSDD2/train/11073.png,data/extracted/KolektorSDD2/train/11073_GT.png,False,230,637,0,0.0
train,train-11074,data/extracted/KolektorSDD2/train/11074.png,data/extracted/KolektorSDD2/train/11074_GT.png,True,235,644,3868,0.025558345447337122
train,train-11075,data/extracted/KolektorSDD2/train/11075.png,data/extracted/KolektorSDD2/train/11075_GT.png,False,230,632,0,0.0
train,train-11076,data/extracted/KolektorSDD2/train/11076.png,data/extracted/KolektorSDD2/train/11076_GT.png,False,228,645,0,0.0
train,train-11077,data/extracted/KolektorSDD2/train/11077.png,data/extracted/KolektorSDD2/train/11077_GT.png,False,230,641,0,0.0
train,train-11078,data/extracted/KolektorSDD2/train/11078.png,data/extracted/KolektorSDD2/train/11078_GT.png,False,228,640,0,0.0
train,train-11079,data/extracted/KolektorSDD2/train/11079.png,data/extracted/KolektorSDD2/train/11079_GT.png,False,225,637,0,0.0
train,train-11080,data/extracted/KolektorSDD2/train/11080.png,data/extracted/KolektorSDD2/train/11080_GT.png,False,228,641,0,0.0
train,train-11081,data/extracted/KolektorSDD2/train/11081.png,data/extracted/KolektorSDD2/train/11081_GT.png,False,236,652,0,0.0
train,train-11082,data/extracted/KolektorSDD2/train/11082.png,data/extracted/KolektorSDD2/train/11082_GT.png,False,237,637,0,0.0
train,train-11083,data/extracted/KolektorSDD2/train/11083.png,data/extracted/KolektorSDD2/train/11083_GT.png,False,235,643,0,0.0
train,train-11084,data/extracted/KolektorSDD2/train/11084.png,data/extracted/KolektorSDD2/train/11084_GT.png,False,233,642,0,0.0
train,train-11085,data/extracted/KolektorSDD2/train/11085.png,data/extracted/KolektorSDD2/train/11085_GT.png,False,238,644,0,0.0
train,train-11086,data/extracted/KolektorSDD2/train/11086.png,data/extracted/KolektorSDD2/train/11086_GT.png,False,239,640,0,0.0
train,train-11087,data/extracted/KolektorSDD2/train/11087.png,data/extracted/KolektorSDD2/train/11087_GT.png,False,232,633,0,0.0
train,train-11088,data/extracted/KolektorSDD2/train/11088.png,data/extracted/KolektorSDD2/train/11088_GT.png,True,236,637,7156,0.04760130910251976
train,train-11089,data/extracted/KolektorSDD2/train/11089.png,data/extracted/KolektorSDD2/train/11089_GT.png,False,232,652,0,0.0
train,train-11090,data/extracted/KolektorSDD2/train/11090.png,data/extracted/KolektorSDD2/train/11090_GT.png,False,220,628,0,0.0
train,train-11091,data/extracted/KolektorSDD2/train/11091.png,data/extracted/KolektorSDD2/train/11091_GT.png,False,230,645,0,0.0
train,train-11092,data/extracted/KolektorSDD2/train/11092.png,data/extracted/KolektorSDD2/train/11092_GT.png,False,226,639,0,0.0
train,train-11093,data/extracted/KolektorSDD2/train/11093.png,data/extracted/KolektorSDD2/train/11093_GT.png,True,236,647,650,0.0042569355303486755
train,train-11094,data/extracted/KolektorSDD2/train/11094.png,data/extracted/KolektorSDD2/train/11094_GT.png,True,229,637,1117,0.0076573457733782125
train,train-11095,data/extracted/KolektorSDD2/train/11095.png,data/extracted/KolektorSDD2/train/11095_GT.png,False,225,641,0,0.0
train,train-11096,data/extracted/KolektorSDD2/train/11096.png,data/extracted/KolektorSDD2/train/11096_GT.png,False,231,635,0,0.0
train,train-11097,data/extracted/KolektorSDD2/train/11097.png,data/extracted/KolektorSDD2/train/11097_GT.png,False,231,649,0,0.0
train,train-11098,data/extracted/KolektorSDD2/train/11098.png,data/extracted/KolektorSDD2/train/11098_GT.png,False,227,642,0,0.0
train,train-11099,data/extracted/KolektorSDD2/train/11099.png,data/extracted/KolektorSDD2/train/11099_GT.png,False,233,635,0,0.0
train,train-11100,data/extracted/KolektorSDD2/train/11100.png,data/extracted/KolektorSDD2/train/11100_GT.png,False,233,636,0,0.0
train,train-11101,data/extracted/KolektorSDD2/train/11101.png,data/extracted/KolektorSDD2/train/11101_GT.png,True,229,634,13146,0.09054592040554875
train,train-11102,data/extracted/KolektorSDD2/train/11102.png,data/extracted/KolektorSDD2/train/11102_GT.png,False,217,630,0,0.0
train,train-11103,data/extracted/KolektorSDD2/train/11103.png,data/extracted/KolektorSDD2/train/11103_GT.png,False,232,635,0,0.0
train,train-11104,data/extracted/KolektorSDD2/train/11104.png,data/extracted/KolektorSDD2/train/11104_GT.png,False,235,645,0,0.0
train,train-11105,data/extracted/KolektorSDD2/train/11105.png,data/extracted/KolektorSDD2/train/11105_GT.png,False,184,627,0,0.0
train,train-11106,data/extracted/KolektorSDD2/train/11106.png,data/extracted/KolektorSDD2/train/11106_GT.png,False,229,633,0,0.0
train,train-11107,data/extracted/KolektorSDD2/train/11107.png,data/extracted/KolektorSDD2/train/11107_GT.png,False,222,633,0,0.0
train,train-11108,data/extracted/KolektorSDD2/train/11108.png,data/extracted/KolektorSDD2/train/11108_GT.png,False,233,642,0,0.0
train,train-11109,data/extracted/KolektorSDD2/train/11109.png,data/extracted/KolektorSDD2/train/11109_GT.png,False,227,634,0,0.0
train,train-11110,data/extracted/KolektorSDD2/train/11110.png,data/extracted/KolektorSDD2/train/11110_GT.png,False,229,641,0,0.0
train,train-11111,data/extracted/KolektorSDD2/train/11111.png,data/extracted/KolektorSDD2/train/11111_GT.png,False,238,628,0,0.0
train,train-11112,data/extracted/KolektorSDD2/train/11112.png,data/extracted/KolektorSDD2/train/11112_GT.png,False,227,635,0,0.0
train,train-11113,data/extracted/KolektorSDD2/train/11113.png,data/extracted/KolektorSDD2/train/11113_GT.png,False,226,630,0,0.0
train,train-11114,data/extracted/KolektorSDD2/train/11114.png,data/extracted/KolektorSDD2/train/11114_GT.png,False,238,644,0,0.0
train,train-11115,data/extracted/KolektorSDD2/train/11115.png,data/extracted/KolektorSDD2/train/11115_GT.png,False,227,635,0,0.0
train,train-11116,data/extracted/KolektorSDD2/train/11116.png,data/extracted/KolektorSDD2/train/11116_GT.png,False,230,640,0,0.0
train,train-11117,data/extracted/KolektorSDD2/train/11117.png,data/extracted/KolektorSDD2/train/11117_GT.png,False,229,623,0,0.0
train,train-11118,data/extracted/KolektorSDD2/train/11118.png,data/extracted/KolektorSDD2/train/11118_GT.png,False,229,637,0,0.0
train,train-11119,data/extracted/KolektorSDD2/train/11119.png,data/extracted/KolektorSDD2/train/11119_GT.png,False,227,639,0,0.0
train,train-11120,data/extracted/KolektorSDD2/train/11120.png,data/extracted/KolektorSDD2/train/11120_GT.png,False,234,647,0,0.0
train,train-11121,data/extracted/KolektorSDD2/train/11121.png,data/extracted/KolektorSDD2/train/11121_GT.png,False,239,653,0,0.0
train,train-11122,data/extracted/KolektorSDD2/train/11122.png,data/extracted/KolektorSDD2/train/11122_GT.png,False,227,636,0,0.0
train,train-11123,data/extracted/KolektorSDD2/train/11123.png,data/extracted/KolektorSDD2/train/11123_GT.png,False,211,644,0,0.0
train,train-11124,data/extracted/KolektorSDD2/train/11124.png,data/extracted/KolektorSDD2/train/11124_GT.png,False,225,638,0,0.0
train,train-11125,data/extracted/KolektorSDD2/train/11125.png,data/extracted/KolektorSDD2/train/11125_GT.png,False,226,636,0,0.0
train,train-11126,data/extracted/KolektorSDD2/train/11126.png,data/extracted/KolektorSDD2/train/11126_GT.png,False,211,650,0,0.0
train,train-11127,data/extracted/KolektorSDD2/train/11127.png,data/extracted/KolektorSDD2/train/11127_GT.png,False,238,641,0,0.0
train,train-11128,data/extracted/KolektorSDD2/train/11128.png,data/extracted/KolektorSDD2/train/11128_GT.png,False,236,652,0,0.0
train,train-11129,data/extracted/KolektorSDD2/train/11129.png,data/extracted/KolektorSDD2/train/11129_GT.png,False,236,635,0,0.0
train,train-11130,data/extracted/KolektorSDD2/train/11130.png,data/extracted/KolektorSDD2/train/11130_GT.png,False,240,640,0,0.0
train,train-11131,data/extracted/KolektorSDD2/train/11131.png,data/extracted/KolektorSDD2/train/11131_GT.png,False,229,639,0,0.0
train,train-11132,data/extracted/KolektorSDD2/train/11132.png,data/extracted/KolektorSDD2/train/11132_GT.png,False,227,628,0,0.0
train,train-11133,data/extracted/KolektorSDD2/train/11133.png,data/extracted/KolektorSDD2/train/11133_GT.png,False,228,633,0,0.0
train,train-11134,data/extracted/KolektorSDD2/train/11134.png,data/extracted/KolektorSDD2/train/11134_GT.png,False,224,631,0,0.0
train,train-11135,data/extracted/KolektorSDD2/train/11135.png,data/extracted/KolektorSDD2/train/11135_GT.png,True,229,628,1502,0.010444191027174367
train,train-11136,data/extracted/KolektorSDD2/train/11136.png,data/extracted/KolektorSDD2/train/11136_GT.png,False,232,645,0,0.0
train,train-11137,data/extracted/KolektorSDD2/train/11137.png,data/extracted/KolektorSDD2/train/11137_GT.png,False,231,644,0,0.0
train,train-11138,data/extracted/KolektorSDD2/train/11138.png,data/extracted/KolektorSDD2/train/11138_GT.png,False,229,638,0,0.0
train,train-11139,data/extracted/KolektorSDD2/train/11139.png,data/extracted/KolektorSDD2/train/11139_GT.png,True,228,631,5794,0.04027302805349348
train,train-11140,data/extracted/KolektorSDD2/train/11140.png,data/extracted/KolektorSDD2/train/11140_GT.png,False,232,640,0,0.0
train,train-11141,data/extracted/KolektorSDD2/train/11141.png,data/extracted/KolektorSDD2/train/11141_GT.png,False,222,649,0,0.0
train,train-11142,data/extracted/KolektorSDD2/train/11142.png,data/extracted/KolektorSDD2/train/11142_GT.png,False,233,637,0,0.0
train,train-11143,data/extracted/KolektorSDD2/train/11143.png,data/extracted/KolektorSDD2/train/11143_GT.png,False,226,642,0,0.0
train,train-11144,data/extracted/KolektorSDD2/train/11144.png,data/extracted/KolektorSDD2/train/11144_GT.png,False,226,633,0,0.0
train,train-11145,data/extracted/KolektorSDD2/train/11145.png,data/extracted/KolektorSDD2/train/11145_GT.png,False,227,634,0,0.0
train,train-11146,data/extracted/KolektorSDD2/train/11146.png,data/extracted/KolektorSDD2/train/11146_GT.png,False,234,651,0,0.0
train,train-11147,data/extracted/KolektorSDD2/train/11147.png,data/extracted/KolektorSDD2/train/11147_GT.png,False,232,638,0,0.0
train,train-11148,data/extracted/KolektorSDD2/train/11148.png,data/extracted/KolektorSDD2/train/11148_GT.png,False,226,634,0,0.0
train,train-11149,data/extracted/KolektorSDD2/train/11149.png,data/extracted/KolektorSDD2/train/11149_GT.png,False,233,636,0,0.0
train,train-11150,data/extracted/KolektorSDD2/train/11150.png,data/extracted/KolektorSDD2/train/11150_GT.png,False,227,632,0,0.0
train,train-11151,data/extracted/KolektorSDD2/train/11151.png,data/extracted/KolektorSDD2/train/11151_GT.png,False,222,638,0,0.0
train,train-11152,data/extracted/KolektorSDD2/train/11152.png,data/extracted/KolektorSDD2/train/11152_GT.png,False,227,639,0,0.0
train,train-11153,data/extracted/KolektorSDD2/train/11153.png,data/extracted/KolektorSDD2/train/11153_GT.png,False,225,631,0,0.0
train,train-11154,data/extracted/KolektorSDD2/train/11154.png,data/extracted/KolektorSDD2/train/11154_GT.png,False,226,616,0,0.0
train,train-11155,data/extracted/KolektorSDD2/train/11155.png,data/extracted/KolektorSDD2/train/11155_GT.png,False,227,629,0,0.0
train,train-11156,data/extracted/KolektorSDD2/train/11156.png,data/extracted/KolektorSDD2/train/11156_GT.png,False,230,641,0,0.0
train,train-11157,data/extracted/KolektorSDD2/train/11157.png,data/extracted/KolektorSDD2/train/11157_GT.png,False,227,623,0,0.0
train,train-11158,data/extracted/KolektorSDD2/train/11158.png,data/extracted/KolektorSDD2/train/11158_GT.png,False,229,635,0,0.0
train,train-11159,data/extracted/KolektorSDD2/train/11159.png,data/extracted/KolektorSDD2/train/11159_GT.png,False,231,636,0,0.0
train,train-11160,data/extracted/KolektorSDD2/train/11160.png,data/extracted/KolektorSDD2/train/11160_GT.png,False,235,639,0,0.0
train,train-11161,data/extracted/KolektorSDD2/train/11161.png,data/extracted/KolektorSDD2/train/11161_GT.png,False,225,631,0,0.0
train,train-11162,data/extracted/KolektorSDD2/train/11162.png,data/extracted/KolektorSDD2/train/11162_GT.png,False,200,640,0,0.0
train,train-11163,data/extracted/KolektorSDD2/train/11163.png,data/extracted/KolektorSDD2/train/11163_GT.png,False,236,638,0,0.0
train,train-11164,data/extracted/KolektorSDD2/train/11164.png,data/extracted/KolektorSDD2/train/11164_GT.png,False,231,634,0,0.0
train,train-11165,data/extracted/KolektorSDD2/train/11165.png,data/extracted/KolektorSDD2/train/11165_GT.png,False,231,637,0,0.0
train,train-11166,data/extracted/KolektorSDD2/train/11166.png,data/extracted/KolektorSDD2/train/11166_GT.png,False,233,629,0,0.0
train,train-11167,data/extracted/KolektorSDD2/train/11167.png,data/extracted/KolektorSDD2/train/11167_GT.png,False,226,632,0,0.0
train,train-11168,data/extracted/KolektorSDD2/train/11168.png,data/extracted/KolektorSDD2/train/11168_GT.png,False,233,640,0,0.0
train,train-11169,data/extracted/KolektorSDD2/train/11169.png,data/extracted/KolektorSDD2/train/11169_GT.png,True,235,647,532,0.0034989641224637442
train,train-11170,data/extracted/KolektorSDD2/train/11170.png,data/extracted/KolektorSDD2/train/11170_GT.png,False,233,636,0,0.0
train,train-11171,data/extracted/KolektorSDD2/train/11171.png,data/extracted/KolektorSDD2/train/11171_GT.png,False,233,645,0,0.0
train,train-11172,data/extracted/KolektorSDD2/train/11172.png,data/extracted/KolektorSDD2/train/11172_GT.png,False,226,636,0,0.0
train,train-11173,data/extracted/KolektorSDD2/train/11173.png,data/extracted/KolektorSDD2/train/11173_GT.png,False,226,637,0,0.0
train,train-11174,data/extracted/KolektorSDD2/train/11174.png,data/extracted/KolektorSDD2/train/11174_GT.png,False,230,651,0,0.0
train,train-11175,data/extracted/KolektorSDD2/train/11175.png,data/extracted/KolektorSDD2/train/11175_GT.png,False,232,637,0,0.0
train,train-11176,data/extracted/KolektorSDD2/train/11176.png,data/extracted/KolektorSDD2/train/11176_GT.png,False,232,638,0,0.0
train,train-11177,data/extracted/KolektorSDD2/train/11177.png,data/extracted/KolektorSDD2/train/11177_GT.png,False,226,634,0,0.0
train,train-11178,data/extracted/KolektorSDD2/train/11178.png,data/extracted/KolektorSDD2/train/11178_GT.png,True,233,639,7049,0.047344630491580865
train,train-11179,data/extracted/KolektorSDD2/train/11179.png,data/extracted/KolektorSDD2/train/11179_GT.png,False,221,632,0,0.0
train,train-11180,data/extracted/KolektorSDD2/train/11180.png,data/extracted/KolektorSDD2/train/11180_GT.png,False,231,638,0,0.0
train,train-11181,data/extracted/KolektorSDD2/train/11181.png,data/extracted/KolektorSDD2/train/11181_GT.png,False,229,648,0,0.0
train,train-11182,data/extracted/KolektorSDD2/train/11182.png,data/extracted/KolektorSDD2/train/11182_GT.png,False,228,626,0,0.0
train,train-11183,data/extracted/KolektorSDD2/train/11183.png,data/extracted/KolektorSDD2/train/11183_GT.png,False,228,645,0,0.0
train,train-11184,data/extracted/KolektorSDD2/train/11184.png,data/extracted/KolektorSDD2/train/11184_GT.png,False,229,638,0,0.0
train,train-11185,data/extracted/KolektorSDD2/train/11185.png,data/extracted/KolektorSDD2/train/11185_GT.png,False,228,642,0,0.0
train,train-11186,data/extracted/KolektorSDD2/train/11186.png,data/extracted/KolektorSDD2/train/11186_GT.png,False,231,636,0,0.0
train,train-11187,data/extracted/KolektorSDD2/train/11187.png,data/extracted/KolektorSDD2/train/11187_GT.png,True,238,639,1249,0.008212674741258006
train,train-11188,data/extracted/KolektorSDD2/train/11188.png,data/extracted/KolektorSDD2/train/11188_GT.png,False,229,634,0,0.0
train,train-11189,data/extracted/KolektorSDD2/train/11189.png,data/extracted/KolektorSDD2/train/11189_GT.png,False,228,631,0,0.0
train,train-11190,data/extracted/KolektorSDD2/train/11190.png,data/extracted/KolektorSDD2/train/11190_GT.png,True,232,637,3671,0.024840307475775456
train,train-11191,data/extracted/KolektorSDD2/train/11191.png,data/extracted/KolektorSDD2/train/11191_GT.png,False,231,636,0,0.0
train,train-11192,data/extracted/KolektorSDD2/train/11192.png,data/extracted/KolektorSDD2/train/11192_GT.png,False,233,637,0,0.0
train,train-11193,data/extracted/KolektorSDD2/train/11193.png,data/extracted/KolektorSDD2/train/11193_GT.png,False,228,632,0,0.0
train,train-11194,data/extracted/KolektorSDD2/train/11194.png,data/extracted/KolektorSDD2/train/11194_GT.png,False,232,640,0,0.0
train,train-11195,data/extracted/KolektorSDD2/train/11195.png,data/extracted/KolektorSDD2/train/11195_GT.png,True,235,638,4356,0.02905355832721937
train,train-11196,data/extracted/KolektorSDD2/train/11196.png,data/extracted/KolektorSDD2/train/11196_GT.png,False,224,633,0,0.0
train,train-11197,data/extracted/KolektorSDD2/train/11197.png,data/extracted/KolektorSDD2/train/11197_GT.png,False,229,632,0,0.0
train,train-11198,data/extracted/KolektorSDD2/train/11198.png,data/extracted/KolektorSDD2/train/11198_GT.png,False,230,632,0,0.0
train,train-11199,data/extracted/KolektorSDD2/train/11199.png,data/extracted/KolektorSDD2/train/11199_GT.png,False,231,638,0,0.0
train,train-11200,data/extracted/KolektorSDD2/train/11200.png,data/extracted/KolektorSDD2/train/11200_GT.png,False,228,641,0,0.0
train,train-11201,data/extracted/KolektorSDD2/train/11201.png,data/extracted/KolektorSDD2/train/11201_GT.png,False,227,632,0,0.0
train,train-11202,data/extracted/KolektorSDD2/train/11202.png,data/extracted/KolektorSDD2/train/11202_GT.png,False,234,632,0,0.0
train,train-11203,data/extracted/KolektorSDD2/train/11203.png,data/extracted/KolektorSDD2/train/11203_GT.png,False,230,637,0,0.0
train,train-11204,data/extracted/KolektorSDD2/train/11204.png,data/extracted/KolektorSDD2/train/11204_GT.png,False,232,630,0,0.0
train,train-11205,data/extracted/KolektorSDD2/train/11205.png,data/extracted/KolektorSDD2/train/11205_GT.png,False,226,637,0,0.0
train,train-11206,data/extracted/KolektorSDD2/train/11206.png,data/extracted/KolektorSDD2/train/11206_GT.png,False,233,641,0,0.0
train,train-11207,data/extracted/KolektorSDD2/train/11207.png,data/extracted/KolektorSDD2/train/11207_GT.png,False,226,629,0,0.0
train,train-11208,data/extracted/KolektorSDD2/train/11208.png,data/extracted/KolektorSDD2/train/11208_GT.png,False,230,643,0,0.0
train,train-11209,data/extracted/KolektorSDD2/train/11209.png,data/extracted/KolektorSDD2/train/11209_GT.png,False,225,635,0,0.0
train,train-11210,data/extracted/KolektorSDD2/train/11210.png,data/extracted/KolektorSDD2/train/11210_GT.png,False,222,631,0,0.0
train,train-11211,data/extracted/KolektorSDD2/train/11211.png,data/extracted/KolektorSDD2/train/11211_GT.png,False,229,641,0,0.0
train,train-11212,data/extracted/KolektorSDD2/train/11212.png,data/extracted/KolektorSDD2/train/11212_GT.png,False,228,633,0,0.0
train,train-11213,data/extracted/KolektorSDD2/train/11213.png,data/extracted/KolektorSDD2/train/11213_GT.png,False,230,638,0,0.0
train,train-11214,data/extracted/KolektorSDD2/train/11214.png,data/extracted/KolektorSDD2/train/11214_GT.png,True,231,637,17701,0.12029467131507948
train,train-11215,data/extracted/KolektorSDD2/train/11215.png,data/extracted/KolektorSDD2/train/11215_GT.png,False,228,634,0,0.0
train,train-11216,data/extracted/KolektorSDD2/train/11216.png,data/extracted/KolektorSDD2/train/11216_GT.png,False,225,629,0,0.0
train,train-11217,data/extracted/KolektorSDD2/train/11217.png,data/extracted/KolektorSDD2/train/11217_GT.png,False,232,648,0,0.0
train,train-11218,data/extracted/KolektorSDD2/train/11218.png,data/extracted/KolektorSDD2/train/11218_GT.png,False,199,631,0,0.0
train,train-11219,data/extracted/KolektorSDD2/train/11219.png,data/extracted/KolektorSDD2/train/11219_GT.png,False,224,632,0,0.0
train,train-11220,data/extracted/KolektorSDD2/train/11220.png,data/extracted/KolektorSDD2/train/11220_GT.png,False,229,641,0,0.0
train,train-11221,data/extracted/KolektorSDD2/train/11221.png,data/extracted/KolektorSDD2/train/11221_GT.png,False,229,646,0,0.0
train,train-11222,data/extracted/KolektorSDD2/train/11222.png,data/extracted/KolektorSDD2/train/11222_GT.png,False,229,630,0,0.0
train,train-11223,data/extracted/KolektorSDD2/train/11223.png,data/extracted/KolektorSDD2/train/11223_GT.png,False,230,636,0,0.0
train,train-11224,data/extracted/KolektorSDD2/train/11224.png,data/extracted/KolektorSDD2/train/11224_GT.png,False,225,632,0,0.0
train,train-11225,data/extracted/KolektorSDD2/train/11225.png,data/extracted/KolektorSDD2/train/11225_GT.png,False,229,633,0,0.0
train,train-11226,data/extracted/KolektorSDD2/train/11226.png,data/extracted/KolektorSDD2/train/11226_GT.png,False,229,645,0,0.0
train,train-11227,data/extracted/KolektorSDD2/train/11227.png,data/extracted/KolektorSDD2/train/11227_GT.png,False,229,638,0,0.0
train,train-11228,data/extracted/KolektorSDD2/train/11228.png,data/extracted/KolektorSDD2/train/11228_GT.png,True,232,639,6220,0.04195672116993147
train,train-11229,data/extracted/KolektorSDD2/train/11229.png,data/extracted/KolektorSDD2/train/11229_GT.png,False,239,647,0,0.0
train,train-11230,data/extracted/KolektorSDD2/train/11230.png,data/extracted/KolektorSDD2/train/11230_GT.png,True,234,638,62,0.0004152935187417946
train,train-11231,data/extracted/KolektorSDD2/train/11231.png,data/extracted/KolektorSDD2/train/11231_GT.png,False,230,647,0,0.0
train,train-11232,data/extracted/KolektorSDD2/train/11232.png,data/extracted/KolektorSDD2/train/11232_GT.png,False,233,638,0,0.0
train,train-11233,data/extracted/KolektorSDD2/train/11233.png,data/extracted/KolektorSDD2/train/11233_GT.png,False,234,647,0,0.0
train,train-11234,data/extracted/KolektorSDD2/train/11234.png,data/extracted/KolektorSDD2/train/11234_GT.png,False,236,645,0,0.0
train,train-11235,data/extracted/KolektorSDD2/train/11235.png,data/extracted/KolektorSDD2/train/11235_GT.png,False,227,639,0,0.0
train,train-11236,data/extracted/KolektorSDD2/train/11236.png,data/extracted/KolektorSDD2/train/11236_GT.png,False,233,649,0,0.0
train,train-11237,data/extracted/KolektorSDD2/train/11237.png,data/extracted/KolektorSDD2/train/11237_GT.png,False,232,632,0,0.0
train,train-11238,data/extracted/KolektorSDD2/train/11238.png,data/extracted/KolektorSDD2/train/11238_GT.png,False,229,637,0,0.0
train,train-11239,data/extracted/KolektorSDD2/train/11239.png,data/extracted/KolektorSDD2/train/11239_GT.png,False,231,641,0,0.0
train,train-11240,data/extracted/KolektorSDD2/train/11240.png,data/extracted/KolektorSDD2/train/11240_GT.png,False,228,608,0,0.0
train,train-11241,data/extracted/KolektorSDD2/train/11241.png,data/extracted/KolektorSDD2/train/11241_GT.png,False,229,642,0,0.0
train,train-11242,data/extracted/KolektorSDD2/train/11242.png,data/extracted/KolektorSDD2/train/11242_GT.png,True,228,647,3718,0.02520404566284335
train,train-11243,data/extracted/KolektorSDD2/train/11243.png,data/extracted/KolektorSDD2/train/11243_GT.png,False,226,639,0,0.0
train,train-11244,data/extracted/KolektorSDD2/train/11244.png,data/extracted/KolektorSDD2/train/11244_GT.png,False,227,632,0,0.0
train,train-11245,data/extracted/KolektorSDD2/train/11245.png,data/extracted/KolektorSDD2/train/11245_GT.png,False,233,642,0,0.0
train,train-11246,data/extracted/KolektorSDD2/train/11246.png,data/extracted/KolektorSDD2/train/11246_GT.png,False,229,636,0,0.0
train,train-11247,data/extracted/KolektorSDD2/train/11247.png,data/extracted/KolektorSDD2/train/11247_GT.png,False,225,634,0,0.0
train,train-11248,data/extracted/KolektorSDD2/train/11248.png,data/extracted/KolektorSDD2/train/11248_GT.png,False,230,644,0,0.0
train,train-11249,data/extracted/KolektorSDD2/train/11249.png,data/extracted/KolektorSDD2/train/11249_GT.png,False,226,637,0,0.0
train,train-11250,data/extracted/KolektorSDD2/train/11250.png,data/extracted/KolektorSDD2/train/11250_GT.png,True,232,637,2293,0.015515888052833866
train,train-11251,data/extracted/KolektorSDD2/train/11251.png,data/extracted/KolektorSDD2/train/11251_GT.png,False,232,631,0,0.0
train,train-11252,data/extracted/KolektorSDD2/train/11252.png,data/extracted/KolektorSDD2/train/11252_GT.png,False,236,629,0,0.0
train,train-11253,data/extracted/KolektorSDD2/train/11253.png,data/extracted/KolektorSDD2/train/11253_GT.png,False,232,631,0,0.0
train,train-11254,data/extracted/KolektorSDD2/train/11254.png,data/extracted/KolektorSDD2/train/11254_GT.png,False,235,625,0,0.0
train,train-11255,data/extracted/KolektorSDD2/train/11255.png,data/extracted/KolektorSDD2/train/11255_GT.png,False,237,643,0,0.0
train,train-11256,data/extracted/KolektorSDD2/train/11256.png,data/extracted/KolektorSDD2/train/11256_GT.png,False,228,640,0,0.0
train,train-11257,data/extracted/KolektorSDD2/train/11257.png,data/extracted/KolektorSDD2/train/11257_GT.png,False,205,632,0,0.0
train,train-11258,data/extracted/KolektorSDD2/train/11258.png,data/extracted/KolektorSDD2/train/11258_GT.png,True,237,633,1737,0.011578379026936229
train,train-11259,data/extracted/KolektorSDD2/train/11259.png,data/extracted/KolektorSDD2/train/11259_GT.png,False,236,642,0,0.0
train,train-11260,data/extracted/KolektorSDD2/train/11260.png,data/extracted/KolektorSDD2/train/11260_GT.png,False,230,634,0,0.0
train,train-11261,data/extracted/KolektorSDD2/train/11261.png,data/extracted/KolektorSDD2/train/11261_GT.png,False,232,634,0,0.0
train,train-11262,data/extracted/KolektorSDD2/train/11262.png,data/extracted/KolektorSDD2/train/11262_GT.png,False,235,639,0,0.0
train,train-11263,data/extracted/KolektorSDD2/train/11263.png,data/extracted/KolektorSDD2/train/11263_GT.png,False,231,635,0,0.0
train,train-11264,data/extracted/KolektorSDD2/train/11264.png,data/extracted/KolektorSDD2/train/11264_GT.png,False,232,636,0,0.0
train,train-11265,data/extracted/KolektorSDD2/train/11265.png,data/extracted/KolektorSDD2/train/11265_GT.png,False,227,642,0,0.0
train,train-11266,data/extracted/KolektorSDD2/train/11266.png,data/extracted/KolektorSDD2/train/11266_GT.png,False,235,639,0,0.0
train,train-11267,data/extracted/KolektorSDD2/train/11267.png,data/extracted/KolektorSDD2/train/11267_GT.png,False,225,642,0,0.0
train,train-11268,data/extracted/KolektorSDD2/train/11268.png,data/extracted/KolektorSDD2/train/11268_GT.png,False,236,631,0,0.0
train,train-11269,data/extracted/KolektorSDD2/train/11269.png,data/extracted/KolektorSDD2/train/11269_GT.png,True,236,642,162,0.0010692222398225883
train,train-11270,data/extracted/KolektorSDD2/train/11270.png,data/extracted/KolektorSDD2/train/11270_GT.png,False,231,641,0,0.0
train,train-11271,data/extracted/KolektorSDD2/train/11271.png,data/extracted/KolektorSDD2/train/11271_GT.png,False,233,652,0,0.0
train,train-11272,data/extracted/KolektorSDD2/train/11272.png,data/extracted/KolektorSDD2/train/11272_GT.png,False,236,640,0,0.0
train,train-11273,data/extracted/KolektorSDD2/train/11273.png,data/extracted/KolektorSDD2/train/11273_GT.png,False,228,639,0,0.0
train,train-11274,data/extracted/KolektorSDD2/train/11274.png,data/extracted/KolektorSDD2/train/11274_GT.png,False,230,633,0,0.0
train,train-11275,data/extracted/KolektorSDD2/train/11275.png,data/extracted/KolektorSDD2/train/11275_GT.png,False,236,640,0,0.0
train,train-11276,data/extracted/KolektorSDD2/train/11276.png,data/extracted/KolektorSDD2/train/11276_GT.png,False,232,638,0,0.0
train,train-11277,data/extracted/KolektorSDD2/train/11277.png,data/extracted/KolektorSDD2/train/11277_GT.png,False,228,652,0,0.0
train,train-11278,data/extracted/KolektorSDD2/train/11278.png,data/extracted/KolektorSDD2/train/11278_GT.png,False,231,637,0,0.0
train,train-11279,data/extracted/KolektorSDD2/train/11279.png,data/extracted/KolektorSDD2/train/11279_GT.png,False,234,638,0,0.0
train,train-11280,data/extracted/KolektorSDD2/train/11280.png,data/extracted/KolektorSDD2/train/11280_GT.png,False,229,646,0,0.0
train,train-11281,data/extracted/KolektorSDD2/train/11281.png,data/extracted/KolektorSDD2/train/11281_GT.png,False,231,643,0,0.0
train,train-11282,data/extracted/KolektorSDD2/train/11282.png,data/extracted/KolektorSDD2/train/11282_GT.png,True,228,630,1635,0.011382623224728487
train,train-11283,data/extracted/KolektorSDD2/train/11283.png,data/extracted/KolektorSDD2/train/11283_GT.png,False,229,631,0,0.0
train,train-11284,data/extracted/KolektorSDD2/train/11284.png,data/extracted/KolektorSDD2/train/11284_GT.png,False,230,639,0,0.0
train,train-11285,data/extracted/KolektorSDD2/train/11285.png,data/extracted/KolektorSDD2/train/11285_GT.png,False,232,642,0,0.0
train,train-11286,data/extracted/KolektorSDD2/train/11286.png,data/extracted/KolektorSDD2/train/11286_GT.png,False,213,653,0,0.0
train,train-11287,data/extracted/KolektorSDD2/train/11287.png,data/extracted/KolektorSDD2/train/11287_GT.png,False,225,634,0,0.0
train,train-11288,data/extracted/KolektorSDD2/train/11288.png,data/extracted/KolektorSDD2/train/11288_GT.png,False,226,630,0,0.0
train,train-11289,data/extracted/KolektorSDD2/train/11289.png,data/extracted/KolektorSDD2/train/11289_GT.png,False,235,637,0,0.0
train,train-11290,data/extracted/KolektorSDD2/train/11290.png,data/extracted/KolektorSDD2/train/11290_GT.png,False,232,640,0,0.0
train,train-11291,data/extracted/KolektorSDD2/train/11291.png,data/extracted/KolektorSDD2/train/11291_GT.png,False,233,645,0,0.0
train,train-11292,data/extracted/KolektorSDD2/train/11292.png,data/extracted/KolektorSDD2/train/11292_GT.png,False,225,636,0,0.0
train,train-11293,data/extracted/KolektorSDD2/train/11293.png,data/extracted/KolektorSDD2/train/11293_GT.png,False,226,628,0,0.0
train,train-11294,data/extracted/KolektorSDD2/train/11294.png,data/extracted/KolektorSDD2/train/11294_GT.png,False,224,635,0,0.0
train,train-11295,data/extracted/KolektorSDD2/train/11295.png,data/extracted/KolektorSDD2/train/11295_GT.png,False,232,631,0,0.0
train,train-11296,data/extracted/KolektorSDD2/train/11296.png,data/extracted/KolektorSDD2/train/11296_GT.png,False,227,644,0,0.0
train,train-11297,data/extracted/KolektorSDD2/train/11297.png,data/extracted/KolektorSDD2/train/11297_GT.png,False,226,640,0,0.0
train,train-11298,data/extracted/KolektorSDD2/train/11298.png,data/extracted/KolektorSDD2/train/11298_GT.png,False,232,650,0,0.0
train,train-11299,data/extracted/KolektorSDD2/train/11299.png,data/extracted/KolektorSDD2/train/11299_GT.png,True,231,640,2742,0.018547077922077923
train,train-11300,data/extracted/KolektorSDD2/train/11300.png,data/extracted/KolektorSDD2/train/11300_GT.png,False,228,642,0,0.0
train,train-11301,data/extracted/KolektorSDD2/train/11301.png,data/extracted/KolektorSDD2/train/11301_GT.png,False,228,639,0,0.0
train,train-11302,data/extracted/KolektorSDD2/train/11302.png,data/extracted/KolektorSDD2/train/11302_GT.png,False,229,640,0,0.0
train,train-11303,data/extracted/KolektorSDD2/train/11303.png,data/extracted/KolektorSDD2/train/11303_GT.png,False,225,634,0,0.0
train,train-11304,data/extracted/KolektorSDD2/train/11304.png,data/extracted/KolektorSDD2/train/11304_GT.png,False,223,628,0,0.0
train,train-11305,data/extracted/KolektorSDD2/train/11305.png,data/extracted/KolektorSDD2/train/11305_GT.png,False,232,630,0,0.0
train,train-11306,data/extracted/KolektorSDD2/train/11306.png,data/extracted/KolektorSDD2/train/11306_GT.png,False,231,634,0,0.0
train,train-11307,data/extracted/KolektorSDD2/train/11307.png,data/extracted/KolektorSDD2/train/11307_GT.png,False,229,631,0,0.0
train,train-11308,data/extracted/KolektorSDD2/train/11308.png,data/extracted/KolektorSDD2/train/11308_GT.png,False,230,633,0,0.0
train,train-11309,data/extracted/KolektorSDD2/train/11309.png,data/extracted/KolektorSDD2/train/11309_GT.png,False,232,643,0,0.0
train,train-11310,data/extracted/KolektorSDD2/train/11310.png,data/extracted/KolektorSDD2/train/11310_GT.png,False,228,637,0,0.0
train,train-11311,data/extracted/KolektorSDD2/train/11311.png,data/extracted/KolektorSDD2/train/11311_GT.png,False,233,641,0,0.0
train,train-11312,data/extracted/KolektorSDD2/train/11312.png,data/extracted/KolektorSDD2/train/11312_GT.png,False,231,632,0,0.0
train,train-11313,data/extracted/KolektorSDD2/train/11313.png,data/extracted/KolektorSDD2/train/11313_GT.png,False,230,647,0,0.0
train,train-11314,data/extracted/KolektorSDD2/train/11314.png,data/extracted/KolektorSDD2/train/11314_GT.png,False,228,631,0,0.0
train,train-11315,data/extracted/KolektorSDD2/train/11315.png,data/extracted/KolektorSDD2/train/11315_GT.png,True,226,655,16070,0.10855907586300075
train,train-11316,data/extracted/KolektorSDD2/train/11316.png,data/extracted/KolektorSDD2/train/11316_GT.png,False,224,632,0,0.0
train,train-11317,data/extracted/KolektorSDD2/train/11317.png,data/extracted/KolektorSDD2/train/11317_GT.png,False,234,630,0,0.0
train,train-11318,data/extracted/KolektorSDD2/train/11318.png,data/extracted/KolektorSDD2/train/11318_GT.png,False,229,639,0,0.0
train,train-11319,data/extracted/KolektorSDD2/train/11319.png,data/extracted/KolektorSDD2/train/11319_GT.png,False,228,643,0,0.0
train,train-11320,data/extracted/KolektorSDD2/train/11320.png,data/extracted/KolektorSDD2/train/11320_GT.png,False,225,638,0,0.0
train,train-11321,data/extracted/KolektorSDD2/train/11321.png,data/extracted/KolektorSDD2/train/11321_GT.png,False,232,627,0,0.0
train,train-11322,data/extracted/KolektorSDD2/train/11322.png,data/extracted/KolektorSDD2/train/11322_GT.png,False,234,643,0,0.0
train,train-11323,data/extracted/KolektorSDD2/train/11323.png,data/extracted/KolektorSDD2/train/11323_GT.png,False,228,632,0,0.0
train,train-11324,data/extracted/KolektorSDD2/train/11324.png,data/extracted/KolektorSDD2/train/11324_GT.png,False,231,640,0,0.0
train,train-11325,data/extracted/KolektorSDD2/train/11325.png,data/extracted/KolektorSDD2/train/11325_GT.png,False,232,638,0,0.0
train,train-11326,data/extracted/KolektorSDD2/train/11326.png,data/extracted/KolektorSDD2/train/11326_GT.png,False,234,633,0,0.0
train,train-11327,data/extracted/KolektorSDD2/train/11327.png,data/extracted/KolektorSDD2/train/11327_GT.png,False,227,630,0,0.0
train,train-11328,data/extracted/KolektorSDD2/train/11328.png,data/extracted/KolektorSDD2/train/11328_GT.png,False,230,632,0,0.0
train,train-11329,data/extracted/KolektorSDD2/train/11329.png,data/extracted/KolektorSDD2/train/11329_GT.png,False,220,634,0,0.0
train,train-11330,data/extracted/KolektorSDD2/train/11330.png,data/extracted/KolektorSDD2/train/11330_GT.png,False,221,638,0,0.0
train,train-11331,data/extracted/KolektorSDD2/train/11331.png,data/extracted/KolektorSDD2/train/11331_GT.png,False,228,629,0,0.0
train,train-11332,data/extracted/KolektorSDD2/train/11332.png,data/extracted/KolektorSDD2/train/11332_GT.png,False,238,628,0,0.0
train,train-11333,data/extracted/KolektorSDD2/train/11333.png,data/extracted/KolektorSDD2/train/11333_GT.png,False,215,645,0,0.0
train,train-11334,data/extracted/KolektorSDD2/train/11334.png,data/extracted/KolektorSDD2/train/11334_GT.png,False,234,637,0,0.0
train,train-11335,data/extracted/KolektorSDD2/train/11335.png,data/extracted/KolektorSDD2/train/11335_GT.png,False,227,641,0,0.0
train,train-11336,data/extracted/KolektorSDD2/train/11336.png,data/extracted/KolektorSDD2/train/11336_GT.png,False,230,630,0,0.0
train,train-11337,data/extracted/KolektorSDD2/train/11337.png,data/extracted/KolektorSDD2/train/11337_GT.png,False,225,639,0,0.0
train,train-11338,data/extracted/KolektorSDD2/train/11338.png,data/extracted/KolektorSDD2/train/11338_GT.png,False,228,640,0,0.0
train,train-11339,data/extracted/KolektorSDD2/train/11339.png,data/extracted/KolektorSDD2/train/11339_GT.png,True,228,636,642,0.004427341939755048
train,train-11340,data/extracted/KolektorSDD2/train/11340.png,data/extracted/KolektorSDD2/train/11340_GT.png,False,230,645,0,0.0
train,train-11341,data/extracted/KolektorSDD2/train/11341.png,data/extracted/KolektorSDD2/train/11341_GT.png,False,227,632,0,0.0
train,train-11342,data/extracted/KolektorSDD2/train/11342.png,data/extracted/KolektorSDD2/train/11342_GT.png,False,230,632,0,0.0
train,train-11343,data/extracted/KolektorSDD2/train/11343.png,data/extracted/KolektorSDD2/train/11343_GT.png,False,232,652,0,0.0
train,train-11344,data/extracted/KolektorSDD2/train/11344.png,data/extracted/KolektorSDD2/train/11344_GT.png,False,232,638,0,0.0
train,train-11345,data/extracted/KolektorSDD2/train/11345.png,data/extracted/KolektorSDD2/train/11345_GT.png,False,229,632,0,0.0
train,train-11346,data/extracted/KolektorSDD2/train/11346.png,data/extracted/KolektorSDD2/train/11346_GT.png,False,229,633,0,0.0
train,train-11347,data/extracted/KolektorSDD2/train/11347.png,data/extracted/KolektorSDD2/train/11347_GT.png,False,226,627,0,0.0
train,train-11348,data/extracted/KolektorSDD2/train/11348.png,data/extracted/KolektorSDD2/train/11348_GT.png,False,231,640,0,0.0
train,train-11349,data/extracted/KolektorSDD2/train/11349.png,data/extracted/KolektorSDD2/train/11349_GT.png,False,234,635,0,0.0
train,train-11350,data/extracted/KolektorSDD2/train/11350.png,data/extracted/KolektorSDD2/train/11350_GT.png,True,230,642,2222,0.015048083434918055
train,train-11351,data/extracted/KolektorSDD2/train/11351.png,data/extracted/KolektorSDD2/train/11351_GT.png,True,221,629,2841,0.020437525627837048
train,train-11352,data/extracted/KolektorSDD2/train/11352.png,data/extracted/KolektorSDD2/train/11352_GT.png,False,232,638,0,0.0
train,train-11353,data/extracted/KolektorSDD2/train/11353.png,data/extracted/KolektorSDD2/train/11353_GT.png,False,235,636,0,0.0
train,train-11354,data/extracted/KolektorSDD2/train/11354.png,data/extracted/KolektorSDD2/train/11354_GT.png,False,228,633,0,0.0
train,train-11355,data/extracted/KolektorSDD2/train/11355.png,data/extracted/KolektorSDD2/train/11355_GT.png,False,230,638,0,0.0
train,train-11356,data/extracted/KolektorSDD2/train/11356.png,data/extracted/KolektorSDD2/train/11356_GT.png,False,233,639,0,0.0
train,train-11357,data/extracted/KolektorSDD2/train/11357.png,data/extracted/KolektorSDD2/train/11357_GT.png,False,220,635,0,0.0
train,train-11358,data/extracted/KolektorSDD2/train/11358.png,data/extracted/KolektorSDD2/train/11358_GT.png,False,232,644,0,0.0
train,train-11359,data/extracted/KolektorSDD2/train/11359.png,data/extracted/KolektorSDD2/train/11359_GT.png,False,222,629,0,0.0
train,train-11360,data/extracted/KolektorSDD2/train/11360.png,data/extracted/KolektorSDD2/train/11360_GT.png,True,228,644,1000,0.006810504522175003
train,train-11361,data/extracted/KolektorSDD2/train/11361.png,data/extracted/KolektorSDD2/train/11361_GT.png,False,231,632,0,0.0
train,train-11362,data/extracted/KolektorSDD2/train/11362.png,data/extracted/KolektorSDD2/train/11362_GT.png,False,226,636,0,0.0
train,train-11363,data/extracted/KolektorSDD2/train/11363.png,data/extracted/KolektorSDD2/train/11363_GT.png,True,231,625,861,0.005963636363636364
train,train-11364,data/extracted/KolektorSDD2/train/11364.png,data/extracted/KolektorSDD2/train/11364_GT.png,True,237,650,531,0.0034469328140214217
train,train-11365,data/extracted/KolektorSDD2/train/11365.png,data/extracted/KolektorSDD2/train/11365_GT.png,False,234,633,0,0.0
train,train-11366,data/extracted/KolektorSDD2/train/11366.png,data/extracted/KolektorSDD2/train/11366_GT.png,False,232,632,0,0.0
train,train-11367,data/extracted/KolektorSDD2/train/11367.png,data/extracted/KolektorSDD2/train/11367_GT.png,False,231,633,0,0.0
train,train-11368,data/extracted/KolektorSDD2/train/11368.png,data/extracted/KolektorSDD2/train/11368_GT.png,False,232,637,0,0.0
train,train-11369,data/extracted/KolektorSDD2/train/11369.png,data/extracted/KolektorSDD2/train/11369_GT.png,False,230,633,0,0.0
train,train-11370,data/extracted/KolektorSDD2/train/11370.png,data/extracted/KolektorSDD2/train/11370_GT.png,False,233,642,0,0.0
train,train-11371,data/extracted/KolektorSDD2/train/11371.png,data/extracted/KolektorSDD2/train/11371_GT.png,False,228,648,0,0.0
train,train-11372,data/extracted/KolektorSDD2/train/11372.png,data/extracted/KolektorSDD2/train/11372_GT.png,False,226,639,0,0.0
train,train-11373,data/extracted/KolektorSDD2/train/11373.png,data/extracted/KolektorSDD2/train/11373_GT.png,False,232,632,0,0.0
train,train-11374,data/extracted/KolektorSDD2/train/11374.png,data/extracted/KolektorSDD2/train/11374_GT.png,False,230,635,0,0.0
train,train-11375,data/extracted/KolektorSDD2/train/11375.png,data/extracted/KolektorSDD2/train/11375_GT.png,False,234,645,0,0.0
train,train-11376,data/extracted/KolektorSDD2/train/11376.png,data/extracted/KolektorSDD2/train/11376_GT.png,False,230,630,0,0.0
train,train-11377,data/extracted/KolektorSDD2/train/11377.png,data/extracted/KolektorSDD2/train/11377_GT.png,False,231,633,0,0.0
train,train-11378,data/extracted/KolektorSDD2/train/11378.png,data/extracted/KolektorSDD2/train/11378_GT.png,False,229,633,0,0.0
train,train-11379,data/extracted/KolektorSDD2/train/11379.png,data/extracted/KolektorSDD2/train/11379_GT.png,False,228,630,0,0.0
train,train-11380,data/extracted/KolektorSDD2/train/11380.png,data/extracted/KolektorSDD2/train/11380_GT.png,False,237,639,0,0.0
train,train-11381,data/extracted/KolektorSDD2/train/11381.png,data/extracted/KolektorSDD2/train/11381_GT.png,False,229,635,0,0.0
train,train-11382,data/extracted/KolektorSDD2/train/11382.png,data/extracted/KolektorSDD2/train/11382_GT.png,False,234,639,0,0.0
train,train-11383,data/extracted/KolektorSDD2/train/11383.png,data/extracted/KolektorSDD2/train/11383_GT.png,False,234,642,0,0.0
train,train-11384,data/extracted/KolektorSDD2/train/11384.png,data/extracted/KolektorSDD2/train/11384_GT.png,False,230,636,0,0.0
train,train-11385,data/extracted/KolektorSDD2/train/11385.png,data/extracted/KolektorSDD2/train/11385_GT.png,False,230,641,0,0.0
train,train-11386,data/extracted/KolektorSDD2/train/11386.png,data/extracted/KolektorSDD2/train/11386_GT.png,True,226,628,839,0.00591144805817034
train,train-11387,data/extracted/KolektorSDD2/train/11387.png,data/extracted/KolektorSDD2/train/11387_GT.png,False,234,645,0,0.0
train,train-11388,data/extracted/KolektorSDD2/train/11388.png,data/extracted/KolektorSDD2/train/11388_GT.png,True,234,633,2273,0.015345458473420559
train,train-11389,data/extracted/KolektorSDD2/train/11389.png,data/extracted/KolektorSDD2/train/11389_GT.png,False,216,632,0,0.0
train,train-11390,data/extracted/KolektorSDD2/train/11390.png,data/extracted/KolektorSDD2/train/11390_GT.png,False,228,636,0,0.0
train,train-11391,data/extracted/KolektorSDD2/train/11391.png,data/extracted/KolektorSDD2/train/11391_GT.png,False,232,638,0,0.0
train,train-11392,data/extracted/KolektorSDD2/train/11392.png,data/extracted/KolektorSDD2/train/11392_GT.png,False,232,642,0,0.0
train,train-11393,data/extracted/KolektorSDD2/train/11393.png,data/extracted/KolektorSDD2/train/11393_GT.png,False,222,627,0,0.0
train,train-11394,data/extracted/KolektorSDD2/train/11394.png,data/extracted/KolektorSDD2/train/11394_GT.png,False,230,637,0,0.0
train,train-11395,data/extracted/KolektorSDD2/train/11395.png,data/extracted/KolektorSDD2/train/11395_GT.png,False,228,651,0,0.0
train,train-11396,data/extracted/KolektorSDD2/train/11396.png,data/extracted/KolektorSDD2/train/11396_GT.png,False,229,624,0,0.0
train,train-11397,data/extracted/KolektorSDD2/train/11397.png,data/extracted/KolektorSDD2/train/11397_GT.png,False,230,629,0,0.0
train,train-11398,data/extracted/KolektorSDD2/train/11398.png,data/extracted/KolektorSDD2/train/11398_GT.png,True,225,647,7012,0.0481676111969775
train,train-11399,data/extracted/KolektorSDD2/train/11399.png,data/extracted/KolektorSDD2/train/11399_GT.png,False,234,646,0,0.0
train,train-11400,data/extracted/KolektorSDD2/train/11400.png,data/extracted/KolektorSDD2/train/11400_GT.png,False,230,638,0,0.0
train,train-11401,data/extracted/KolektorSDD2/train/11401.png,data/extracted/KolektorSDD2/train/11401_GT.png,False,228,631,0,0.0
train,train-11402,data/extracted/KolektorSDD2/train/11402.png,data/extracted/KolektorSDD2/train/11402_GT.png,False,230,636,0,0.0
train,train-11403,data/extracted/KolektorSDD2/train/11403.png,data/extracted/KolektorSDD2/train/11403_GT.png,False,232,632,0,0.0
train,train-11404,data/extracted/KolektorSDD2/train/11404.png,data/extracted/KolektorSDD2/train/11404_GT.png,True,227,636,3847,0.026646441138170836
train,train-11405,data/extracted/KolektorSDD2/train/11405.png,data/extracted/KolektorSDD2/train/11405_GT.png,False,219,636,0,0.0
train,train-11406,data/extracted/KolektorSDD2/train/11406.png,data/extracted/KolektorSDD2/train/11406_GT.png,False,237,643,0,0.0
train,train-11407,data/extracted/KolektorSDD2/train/11407.png,data/extracted/KolektorSDD2/train/11407_GT.png,False,229,646,0,0.0
train,train-11408,data/extracted/KolektorSDD2/train/11408.png,data/extracted/KolektorSDD2/train/11408_GT.png,False,225,634,0,0.0
train,train-11409,data/extracted/KolektorSDD2/train/11409.png,data/extracted/KolektorSDD2/train/11409_GT.png,False,231,634,0,0.0
train,train-11410,data/extracted/KolektorSDD2/train/11410.png,data/extracted/KolektorSDD2/train/11410_GT.png,False,236,648,0,0.0
train,train-11411,data/extracted/KolektorSDD2/train/11411.png,data/extracted/KolektorSDD2/train/11411_GT.png,False,238,642,0,0.0
train,train-11412,data/extracted/KolektorSDD2/train/11412.png,data/extracted/KolektorSDD2/train/11412_GT.png,False,231,637,0,0.0
train,train-11413,data/extracted/KolektorSDD2/train/11413.png,data/extracted/KolektorSDD2/train/11413_GT.png,False,227,631,0,0.0
train,train-11414,data/extracted/KolektorSDD2/train/11414.png,data/extracted/KolektorSDD2/train/11414_GT.png,False,229,641,0,0.0
train,train-11415,data/extracted/KolektorSDD2/train/11415.png,data/extracted/KolektorSDD2/train/11415_GT.png,False,234,643,0,0.0
train,train-11416,data/extracted/KolektorSDD2/train/11416.png,data/extracted/KolektorSDD2/train/11416_GT.png,False,226,632,0,0.0
train,train-11417,data/extracted/KolektorSDD2/train/11417.png,data/extracted/KolektorSDD2/train/11417_GT.png,True,229,634,627,0.004318598211948811
train,train-11418,data/extracted/KolektorSDD2/train/11418.png,data/extracted/KolektorSDD2/train/11418_GT.png,False,226,630,0,0.0
train,train-11419,data/extracted/KolektorSDD2/train/11419.png,data/extracted/KolektorSDD2/train/11419_GT.png,False,240,642,0,0.0
train,train-11420,data/extracted/KolektorSDD2/train/11420.png,data/extracted/KolektorSDD2/train/11420_GT.png,False,228,630,0,0.0
train,train-11421,data/extracted/KolektorSDD2/train/11421.png,data/extracted/KolektorSDD2/train/11421_GT.png,False,228,631,0,0.0
train,train-11422,data/extracted/KolektorSDD2/train/11422.png,data/extracted/KolektorSDD2/train/11422_GT.png,False,239,640,0,0.0
train,train-11423,data/extracted/KolektorSDD2/train/11423.png,data/extracted/KolektorSDD2/train/11423_GT.png,False,226,640,0,0.0
train,train-11424,data/extracted/KolektorSDD2/train/11424.png,data/extracted/KolektorSDD2/train/11424_GT.png,False,228,640,0,0.0
train,train-11425,data/extracted/KolektorSDD2/train/11425.png,data/extracted/KolektorSDD2/train/11425_GT.png,False,235,637,0,0.0
train,train-11426,data/extracted/KolektorSDD2/train/11426.png,data/extracted/KolektorSDD2/train/11426_GT.png,False,230,640,0,0.0
train,train-11427,data/extracted/KolektorSDD2/train/11427.png,data/extracted/KolektorSDD2/train/11427_GT.png,False,229,634,0,0.0
train,train-11428,data/extracted/KolektorSDD2/train/11428.png,data/extracted/KolektorSDD2/train/11428_GT.png,False,233,638,0,0.0
train,train-11429,data/extracted/KolektorSDD2/train/11429.png,data/extracted/KolektorSDD2/train/11429_GT.png,False,226,636,0,0.0
train,train-11430,data/extracted/KolektorSDD2/train/11430.png,data/extracted/KolektorSDD2/train/11430_GT.png,True,230,629,3987,0.027559272827815028
train,train-11431,data/extracted/KolektorSDD2/train/11431.png,data/extracted/KolektorSDD2/train/11431_GT.png,False,230,636,0,0.0
train,train-11432,data/extracted/KolektorSDD2/train/11432.png,data/extracted/KolektorSDD2/train/11432_GT.png,True,231,640,2066,0.0139745670995671
train,train-11433,data/extracted/KolektorSDD2/train/11433.png,data/extracted/KolektorSDD2/train/11433_GT.png,False,229,638,0,0.0
train,train-11434,data/extracted/KolektorSDD2/train/11434.png,data/extracted/KolektorSDD2/train/11434_GT.png,False,229,628,0,0.0
train,train-11435,data/extracted/KolektorSDD2/train/11435.png,data/extracted/KolektorSDD2/train/11435_GT.png,False,226,625,0,0.0
train,train-11436,data/extracted/KolektorSDD2/train/11436.png,data/extracted/KolektorSDD2/train/11436_GT.png,False,224,637,0,0.0
train,train-11437,data/extracted/KolektorSDD2/train/11437.png,data/extracted/KolektorSDD2/train/11437_GT.png,False,230,645,0,0.0
train,train-11438,data/extracted/KolektorSDD2/train/11438.png,data/extracted/KolektorSDD2/train/11438_GT.png,False,226,634,0,0.0
train,train-11439,data/extracted/KolektorSDD2/train/11439.png,data/extracted/KolektorSDD2/train/11439_GT.png,False,228,644,0,0.0
train,train-11440,data/extracted/KolektorSDD2/train/11440.png,data/extracted/KolektorSDD2/train/11440_GT.png,False,228,643,0,0.0
train,train-11441,data/extracted/KolektorSDD2/train/11441.png,data/extracted/KolektorSDD2/train/11441_GT.png,False,232,631,0,0.0
train,train-11442,data/extracted/KolektorSDD2/train/11442.png,data/extracted/KolektorSDD2/train/11442_GT.png,False,228,643,0,0.0
train,train-11443,data/extracted/KolektorSDD2/train/11443.png,data/extracted/KolektorSDD2/train/11443_GT.png,False,234,638,0,0.0
train,train-11444,data/extracted/KolektorSDD2/train/11444.png,data/extracted/KolektorSDD2/train/11444_GT.png,True,235,647,2204,0.014495708507349797
train,train-11445,data/extracted/KolektorSDD2/train/11445.png,data/extracted/KolektorSDD2/train/11445_GT.png,False,231,641,0,0.0
train,train-11446,data/extracted/KolektorSDD2/train/11446.png,data/extracted/KolektorSDD2/train/11446_GT.png,False,227,636,0,0.0
train,train-11447,data/extracted/KolektorSDD2/train/11447.png,data/extracted/KolektorSDD2/train/11447_GT.png,True,234,633,3090,0.020861181998622757
train,train-11448,data/extracted/KolektorSDD2/train/11448.png,data/extracted/KolektorSDD2/train/11448_GT.png,False,224,630,0,0.0
train,train-11449,data/extracted/KolektorSDD2/train/11449.png,data/extracted/KolektorSDD2/train/11449_GT.png,False,228,638,0,0.0
train,train-11450,data/extracted/KolektorSDD2/train/11450.png,data/extracted/KolektorSDD2/train/11450_GT.png,False,232,642,0,0.0
train,train-11451,data/extracted/KolektorSDD2/train/11451.png,data/extracted/KolektorSDD2/train/11451_GT.png,False,227,647,0,0.0
train,train-11452,data/extracted/KolektorSDD2/train/11452.png,data/extracted/KolektorSDD2/train/11452_GT.png,False,234,643,0,0.0
train,train-11453,data/extracted/KolektorSDD2/train/11453.png,data/extracted/KolektorSDD2/train/11453_GT.png,False,233,653,0,0.0
train,train-11454,data/extracted/KolektorSDD2/train/11454.png,data/extracted/KolektorSDD2/train/11454_GT.png,False,212,634,0,0.0
train,train-11455,data/extracted/KolektorSDD2/train/11455.png,data/extracted/KolektorSDD2/train/11455_GT.png,False,234,644,0,0.0
train,train-11456,data/extracted/KolektorSDD2/train/11456.png,data/extracted/KolektorSDD2/train/11456_GT.png,False,234,636,0,0.0
train,train-11457,data/extracted/KolektorSDD2/train/11457.png,data/extracted/KolektorSDD2/train/11457_GT.png,False,233,632,0,0.0
train,train-11458,data/extracted/KolektorSDD2/train/11458.png,data/extracted/KolektorSDD2/train/11458_GT.png,True,226,635,471,0.003282001254267995
train,train-11459,data/extracted/KolektorSDD2/train/11459.png,data/extracted/KolektorSDD2/train/11459_GT.png,False,224,625,0,0.0
train,train-11460,data/extracted/KolektorSDD2/train/11460.png,data/extracted/KolektorSDD2/train/11460_GT.png,False,232,634,0,0.0
train,train-11461,data/extracted/KolektorSDD2/train/11461.png,data/extracted/KolektorSDD2/train/11461_GT.png,False,232,653,0,0.0
train,train-11462,data/extracted/KolektorSDD2/train/11462.png,data/extracted/KolektorSDD2/train/11462_GT.png,False,233,640,0,0.0
train,train-11463,data/extracted/KolektorSDD2/train/11463.png,data/extracted/KolektorSDD2/train/11463_GT.png,False,233,640,0,0.0
train,train-11464,data/extracted/KolektorSDD2/train/11464.png,data/extracted/KolektorSDD2/train/11464_GT.png,False,223,620,0,0.0
train,train-11465,data/extracted/KolektorSDD2/train/11465.png,data/extracted/KolektorSDD2/train/11465_GT.png,False,232,639,0,0.0
train,train-11466,data/extracted/KolektorSDD2/train/11466.png,data/extracted/KolektorSDD2/train/11466_GT.png,False,229,638,0,0.0
train,train-11467,data/extracted/KolektorSDD2/train/11467.png,data/extracted/KolektorSDD2/train/11467_GT.png,False,230,636,0,0.0
train,train-11468,data/extracted/KolektorSDD2/train/11468.png,data/extracted/KolektorSDD2/train/11468_GT.png,False,231,630,0,0.0
train,train-11469,data/extracted/KolektorSDD2/train/11469.png,data/extracted/KolektorSDD2/train/11469_GT.png,False,226,631,0,0.0
train,train-11470,data/extracted/KolektorSDD2/train/11470.png,data/extracted/KolektorSDD2/train/11470_GT.png,False,227,640,0,0.0
train,train-11471,data/extracted/KolektorSDD2/train/11471.png,data/extracted/KolektorSDD2/train/11471_GT.png,False,227,640,0,0.0
train,train-11472,data/extracted/KolektorSDD2/train/11472.png,data/extracted/KolektorSDD2/train/11472_GT.png,False,229,638,0,0.0
train,train-11473,data/extracted/KolektorSDD2/train/11473.png,data/extracted/KolektorSDD2/train/11473_GT.png,False,232,635,0,0.0
train,train-11474,data/extracted/KolektorSDD2/train/11474.png,data/extracted/KolektorSDD2/train/11474_GT.png,False,231,627,0,0.0
train,train-11475,data/extracted/KolektorSDD2/train/11475.png,data/extracted/KolektorSDD2/train/11475_GT.png,False,224,625,0,0.0
train,train-11476,data/extracted/KolektorSDD2/train/11476.png,data/extracted/KolektorSDD2/train/11476_GT.png,False,217,631,0,0.0
train,train-11477,data/extracted/KolektorSDD2/train/11477.png,data/extracted/KolektorSDD2/train/11477_GT.png,True,230,642,2528,0.01712041175673845
train,train-11478,data/extracted/KolektorSDD2/train/11478.png,data/extracted/KolektorSDD2/train/11478_GT.png,False,231,650,0,0.0
train,train-11479,data/extracted/KolektorSDD2/train/11479.png,data/extracted/KolektorSDD2/train/11479_GT.png,False,227,633,0,0.0
train,train-11480,data/extracted/KolektorSDD2/train/11480.png,data/extracted/KolektorSDD2/train/11480_GT.png,False,229,644,0,0.0
train,train-11481,data/extracted/KolektorSDD2/train/11481.png,data/extracted/KolektorSDD2/train/11481_GT.png,True,227,632,852,0.005938772096135616
train,train-11482,data/extracted/KolektorSDD2/train/11482.png,data/extracted/KolektorSDD2/train/11482_GT.png,True,235,632,265,0.0017842714785887422
train,train-11483,data/extracted/KolektorSDD2/train/11483.png,data/extracted/KolektorSDD2/train/11483_GT.png,False,231,643,0,0.0
train,train-11484,data/extracted/KolektorSDD2/train/11484.png,data/extracted/KolektorSDD2/train/11484_GT.png,False,226,629,0,0.0
train,train-11485,data/extracted/KolektorSDD2/train/11485.png,data/extracted/KolektorSDD2/train/11485_GT.png,False,227,625,0,0.0
train,train-11486,data/extracted/KolektorSDD2/train/11486.png,data/extracted/KolektorSDD2/train/11486_GT.png,False,230,635,0,0.0
train,train-11487,data/extracted/KolektorSDD2/train/11487.png,data/extracted/KolektorSDD2/train/11487_GT.png,False,230,640,0,0.0
train,train-11488,data/extracted/KolektorSDD2/train/11488.png,data/extracted/KolektorSDD2/train/11488_GT.png,False,234,642,0,0.0
train,train-11489,data/extracted/KolektorSDD2/train/11489.png,data/extracted/KolektorSDD2/train/11489_GT.png,False,233,649,0,0.0
train,train-11490,data/extracted/KolektorSDD2/train/11490.png,data/extracted/KolektorSDD2/train/11490_GT.png,False,231,629,0,0.0
train,train-11491,data/extracted/KolektorSDD2/train/11491.png,data/extracted/KolektorSDD2/train/11491_GT.png,False,231,641,0,0.0
train,train-11492,data/extracted/KolektorSDD2/train/11492.png,data/extracted/KolektorSDD2/train/11492_GT.png,False,226,635,0,0.0
train,train-11493,data/extracted/KolektorSDD2/train/11493.png,data/extracted/KolektorSDD2/train/11493_GT.png,False,227,645,0,0.0
train,train-11494,data/extracted/KolektorSDD2/train/11494.png,data/extracted/KolektorSDD2/train/11494_GT.png,False,205,630,0,0.0
train,train-11495,data/extracted/KolektorSDD2/train/11495.png,data/extracted/KolektorSDD2/train/11495_GT.png,False,229,639,0,0.0
train,train-11496,data/extracted/KolektorSDD2/train/11496.png,data/extracted/KolektorSDD2/train/11496_GT.png,False,224,638,0,0.0
train,train-11497,data/extracted/KolektorSDD2/train/11497.png,data/extracted/KolektorSDD2/train/11497_GT.png,False,233,650,0,0.0
train,train-11498,data/extracted/KolektorSDD2/train/11498.png,data/extracted/KolektorSDD2/train/11498_GT.png,False,231,643,0,0.0
train,train-11499,data/extracted/KolektorSDD2/train/11499.png,data/extracted/KolektorSDD2/train/11499_GT.png,False,231,643,0,0.0
train,train-11500,data/extracted/KolektorSDD2/train/11500.png,data/extracted/KolektorSDD2/train/11500_GT.png,True,226,630,5461,0.0383551060542211
train,train-11501,data/extracted/KolektorSDD2/train/11501.png,data/extracted/KolektorSDD2/train/11501_GT.png,False,227,636,0,0.0
train,train-11502,data/extracted/KolektorSDD2/train/11502.png,data/extracted/KolektorSDD2/train/11502_GT.png,False,229,635,0,0.0
train,train-11503,data/extracted/KolektorSDD2/train/11503.png,data/extracted/KolektorSDD2/train/11503_GT.png,False,234,645,0,0.0
train,train-11504,data/extracted/KolektorSDD2/train/11504.png,data/extracted/KolektorSDD2/train/11504_GT.png,False,229,633,0,0.0
train,train-11505,data/extracted/KolektorSDD2/train/11505.png,data/extracted/KolektorSDD2/train/11505_GT.png,False,229,643,0,0.0
train,train-11506,data/extracted/KolektorSDD2/train/11506.png,data/extracted/KolektorSDD2/train/11506_GT.png,True,226,634,883,0.006162586192456939
train,train-11507,data/extracted/KolektorSDD2/train/11507.png,data/extracted/KolektorSDD2/train/11507_GT.png,False,216,631,0,0.0
train,train-11508,data/extracted/KolektorSDD2/train/11508.png,data/extracted/KolektorSDD2/train/11508_GT.png,False,225,627,0,0.0
train,train-11509,data/extracted/KolektorSDD2/train/11509.png,data/extracted/KolektorSDD2/train/11509_GT.png,False,224,632,0,0.0
train,train-11510,data/extracted/KolektorSDD2/train/11510.png,data/extracted/KolektorSDD2/train/11510_GT.png,False,228,644,0,0.0
train,train-11511,data/extracted/KolektorSDD2/train/11511.png,data/extracted/KolektorSDD2/train/11511_GT.png,False,231,644,0,0.0
train,train-11512,data/extracted/KolektorSDD2/train/11512.png,data/extracted/KolektorSDD2/train/11512_GT.png,True,229,642,177,0.0012039342121372893
train,train-11513,data/extracted/KolektorSDD2/train/11513.png,data/extracted/KolektorSDD2/train/11513_GT.png,False,230,641,0,0.0
train,train-11514,data/extracted/KolektorSDD2/train/11514.png,data/extracted/KolektorSDD2/train/11514_GT.png,False,235,643,0,0.0
train,train-11515,data/extracted/KolektorSDD2/train/11515.png,data/extracted/KolektorSDD2/train/11515_GT.png,False,226,632,0,0.0
train,train-11516,data/extracted/KolektorSDD2/train/11516.png,data/extracted/KolektorSDD2/train/11516_GT.png,False,230,638,0,0.0
train,train-11517,data/extracted/KolektorSDD2/train/11517.png,data/extracted/KolektorSDD2/train/11517_GT.png,False,224,626,0,0.0
train,train-11518,data/extracted/KolektorSDD2/train/11518.png,data/extracted/KolektorSDD2/train/11518_GT.png,False,232,645,0,0.0
train,train-11519,data/extracted/KolektorSDD2/train/11519.png,data/extracted/KolektorSDD2/train/11519_GT.png,False,228,630,0,0.0
train,train-11520,data/extracted/KolektorSDD2/train/11520.png,data/extracted/KolektorSDD2/train/11520_GT.png,False,230,641,0,0.0
train,train-11521,data/extracted/KolektorSDD2/train/11521.png,data/extracted/KolektorSDD2/train/11521_GT.png,False,231,639,0,0.0
train,train-11522,data/extracted/KolektorSDD2/train/11522.png,data/extracted/KolektorSDD2/train/11522_GT.png,False,235,642,0,0.0
train,train-11523,data/extracted/KolektorSDD2/train/11523.png,data/extracted/KolektorSDD2/train/11523_GT.png,False,234,647,0,0.0
train,train-11524,data/extracted/KolektorSDD2/train/11524.png,data/extracted/KolektorSDD2/train/11524_GT.png,False,230,629,0,0.0
train,train-11525,data/extracted/KolektorSDD2/train/11525.png,data/extracted/KolektorSDD2/train/11525_GT.png,False,228,647,0,0.0
train,train-11526,data/extracted/KolektorSDD2/train/11526.png,data/extracted/KolektorSDD2/train/11526_GT.png,False,232,640,0,0.0
train,train-11527,data/extracted/KolektorSDD2/train/11527.png,data/extracted/KolektorSDD2/train/11527_GT.png,False,228,630,0,0.0
train,train-11528,data/extracted/KolektorSDD2/train/11528.png,data/extracted/KolektorSDD2/train/11528_GT.png,False,231,642,0,0.0
train,train-11529,data/extracted/KolektorSDD2/train/11529.png,data/extracted/KolektorSDD2/train/11529_GT.png,False,226,633,0,0.0
train,train-11530,data/extracted/KolektorSDD2/train/11530.png,data/extracted/KolektorSDD2/train/11530_GT.png,False,228,644,0,0.0
train,train-11531,data/extracted/KolektorSDD2/train/11531.png,data/extracted/KolektorSDD2/train/11531_GT.png,False,220,628,0,0.0
train,train-11532,data/extracted/KolektorSDD2/train/11532.png,data/extracted/KolektorSDD2/train/11532_GT.png,False,206,636,0,0.0
train,train-11533,data/extracted/KolektorSDD2/train/11533.png,data/extracted/KolektorSDD2/train/11533_GT.png,False,221,635,0,0.0
train,train-11534,data/extracted/KolektorSDD2/train/11534.png,data/extracted/KolektorSDD2/train/11534_GT.png,False,227,642,0,0.0
train,train-11535,data/extracted/KolektorSDD2/train/11535.png,data/extracted/KolektorSDD2/train/11535_GT.png,False,221,646,0,0.0
train,train-11536,data/extracted/KolektorSDD2/train/11536.png,data/extracted/KolektorSDD2/train/11536_GT.png,False,226,632,0,0.0
train,train-11537,data/extracted/KolektorSDD2/train/11537.png,data/extracted/KolektorSDD2/train/11537_GT.png,False,227,629,0,0.0
train,train-11538,data/extracted/KolektorSDD2/train/11538.png,data/extracted/KolektorSDD2/train/11538_GT.png,False,233,634,0,0.0
train,train-11539,data/extracted/KolektorSDD2/train/11539.png,data/extracted/KolektorSDD2/train/11539_GT.png,False,230,630,0,0.0
train,train-11540,data/extracted/KolektorSDD2/train/11540.png,data/extracted/KolektorSDD2/train/11540_GT.png,False,233,646,0,0.0
train,train-11541,data/extracted/KolektorSDD2/train/11541.png,data/extracted/KolektorSDD2/train/11541_GT.png,False,231,619,0,0.0
train,train-11542,data/extracted/KolektorSDD2/train/11542.png,data/extracted/KolektorSDD2/train/11542_GT.png,False,232,638,0,0.0
train,train-11543,data/extracted/KolektorSDD2/train/11543.png,data/extracted/KolektorSDD2/train/11543_GT.png,True,230,630,3201,0.022091097308488614
train,train-11544,data/extracted/KolektorSDD2/train/11544.png,data/extracted/KolektorSDD2/train/11544_GT.png,False,237,635,0,0.0
train,train-11545,data/extracted/KolektorSDD2/train/11545.png,data/extracted/KolektorSDD2/train/11545_GT.png,False,236,646,0,0.0
train,train-11546,data/extracted/KolektorSDD2/train/11546.png,data/extracted/KolektorSDD2/train/11546_GT.png,False,229,643,0,0.0
train,train-11547,data/extracted/KolektorSDD2/train/11547.png,data/extracted/KolektorSDD2/train/11547_GT.png,False,236,634,0,0.0
train,train-11548,data/extracted/KolektorSDD2/train/11548.png,data/extracted/KolektorSDD2/train/11548_GT.png,False,235,641,0,0.0
train,train-11549,data/extracted/KolektorSDD2/train/11549.png,data/extracted/KolektorSDD2/train/11549_GT.png,True,216,634,2912,0.021264166374576468
train,train-11550,data/extracted/KolektorSDD2/train/11550.png,data/extracted/KolektorSDD2/train/11550_GT.png,False,231,638,0,0.0
train,train-11551,data/extracted/KolektorSDD2/train/11551.png,data/extracted/KolektorSDD2/train/11551_GT.png,False,230,626,0,0.0
train,train-11552,data/extracted/KolektorSDD2/train/11552.png,data/extracted/KolektorSDD2/train/11552_GT.png,False,233,644,0,0.0
train,train-11553,data/extracted/KolektorSDD2/train/11553.png,data/extracted/KolektorSDD2/train/11553_GT.png,True,229,630,607,0.004207388923546129
train,train-11554,data/extracted/KolektorSDD2/train/11554.png,data/extracted/KolektorSDD2/train/11554_GT.png,False,230,632,0,0.0
train,train-11555,data/extracted/KolektorSDD2/train/11555.png,data/extracted/KolektorSDD2/train/11555_GT.png,False,226,636,0,0.0
train,train-11556,data/extracted/KolektorSDD2/train/11556.png,data/extracted/KolektorSDD2/train/11556_GT.png,False,227,631,0,0.0
train,train-11557,data/extracted/KolektorSDD2/train/11557.png,data/extracted/KolektorSDD2/train/11557_GT.png,False,225,632,0,0.0
train,train-11558,data/extracted/KolektorSDD2/train/11558.png,data/extracted/KolektorSDD2/train/11558_GT.png,False,230,632,0,0.0
train,train-11559,data/extracted/KolektorSDD2/train/11559.png,data/extracted/KolektorSDD2/train/11559_GT.png,False,235,644,0,0.0
train,train-11560,data/extracted/KolektorSDD2/train/11560.png,data/extracted/KolektorSDD2/train/11560_GT.png,False,232,646,0,0.0
train,train-11561,data/extracted/KolektorSDD2/train/11561.png,data/extracted/KolektorSDD2/train/11561_GT.png,False,229,635,0,0.0
train,train-11562,data/extracted/KolektorSDD2/train/11562.png,data/extracted/KolektorSDD2/train/11562_GT.png,False,235,641,0,0.0
train,train-11563,data/extracted/KolektorSDD2/train/11563.png,data/extracted/KolektorSDD2/train/11563_GT.png,False,231,636,0,0.0
train,train-11564,data/extracted/KolektorSDD2/train/11564.png,data/extracted/KolektorSDD2/train/11564_GT.png,False,229,639,0,0.0
train,train-11565,data/extracted/KolektorSDD2/train/11565.png,data/extracted/KolektorSDD2/train/11565_GT.png,False,234,642,0,0.0
train,train-11566,data/extracted/KolektorSDD2/train/11566.png,data/extracted/KolektorSDD2/train/11566_GT.png,False,230,648,0,0.0
train,train-11567,data/extracted/KolektorSDD2/train/11567.png,data/extracted/KolektorSDD2/train/11567_GT.png,False,229,636,0,0.0
train,train-11568,data/extracted/KolektorSDD2/train/11568.png,data/extracted/KolektorSDD2/train/11568_GT.png,True,230,640,988,0.00671195652173913
train,train-11569,data/extracted/KolektorSDD2/train/11569.png,data/extracted/KolektorSDD2/train/11569_GT.png,False,231,642,0,0.0
train,train-11570,data/extracted/KolektorSDD2/train/11570.png,data/extracted/KolektorSDD2/train/11570_GT.png,False,229,634,0,0.0
train,train-11571,data/extracted/KolektorSDD2/train/11571.png,data/extracted/KolektorSDD2/train/11571_GT.png,False,228,645,0,0.0
train,train-11572,data/extracted/KolektorSDD2/train/11572.png,data/extracted/KolektorSDD2/train/11572_GT.png,False,228,637,0,0.0
train,train-11573,data/extracted/KolektorSDD2/train/11573.png,data/extracted/KolektorSDD2/train/11573_GT.png,True,233,642,3702,0.024748305322690626
train,train-11574,data/extracted/KolektorSDD2/train/11574.png,data/extracted/KolektorSDD2/train/11574_GT.png,True,231,640,5103,0.03451704545454545
train,train-11575,data/extracted/KolektorSDD2/train/11575.png,data/extracted/KolektorSDD2/train/11575_GT.png,False,226,631,0,0.0
train,train-11576,data/extracted/KolektorSDD2/train/11576.png,data/extracted/KolektorSDD2/train/11576_GT.png,False,231,634,0,0.0
train,train-11577,data/extracted/KolektorSDD2/train/11577.png,data/extracted/KolektorSDD2/train/11577_GT.png,False,224,632,0,0.0
train,train-11578,data/extracted/KolektorSDD2/train/11578.png,data/extracted/KolektorSDD2/train/11578_GT.png,False,231,637,0,0.0
train,train-11579,data/extracted/KolektorSDD2/train/11579.png,data/extracted/KolektorSDD2/train/11579_GT.png,False,229,636,0,0.0
train,train-11580,data/extracted/KolektorSDD2/train/11580.png,data/extracted/KolektorSDD2/train/11580_GT.png,False,229,639,0,0.0
train,train-11581,data/extracted/KolektorSDD2/train/11581.png,data/extracted/KolektorSDD2/train/11581_GT.png,False,230,637,0,0.0
train,train-11582,data/extracted/KolektorSDD2/train/11582.png,data/extracted/KolektorSDD2/train/11582_GT.png,False,232,633,0,0.0
train,train-11583,data/extracted/KolektorSDD2/train/11583.png,data/extracted/KolektorSDD2/train/11583_GT.png,False,230,652,0,0.0
train,train-11584,data/extracted/KolektorSDD2/train/11584.png,data/extracted/KolektorSDD2/train/11584_GT.png,True,228,639,6511,0.04469016830024984
train,train-11585,data/extracted/KolektorSDD2/train/11585.png,data/extracted/KolektorSDD2/train/11585_GT.png,True,224,631,3683,0.026056995698437852
train,train-11586,data/extracted/KolektorSDD2/train/11586.png,data/extracted/KolektorSDD2/train/11586_GT.png,False,229,639,0,0.0
train,train-11587,data/extracted/KolektorSDD2/train/11587.png,data/extracted/KolektorSDD2/train/11587_GT.png,False,227,636,0,0.0
train,train-11588,data/extracted/KolektorSDD2/train/11588.png,data/extracted/KolektorSDD2/train/11588_GT.png,False,221,634,0,0.0
train,train-11589,data/extracted/KolektorSDD2/train/11589.png,data/extracted/KolektorSDD2/train/11589_GT.png,False,231,635,0,0.0
train,train-11590,data/extracted/KolektorSDD2/train/11590.png,data/extracted/KolektorSDD2/train/11590_GT.png,True,227,643,5760,0.03946259617295031
train,train-11591,data/extracted/KolektorSDD2/train/11591.png,data/extracted/KolektorSDD2/train/11591_GT.png,False,227,628,0,0.0
train,train-11592,data/extracted/KolektorSDD2/train/11592.png,data/extracted/KolektorSDD2/train/11592_GT.png,False,229,645,0,0.0
train,train-11593,data/extracted/KolektorSDD2/train/11593.png,data/extracted/KolektorSDD2/train/11593_GT.png,False,234,637,0,0.0
train,train-11594,data/extracted/KolektorSDD2/train/11594.png,data/extracted/KolektorSDD2/train/11594_GT.png,False,213,660,0,0.0
train,train-11595,data/extracted/KolektorSDD2/train/11595.png,data/extracted/KolektorSDD2/train/11595_GT.png,False,229,637,0,0.0
train,train-11596,data/extracted/KolektorSDD2/train/11596.png,data/extracted/KolektorSDD2/train/11596_GT.png,False,224,633,0,0.0
train,train-11597,data/extracted/KolektorSDD2/train/11597.png,data/extracted/KolektorSDD2/train/11597_GT.png,False,233,641,0,0.0
train,train-11598,data/extracted/KolektorSDD2/train/11598.png,data/extracted/KolektorSDD2/train/11598_GT.png,False,230,633,0,0.0
train,train-11599,data/extracted/KolektorSDD2/train/11599.png,data/extracted/KolektorSDD2/train/11599_GT.png,False,229,630,0,0.0
train,train-11600,data/extracted/KolektorSDD2/train/11600.png,data/extracted/KolektorSDD2/train/11600_GT.png,False,232,642,0,0.0
train,train-11601,data/extracted/KolektorSDD2/train/11601.png,data/extracted/KolektorSDD2/train/11601_GT.png,True,233,643,3378,0.02254720696306877
train,train-11602,data/extracted/KolektorSDD2/train/11602.png,data/extracted/KolektorSDD2/train/11602_GT.png,False,228,634,0,0.0
train,train-11603,data/extracted/KolektorSDD2/train/11603.png,data/extracted/KolektorSDD2/train/11603_GT.png,False,232,632,0,0.0
train,train-11604,data/extracted/KolektorSDD2/train/11604.png,data/extracted/KolektorSDD2/train/11604_GT.png,False,229,632,0,0.0
train,train-11605,data/extracted/KolektorSDD2/train/11605.png,data/extracted/KolektorSDD2/train/11605_GT.png,False,230,635,0,0.0
train,train-11606,data/extracted/KolektorSDD2/train/11606.png,data/extracted/KolektorSDD2/train/11606_GT.png,False,229,641,0,0.0
train,train-11607,data/extracted/KolektorSDD2/train/11607.png,data/extracted/KolektorSDD2/train/11607_GT.png,False,228,641,0,0.0
train,train-11608,data/extracted/KolektorSDD2/train/11608.png,data/extracted/KolektorSDD2/train/11608_GT.png,False,228,647,0,0.0
train,train-11609,data/extracted/KolektorSDD2/train/11609.png,data/extracted/KolektorSDD2/train/11609_GT.png,False,222,625,0,0.0
train,train-11610,data/extracted/KolektorSDD2/train/11610.png,data/extracted/KolektorSDD2/train/11610_GT.png,False,233,644,0,0.0
train,train-11611,data/extracted/KolektorSDD2/train/11611.png,data/extracted/KolektorSDD2/train/11611_GT.png,False,230,634,0,0.0
train,train-11612,data/extracted/KolektorSDD2/train/11612.png,data/extracted/KolektorSDD2/train/11612_GT.png,True,229,640,9232,0.06299126637554585
train,train-11613,data/extracted/KolektorSDD2/train/11613.png,data/extracted/KolektorSDD2/train/11613_GT.png,False,231,631,0,0.0
train,train-11614,data/extracted/KolektorSDD2/train/11614.png,data/extracted/KolektorSDD2/train/11614_GT.png,False,228,638,0,0.0
train,train-11615,data/extracted/KolektorSDD2/train/11615.png,data/extracted/KolektorSDD2/train/11615_GT.png,False,229,639,0,0.0
train,train-11616,data/extracted/KolektorSDD2/train/11616.png,data/extracted/KolektorSDD2/train/11616_GT.png,True,232,641,981,0.006596643176071871
train,train-11617,data/extracted/KolektorSDD2/train/11617.png,data/extracted/KolektorSDD2/train/11617_GT.png,False,233,635,0,0.0
train,train-11618,data/extracted/KolektorSDD2/train/11618.png,data/extracted/KolektorSDD2/train/11618_GT.png,False,230,638,0,0.0
train,train-11619,data/extracted/KolektorSDD2/train/11619.png,data/extracted/KolektorSDD2/train/11619_GT.png,False,207,633,0,0.0
train,train-11620,data/extracted/KolektorSDD2/train/11620.png,data/extracted/KolektorSDD2/train/11620_GT.png,False,234,643,0,0.0
train,train-11621,data/extracted/KolektorSDD2/train/11621.png,data/extracted/KolektorSDD2/train/11621_GT.png,False,228,633,0,0.0
train,train-11622,data/extracted/KolektorSDD2/train/11622.png,data/extracted/KolektorSDD2/train/11622_GT.png,False,237,635,0,0.0
train,train-11623,data/extracted/KolektorSDD2/train/11623.png,data/extracted/KolektorSDD2/train/11623_GT.png,False,232,640,0,0.0
train,train-11624,data/extracted/KolektorSDD2/train/11624.png,data/extracted/KolektorSDD2/train/11624_GT.png,False,233,630,0,0.0
train,train-11625,data/extracted/KolektorSDD2/train/11625.png,data/extracted/KolektorSDD2/train/11625_GT.png,False,230,636,0,0.0
train,train-11626,data/extracted/KolektorSDD2/train/11626.png,data/extracted/KolektorSDD2/train/11626_GT.png,False,222,635,0,0.0
train,train-11627,data/extracted/KolektorSDD2/train/11627.png,data/extracted/KolektorSDD2/train/11627_GT.png,False,229,645,0,0.0
train,train-11628,data/extracted/KolektorSDD2/train/11628.png,data/extracted/KolektorSDD2/train/11628_GT.png,False,229,637,0,0.0
train,train-11629,data/extracted/KolektorSDD2/train/11629.png,data/extracted/KolektorSDD2/train/11629_GT.png,True,228,638,12423,0.08540257383270088
train,train-11630,data/extracted/KolektorSDD2/train/11630.png,data/extracted/KolektorSDD2/train/11630_GT.png,False,229,636,0,0.0
train,train-11631,data/extracted/KolektorSDD2/train/11631.png,data/extracted/KolektorSDD2/train/11631_GT.png,False,227,637,0,0.0
train,train-11632,data/extracted/KolektorSDD2/train/11632.png,data/extracted/KolektorSDD2/train/11632_GT.png,True,231,638,931,0.006317089389189703
train,train-11633,data/extracted/KolektorSDD2/train/11633.png,data/extracted/KolektorSDD2/train/11633_GT.png,False,226,629,0,0.0
train,train-11634,data/extracted/KolektorSDD2/train/11634.png,data/extracted/KolektorSDD2/train/11634_GT.png,False,228,637,0,0.0
train,train-11635,data/extracted/KolektorSDD2/train/11635.png,data/extracted/KolektorSDD2/train/11635_GT.png,False,227,634,0,0.0
train,train-11636,data/extracted/KolektorSDD2/train/11636.png,data/extracted/KolektorSDD2/train/11636_GT.png,False,229,635,0,0.0
train,train-11637,data/extracted/KolektorSDD2/train/11637.png,data/extracted/KolektorSDD2/train/11637_GT.png,False,230,640,0,0.0
train,train-11638,data/extracted/KolektorSDD2/train/11638.png,data/extracted/KolektorSDD2/train/11638_GT.png,False,230,642,0,0.0
train,train-11639,data/extracted/KolektorSDD2/train/11639.png,data/extracted/KolektorSDD2/train/11639_GT.png,False,222,637,0,0.0
train,train-11640,data/extracted/KolektorSDD2/train/11640.png,data/extracted/KolektorSDD2/train/11640_GT.png,False,225,640,0,0.0
train,train-11641,data/extracted/KolektorSDD2/train/11641.png,data/extracted/KolektorSDD2/train/11641_GT.png,True,231,635,939,0.006401472543204827
train,train-11642,data/extracted/KolektorSDD2/train/11642.png,data/extracted/KolektorSDD2/train/11642_GT.png,True,233,638,9764,0.06568272633094299
train,train-11643,data/extracted/KolektorSDD2/train/11643.png,data/extracted/KolektorSDD2/train/11643_GT.png,True,232,634,137,0.000931415207222887
train,train-11644,data/extracted/KolektorSDD2/train/11644.png,data/extracted/KolektorSDD2/train/11644_GT.png,False,227,642,0,0.0
train,train-11645,data/extracted/KolektorSDD2/train/11645.png,data/extracted/KolektorSDD2/train/11645_GT.png,False,232,643,0,0.0
train,train-11646,data/extracted/KolektorSDD2/train/11646.png,data/extracted/KolektorSDD2/train/11646_GT.png,False,226,626,0,0.0
train,train-11647,data/extracted/KolektorSDD2/train/11647.png,data/extracted/KolektorSDD2/train/11647_GT.png,False,224,629,0,0.0
train,train-11648,data/extracted/KolektorSDD2/train/11648.png,data/extracted/KolektorSDD2/train/11648_GT.png,False,231,634,0,0.0
train,train-11649,data/extracted/KolektorSDD2/train/11649.png,data/extracted/KolektorSDD2/train/11649_GT.png,False,227,642,0,0.0
train,train-11650,data/extracted/KolektorSDD2/train/11650.png,data/extracted/KolektorSDD2/train/11650_GT.png,False,232,635,0,0.0
train,train-11651,data/extracted/KolektorSDD2/train/11651.png,data/extracted/KolektorSDD2/train/11651_GT.png,False,231,635,0,0.0
train,train-11652,data/extracted/KolektorSDD2/train/11652.png,data/extracted/KolektorSDD2/train/11652_GT.png,False,208,641,0,0.0
train,train-11653,data/extracted/KolektorSDD2/train/11653.png,data/extracted/KolektorSDD2/train/11653_GT.png,False,229,627,0,0.0
train,train-11654,data/extracted/KolektorSDD2/train/11654.png,data/extracted/KolektorSDD2/train/11654_GT.png,False,231,638,0,0.0
train,train-11655,data/extracted/KolektorSDD2/train/11655.png,data/extracted/KolektorSDD2/train/11655_GT.png,False,231,639,0,0.0
train,train-11656,data/extracted/KolektorSDD2/train/11656.png,data/extracted/KolektorSDD2/train/11656_GT.png,False,232,636,0,0.0
train,train-11657,data/extracted/KolektorSDD2/train/11657.png,data/extracted/KolektorSDD2/train/11657_GT.png,False,233,646,0,0.0
train,train-11658,data/extracted/KolektorSDD2/train/11658.png,data/extracted/KolektorSDD2/train/11658_GT.png,True,228,638,202,0.0013886597371170874
train,train-11659,data/extracted/KolektorSDD2/train/11659.png,data/extracted/KolektorSDD2/train/11659_GT.png,False,232,634,0,0.0
train,train-11660,data/extracted/KolektorSDD2/train/11660.png,data/extracted/KolektorSDD2/train/11660_GT.png,False,228,633,0,0.0
train,train-11661,data/extracted/KolektorSDD2/train/11661.png,data/extracted/KolektorSDD2/train/11661_GT.png,False,232,638,0,0.0
train,train-11662,data/extracted/KolektorSDD2/train/11662.png,data/extracted/KolektorSDD2/train/11662_GT.png,True,230,636,949,0.006487558107738584
train,train-11663,data/extracted/KolektorSDD2/train/11663.png,data/extracted/KolektorSDD2/train/11663_GT.png,False,230,634,0,0.0
train,train-11664,data/extracted/KolektorSDD2/train/11664.png,data/extracted/KolektorSDD2/train/11664_GT.png,False,231,639,0,0.0
train,train-11665,data/extracted/KolektorSDD2/train/11665.png,data/extracted/KolektorSDD2/train/11665_GT.png,False,228,636,0,0.0
train,train-11666,data/extracted/KolektorSDD2/train/11666.png,data/extracted/KolektorSDD2/train/11666_GT.png,False,226,635,0,0.0
train,train-11667,data/extracted/KolektorSDD2/train/11667.png,data/extracted/KolektorSDD2/train/11667_GT.png,False,226,622,0,0.0
train,train-11668,data/extracted/KolektorSDD2/train/11668.png,data/extracted/KolektorSDD2/train/11668_GT.png,False,231,633,0,0.0
train,train-11669,data/extracted/KolektorSDD2/train/11669.png,data/extracted/KolektorSDD2/train/11669_GT.png,True,233,647,2171,0.014401231169279143
train,train-11670,data/extracted/KolektorSDD2/train/11670.png,data/extracted/KolektorSDD2/train/11670_GT.png,True,227,636,6006,0.04160086443354667
train,train-11671,data/extracted/KolektorSDD2/train/11671.png,data/extracted/KolektorSDD2/train/11671_GT.png,False,226,634,0,0.0
train,train-11672,data/extracted/KolektorSDD2/train/11672.png,data/extracted/KolektorSDD2/train/11672_GT.png,False,230,637,0,0.0
train,train-11673,data/extracted/KolektorSDD2/train/11673.png,data/extracted/KolektorSDD2/train/11673_GT.png,False,226,634,0,0.0
train,train-11674,data/extracted/KolektorSDD2/train/11674.png,data/extracted/KolektorSDD2/train/11674_GT.png,False,230,636,0,0.0
train,train-11675,data/extracted/KolektorSDD2/train/11675.png,data/extracted/KolektorSDD2/train/11675_GT.png,False,225,639,0,0.0
train,train-11676,data/extracted/KolektorSDD2/train/11676.png,data/extracted/KolektorSDD2/train/11676_GT.png,False,233,640,0,0.0
train,train-11677,data/extracted/KolektorSDD2/train/11677.png,data/extracted/KolektorSDD2/train/11677_GT.png,False,233,647,0,0.0
train,train-11678,data/extracted/KolektorSDD2/train/11678.png,data/extracted/KolektorSDD2/train/11678_GT.png,False,232,637,0,0.0
train,train-11679,data/extracted/KolektorSDD2/train/11679.png,data/extracted/KolektorSDD2/train/11679_GT.png,False,232,634,0,0.0
train,train-11680,data/extracted/KolektorSDD2/train/11680.png,data/extracted/KolektorSDD2/train/11680_GT.png,False,234,638,0,0.0
train,train-11681,data/extracted/KolektorSDD2/train/11681.png,data/extracted/KolektorSDD2/train/11681_GT.png,False,231,644,0,0.0
train,train-11682,data/extracted/KolektorSDD2/train/11682.png,data/extracted/KolektorSDD2/train/11682_GT.png,False,234,636,0,0.0
train,train-11683,data/extracted/KolektorSDD2/train/11683.png,data/extracted/KolektorSDD2/train/11683_GT.png,False,224,638,0,0.0
train,train-11684,data/extracted/KolektorSDD2/train/11684.png,data/extracted/KolektorSDD2/train/11684_GT.png,False,236,638,0,0.0
train,train-11685,data/extracted/KolektorSDD2/train/11685.png,data/extracted/KolektorSDD2/train/11685_GT.png,False,230,631,0,0.0
train,train-11686,data/extracted/KolektorSDD2/train/11686.png,data/extracted/KolektorSDD2/train/11686_GT.png,False,231,642,0,0.0
train,train-11687,data/extracted/KolektorSDD2/train/11687.png,data/extracted/KolektorSDD2/train/11687_GT.png,False,231,650,0,0.0
train,train-11688,data/extracted/KolektorSDD2/train/11688.png,data/extracted/KolektorSDD2/train/11688_GT.png,False,232,647,0,0.0
train,train-11689,data/extracted/KolektorSDD2/train/11689.png,data/extracted/KolektorSDD2/train/11689_GT.png,False,229,642,0,0.0
train,train-11690,data/extracted/KolektorSDD2/train/11690.png,data/extracted/KolektorSDD2/train/11690_GT.png,False,232,634,0,0.0
train,train-11691,data/extracted/KolektorSDD2/train/11691.png,data/extracted/KolektorSDD2/train/11691_GT.png,False,231,643,0,0.0
train,train-11692,data/extracted/KolektorSDD2/train/11692.png,data/extracted/KolektorSDD2/train/11692_GT.png,False,232,637,0,0.0
train,train-11693,data/extracted/KolektorSDD2/train/11693.png,data/extracted/KolektorSDD2/train/11693_GT.png,False,229,634,0,0.0
train,train-11694,data/extracted/KolektorSDD2/train/11694.png,data/extracted/KolektorSDD2/train/11694_GT.png,False,226,630,0,0.0
train,train-11695,data/extracted/KolektorSDD2/train/11695.png,data/extracted/KolektorSDD2/train/11695_GT.png,True,202,640,504,0.0038985148514851485
train,train-11696,data/extracted/KolektorSDD2/train/11696.png,data/extracted/KolektorSDD2/train/11696_GT.png,False,227,626,0,0.0
train,train-11697,data/extracted/KolektorSDD2/train/11697.png,data/extracted/KolektorSDD2/train/11697_GT.png,False,236,646,0,0.0
train,train-11698,data/extracted/KolektorSDD2/train/11698.png,data/extracted/KolektorSDD2/train/11698_GT.png,False,229,648,0,0.0
train,train-11699,data/extracted/KolektorSDD2/train/11699.png,data/extracted/KolektorSDD2/train/11699_GT.png,False,228,649,0,0.0
train,train-11700,data/extracted/KolektorSDD2/train/11700.png,data/extracted/KolektorSDD2/train/11700_GT.png,False,227,635,0,0.0
train,train-11701,data/extracted/KolektorSDD2/train/11701.png,data/extracted/KolektorSDD2/train/11701_GT.png,False,224,644,0,0.0
train,train-11702,data/extracted/KolektorSDD2/train/11702.png,data/extracted/KolektorSDD2/train/11702_GT.png,False,228,634,0,0.0
train,train-11703,data/extracted/KolektorSDD2/train/11703.png,data/extracted/KolektorSDD2/train/11703_GT.png,False,229,638,0,0.0
train,train-11704,data/extracted/KolektorSDD2/train/11704.png,data/extracted/KolektorSDD2/train/11704_GT.png,False,232,642,0,0.0
train,train-11705,data/extracted/KolektorSDD2/train/11705.png,data/extracted/KolektorSDD2/train/11705_GT.png,False,234,636,0,0.0
train,train-11706,data/extracted/KolektorSDD2/train/11706.png,data/extracted/KolektorSDD2/train/11706_GT.png,False,229,635,0,0.0
train,train-11707,data/extracted/KolektorSDD2/train/11707.png,data/extracted/KolektorSDD2/train/11707_GT.png,False,228,634,0,0.0
train,train-11708,data/extracted/KolektorSDD2/train/11708.png,data/extracted/KolektorSDD2/train/11708_GT.png,False,233,640,0,0.0
train,train-11709,data/extracted/KolektorSDD2/train/11709.png,data/extracted/KolektorSDD2/train/11709_GT.png,False,210,631,0,0.0
train,train-11710,data/extracted/KolektorSDD2/train/11710.png,data/extracted/KolektorSDD2/train/11710_GT.png,False,210,634,0,0.0
train,train-11711,data/extracted/KolektorSDD2/train/11711.png,data/extracted/KolektorSDD2/train/11711_GT.png,True,235,644,1085,0.007169287696577244
train,train-11712,data/extracted/KolektorSDD2/train/11712.png,data/extracted/KolektorSDD2/train/11712_GT.png,False,227,639,0,0.0
train,train-11713,data/extracted/KolektorSDD2/train/11713.png,data/extracted/KolektorSDD2/train/11713_GT.png,True,229,637,2191,0.01501991458323336
train,train-11714,data/extracted/KolektorSDD2/train/11714.png,data/extracted/KolektorSDD2/train/11714_GT.png,False,240,644,0,0.0
train,train-11715,data/extracted/KolektorSDD2/train/11715.png,data/extracted/KolektorSDD2/train/11715_GT.png,False,229,628,0,0.0
train,train-11716,data/extracted/KolektorSDD2/train/11716.png,data/extracted/KolektorSDD2/train/11716_GT.png,False,231,644,0,0.0
train,train-11717,data/extracted/KolektorSDD2/train/11717.png,data/extracted/KolektorSDD2/train/11717_GT.png,False,202,635,0,0.0
train,train-11718,data/extracted/KolektorSDD2/train/11718.png,data/extracted/KolektorSDD2/train/11718_GT.png,False,225,632,0,0.0
train,train-11719,data/extracted/KolektorSDD2/train/11719.png,data/extracted/KolektorSDD2/train/11719_GT.png,False,233,642,0,0.0
train,train-11720,data/extracted/KolektorSDD2/train/11720.png,data/extracted/KolektorSDD2/train/11720_GT.png,False,216,633,0,0.0
train,train-11721,data/extracted/KolektorSDD2/train/11721.png,data/extracted/KolektorSDD2/train/11721_GT.png,False,228,638,0,0.0
train,train-11722,data/extracted/KolektorSDD2/train/11722.png,data/extracted/KolektorSDD2/train/11722_GT.png,False,229,642,0,0.0
train,train-11723,data/extracted/KolektorSDD2/train/11723.png,data/extracted/KolektorSDD2/train/11723_GT.png,False,234,640,0,0.0
train,train-11724,data/extracted/KolektorSDD2/train/11724.png,data/extracted/KolektorSDD2/train/11724_GT.png,False,233,633,0,0.0
train,train-11725,data/extracted/KolektorSDD2/train/11725.png,data/extracted/KolektorSDD2/train/11725_GT.png,False,228,637,0,0.0
train,train-11726,data/extracted/KolektorSDD2/train/11726.png,data/extracted/KolektorSDD2/train/11726_GT.png,False,230,643,0,0.0
train,train-11727,data/extracted/KolektorSDD2/train/11727.png,data/extracted/KolektorSDD2/train/11727_GT.png,False,231,637,0,0.0
train,train-11728,data/extracted/KolektorSDD2/train/11728.png,data/extracted/KolektorSDD2/train/11728_GT.png,False,233,637,0,0.0
train,train-11729,data/extracted/KolektorSDD2/train/11729.png,data/extracted/KolektorSDD2/train/11729_GT.png,False,229,635,0,0.0
train,train-11730,data/extracted/KolektorSDD2/train/11730.png,data/extracted/KolektorSDD2/train/11730_GT.png,False,227,632,0,0.0
train,train-11731,data/extracted/KolektorSDD2/train/11731.png,data/extracted/KolektorSDD2/train/11731_GT.png,False,226,641,0,0.0
train,train-11732,data/extracted/KolektorSDD2/train/11732.png,data/extracted/KolektorSDD2/train/11732_GT.png,False,232,643,0,0.0
train,train-11733,data/extracted/KolektorSDD2/train/11733.png,data/extracted/KolektorSDD2/train/11733_GT.png,False,232,643,0,0.0
train,train-11734,data/extracted/KolektorSDD2/train/11734.png,data/extracted/KolektorSDD2/train/11734_GT.png,False,224,632,0,0.0
train,train-11735,data/extracted/KolektorSDD2/train/11735.png,data/extracted/KolektorSDD2/train/11735_GT.png,False,224,630,0,0.0
train,train-11736,data/extracted/KolektorSDD2/train/11736.png,data/extracted/KolektorSDD2/train/11736_GT.png,False,230,640,0,0.0
train,train-11737,data/extracted/KolektorSDD2/train/11737.png,data/extracted/KolektorSDD2/train/11737_GT.png,False,208,649,0,0.0
train,train-11738,data/extracted/KolektorSDD2/train/11738.png,data/extracted/KolektorSDD2/train/11738_GT.png,False,223,633,0,0.0
train,train-11739,data/extracted/KolektorSDD2/train/11739.png,data/extracted/KolektorSDD2/train/11739_GT.png,True,214,639,864,0.006318283532973542
train,train-11740,data/extracted/KolektorSDD2/train/11740.png,data/extracted/KolektorSDD2/train/11740_GT.png,False,226,614,0,0.0
train,train-11741,data/extracted/KolektorSDD2/train/11741.png,data/extracted/KolektorSDD2/train/11741_GT.png,False,231,629,0,0.0
train,train-11742,data/extracted/KolektorSDD2/train/11742.png,data/extracted/KolektorSDD2/train/11742_GT.png,False,233,638,0,0.0
train,train-11743,data/extracted/KolektorSDD2/train/11743.png,data/extracted/KolektorSDD2/train/11743_GT.png,False,220,643,0,0.0
train,train-11744,data/extracted/KolektorSDD2/train/11744.png,data/extracted/KolektorSDD2/train/11744_GT.png,False,227,628,0,0.0
train,train-11745,data/extracted/KolektorSDD2/train/11745.png,data/extracted/KolektorSDD2/train/11745_GT.png,False,232,634,0,0.0
train,train-11746,data/extracted/KolektorSDD2/train/11746.png,data/extracted/KolektorSDD2/train/11746_GT.png,True,228,638,5800,0.03987240829346093
train,train-11747,data/extracted/KolektorSDD2/train/11747.png,data/extracted/KolektorSDD2/train/11747_GT.png,False,230,640,0,0.0
train,train-11748,data/extracted/KolektorSDD2/train/11748.png,data/extracted/KolektorSDD2/train/11748_GT.png,False,225,622,0,0.0
train,train-11749,data/extracted/KolektorSDD2/train/11749.png,data/extracted/KolektorSDD2/train/11749_GT.png,False,231,637,0,0.0
train,train-11750,data/extracted/KolektorSDD2/train/11750.png,data/extracted/KolektorSDD2/train/11750_GT.png,True,228,639,3436,0.02358399912143426
train,train-11751,data/extracted/KolektorSDD2/train/11751.png,data/extracted/KolektorSDD2/train/11751_GT.png,False,226,634,0,0.0
train,train-11752,data/extracted/KolektorSDD2/train/11752.png,data/extracted/KolektorSDD2/train/11752_GT.png,False,222,632,0,0.0
train,train-11753,data/extracted/KolektorSDD2/train/11753.png,data/extracted/KolektorSDD2/train/11753_GT.png,False,218,647,0,0.0
train,train-11754,data/extracted/KolektorSDD2/train/11754.png,data/extracted/KolektorSDD2/train/11754_GT.png,False,229,640,0,0.0
train,train-11755,data/extracted/KolektorSDD2/train/11755.png,data/extracted/KolektorSDD2/train/11755_GT.png,True,233,638,1556,0.01046725954229284
train,train-11756,data/extracted/KolektorSDD2/train/11756.png,data/extracted/KolektorSDD2/train/11756_GT.png,False,232,643,0,0.0
train,train-11757,data/extracted/KolektorSDD2/train/11757.png,data/extracted/KolektorSDD2/train/11757_GT.png,False,229,639,0,0.0
train,train-11758,data/extracted/KolektorSDD2/train/11758.png,data/extracted/KolektorSDD2/train/11758_GT.png,False,234,635,0,0.0
train,train-11759,data/extracted/KolektorSDD2/train/11759.png,data/extracted/KolektorSDD2/train/11759_GT.png,False,233,628,0,0.0
train,train-11760,data/extracted/KolektorSDD2/train/11760.png,data/extracted/KolektorSDD2/train/11760_GT.png,False,233,635,0,0.0
train,train-11761,data/extracted/KolektorSDD2/train/11761.png,data/extracted/KolektorSDD2/train/11761_GT.png,False,225,630,0,0.0
train,train-11762,data/extracted/KolektorSDD2/train/11762.png,data/extracted/KolektorSDD2/train/11762_GT.png,False,232,632,0,0.0
train,train-11763,data/extracted/KolektorSDD2/train/11763.png,data/extracted/KolektorSDD2/train/11763_GT.png,False,231,635,0,0.0
train,train-11764,data/extracted/KolektorSDD2/train/11764.png,data/extracted/KolektorSDD2/train/11764_GT.png,False,233,640,0,0.0
train,train-11765,data/extracted/KolektorSDD2/train/11765.png,data/extracted/KolektorSDD2/train/11765_GT.png,False,231,636,0,0.0
train,train-11766,data/extracted/KolektorSDD2/train/11766.png,data/extracted/KolektorSDD2/train/11766_GT.png,False,232,635,0,0.0
train,train-11767,data/extracted/KolektorSDD2/train/11767.png,data/extracted/KolektorSDD2/train/11767_GT.png,False,225,632,0,0.0
train,train-11768,data/extracted/KolektorSDD2/train/11768.png,data/extracted/KolektorSDD2/train/11768_GT.png,False,231,632,0,0.0
train,train-11769,data/extracted/KolektorSDD2/train/11769.png,data/extracted/KolektorSDD2/train/11769_GT.png,False,235,633,0,0.0
train,train-11770,data/extracted/KolektorSDD2/train/11770.png,data/extracted/KolektorSDD2/train/11770_GT.png,True,224,632,8743,0.06175830696202532
train,train-11771,data/extracted/KolektorSDD2/train/11771.png,data/extracted/KolektorSDD2/train/11771_GT.png,False,230,640,0,0.0
train,train-11772,data/extracted/KolektorSDD2/train/11772.png,data/extracted/KolektorSDD2/train/11772_GT.png,False,229,641,0,0.0
train,train-11773,data/extracted/KolektorSDD2/train/11773.png,data/extracted/KolektorSDD2/train/11773_GT.png,False,229,636,0,0.0
train,train-11774,data/extracted/KolektorSDD2/train/11774.png,data/extracted/KolektorSDD2/train/11774_GT.png,False,232,639,0,0.0
train,train-11775,data/extracted/KolektorSDD2/train/11775.png,data/extracted/KolektorSDD2/train/11775_GT.png,True,229,633,2558,0.017646612443690198
train,train-11776,data/extracted/KolektorSDD2/train/11776.png,data/extracted/KolektorSDD2/train/11776_GT.png,False,229,643,0,0.0
train,train-11777,data/extracted/KolektorSDD2/train/11777.png,data/extracted/KolektorSDD2/train/11777_GT.png,False,228,633,0,0.0
train,train-11778,data/extracted/KolektorSDD2/train/11778.png,data/extracted/KolektorSDD2/train/11778_GT.png,False,228,629,0,0.0
train,train-11779,data/extracted/KolektorSDD2/train/11779.png,data/extracted/KolektorSDD2/train/11779_GT.png,False,230,639,0,0.0
train,train-11780,data/extracted/KolektorSDD2/train/11780.png,data/extracted/KolektorSDD2/train/11780_GT.png,False,228,637,0,0.0
train,train-11781,data/extracted/KolektorSDD2/train/11781.png,data/extracted/KolektorSDD2/train/11781_GT.png,False,227,625,0,0.0
train,train-11782,data/extracted/KolektorSDD2/train/11782.png,data/extracted/KolektorSDD2/train/11782_GT.png,False,228,627,0,0.0
train,train-11783,data/extracted/KolektorSDD2/train/11783.png,data/extracted/KolektorSDD2/train/11783_GT.png,False,233,644,0,0.0
train,train-11784,data/extracted/KolektorSDD2/train/11784.png,data/extracted/KolektorSDD2/train/11784_GT.png,False,230,639,0,0.0
train,train-11785,data/extracted/KolektorSDD2/train/11785.png,data/extracted/KolektorSDD2/train/11785_GT.png,False,232,629,0,0.0
train,train-11786,data/extracted/KolektorSDD2/train/11786.png,data/extracted/KolektorSDD2/train/11786_GT.png,False,229,640,0,0.0
train,train-11787,data/extracted/KolektorSDD2/train/11787.png,data/extracted/KolektorSDD2/train/11787_GT.png,False,230,653,0,0.0
train,train-11788,data/extracted/KolektorSDD2/train/11788.png,data/extracted/KolektorSDD2/train/11788_GT.png,False,229,646,0,0.0
train,train-11789,data/extracted/KolektorSDD2/train/11789.png,data/extracted/KolektorSDD2/train/11789_GT.png,False,229,633,0,0.0
train,train-11790,data/extracted/KolektorSDD2/train/11790.png,data/extracted/KolektorSDD2/train/11790_GT.png,False,229,638,0,0.0
train,train-11791,data/extracted/KolektorSDD2/train/11791.png,data/extracted/KolektorSDD2/train/11791_GT.png,False,228,635,0,0.0
train,train-11792,data/extracted/KolektorSDD2/train/11792.png,data/extracted/KolektorSDD2/train/11792_GT.png,False,227,642,0,0.0
train,train-11793,data/extracted/KolektorSDD2/train/11793.png,data/extracted/KolektorSDD2/train/11793_GT.png,False,228,636,0,0.0
train,train-11794,data/extracted/KolektorSDD2/train/11794.png,data/extracted/KolektorSDD2/train/11794_GT.png,False,230,637,0,0.0
train,train-11795,data/extracted/KolektorSDD2/train/11795.png,data/extracted/KolektorSDD2/train/11795_GT.png,False,231,637,0,0.0
train,train-11796,data/extracted/KolektorSDD2/train/11796.png,data/extracted/KolektorSDD2/train/11796_GT.png,False,230,648,0,0.0
train,train-11797,data/extracted/KolektorSDD2/train/11797.png,data/extracted/KolektorSDD2/train/11797_GT.png,False,229,647,0,0.0
train,train-11798,data/extracted/KolektorSDD2/train/11798.png,data/extracted/KolektorSDD2/train/11798_GT.png,False,228,621,0,0.0
train,train-11799,data/extracted/KolektorSDD2/train/11799.png,data/extracted/KolektorSDD2/train/11799_GT.png,False,231,626,0,0.0
train,train-11800,data/extracted/KolektorSDD2/train/11800.png,data/extracted/KolektorSDD2/train/11800_GT.png,True,216,626,3439,0.02543338066501006
train,train-11801,data/extracted/KolektorSDD2/train/11801.png,data/extracted/KolektorSDD2/train/11801_GT.png,False,228,638,0,0.0
train,train-11802,data/extracted/KolektorSDD2/train/11802.png,data/extracted/KolektorSDD2/train/11802_GT.png,False,230,638,0,0.0
train,train-11803,data/extracted/KolektorSDD2/train/11803.png,data/extracted/KolektorSDD2/train/11803_GT.png,False,229,638,0,0.0
train,train-11804,data/extracted/KolektorSDD2/train/11804.png,data/extracted/KolektorSDD2/train/11804_GT.png,True,224,638,3800,0.026589789520824005
train,train-11805,data/extracted/KolektorSDD2/train/11805.png,data/extracted/KolektorSDD2/train/11805_GT.png,False,234,641,0,0.0
train,train-11806,data/extracted/KolektorSDD2/train/11806.png,data/extracted/KolektorSDD2/train/11806_GT.png,False,229,633,0,0.0
train,train-11807,data/extracted/KolektorSDD2/train/11807.png,data/extracted/KolektorSDD2/train/11807_GT.png,False,226,631,0,0.0
train,train-11808,data/extracted/KolektorSDD2/train/11808.png,data/extracted/KolektorSDD2/train/11808_GT.png,True,196,637,5032,0.04030371960401115
train,train-11809,data/extracted/KolektorSDD2/train/11809.png,data/extracted/KolektorSDD2/train/11809_GT.png,False,226,635,0,0.0
train,train-11810,data/extracted/KolektorSDD2/train/11810.png,data/extracted/KolektorSDD2/train/11810_GT.png,True,231,640,1828,0.012364718614718615
train,train-11811,data/extracted/KolektorSDD2/train/11811.png,data/extracted/KolektorSDD2/train/11811_GT.png,False,227,630,0,0.0
train,train-11812,data/extracted/KolektorSDD2/train/11812.png,data/extracted/KolektorSDD2/train/11812_GT.png,False,229,635,0,0.0
train,train-11813,data/extracted/KolektorSDD2/train/11813.png,data/extracted/KolektorSDD2/train/11813_GT.png,False,231,631,0,0.0
train,train-11814,data/extracted/KolektorSDD2/train/11814.png,data/extracted/KolektorSDD2/train/11814_GT.png,False,229,632,0,0.0
train,train-11815,data/extracted/KolektorSDD2/train/11815.png,data/extracted/KolektorSDD2/train/11815_GT.png,False,230,640,0,0.0
train,train-11816,data/extracted/KolektorSDD2/train/11816.png,data/extracted/KolektorSDD2/train/11816_GT.png,False,228,634,0,0.0
train,train-11817,data/extracted/KolektorSDD2/train/11817.png,data/extracted/KolektorSDD2/train/11817_GT.png,False,229,638,0,0.0
train,train-11818,data/extracted/KolektorSDD2/train/11818.png,data/extracted/KolektorSDD2/train/11818_GT.png,False,231,637,0,0.0
train,train-11819,data/extracted/KolektorSDD2/train/11819.png,data/extracted/KolektorSDD2/train/11819_GT.png,False,234,639,0,0.0
train,train-11820,data/extracted/KolektorSDD2/train/11820.png,data/extracted/KolektorSDD2/train/11820_GT.png,False,230,633,0,0.0
train,train-11821,data/extracted/KolektorSDD2/train/11821.png,data/extracted/KolektorSDD2/train/11821_GT.png,False,227,629,0,0.0
train,train-11822,data/extracted/KolektorSDD2/train/11822.png,data/extracted/KolektorSDD2/train/11822_GT.png,False,229,649,0,0.0
train,train-11823,data/extracted/KolektorSDD2/train/11823.png,data/extracted/KolektorSDD2/train/11823_GT.png,False,232,637,0,0.0
train,train-11824,data/extracted/KolektorSDD2/train/11824.png,data/extracted/KolektorSDD2/train/11824_GT.png,False,228,632,0,0.0
train,train-11825,data/extracted/KolektorSDD2/train/11825.png,data/extracted/KolektorSDD2/train/11825_GT.png,False,186,629,0,0.0
train,train-11826,data/extracted/KolektorSDD2/train/11826.png,data/extracted/KolektorSDD2/train/11826_GT.png,False,229,637,0,0.0
train,train-11827,data/extracted/KolektorSDD2/train/11827.png,data/extracted/KolektorSDD2/train/11827_GT.png,False,228,631,0,0.0
train,train-11828,data/extracted/KolektorSDD2/train/11828.png,data/extracted/KolektorSDD2/train/11828_GT.png,False,228,635,0,0.0
train,train-11829,data/extracted/KolektorSDD2/train/11829.png,data/extracted/KolektorSDD2/train/11829_GT.png,False,229,644,0,0.0
train,train-11830,data/extracted/KolektorSDD2/train/11830.png,data/extracted/KolektorSDD2/train/11830_GT.png,False,229,634,0,0.0
train,train-11831,data/extracted/KolektorSDD2/train/11831.png,data/extracted/KolektorSDD2/train/11831_GT.png,False,230,638,0,0.0
train,train-11832,data/extracted/KolektorSDD2/train/11832.png,data/extracted/KolektorSDD2/train/11832_GT.png,True,228,636,3002,0.02070230607966457
train,train-11833,data/extracted/KolektorSDD2/train/11833.png,data/extracted/KolektorSDD2/train/11833_GT.png,False,228,630,0,0.0
train,train-11834,data/extracted/KolektorSDD2/train/11834.png,data/extracted/KolektorSDD2/train/11834_GT.png,False,230,636,0,0.0
train,train-11835,data/extracted/KolektorSDD2/train/11835.png,data/extracted/KolektorSDD2/train/11835_GT.png,False,232,641,0,0.0
train,train-11836,data/extracted/KolektorSDD2/train/11836.png,data/extracted/KolektorSDD2/train/11836_GT.png,True,229,637,1802,0.012353211355082846
train,train-11837,data/extracted/KolektorSDD2/train/11837.png,data/extracted/KolektorSDD2/train/11837_GT.png,False,229,635,0,0.0
train,train-11838,data/extracted/KolektorSDD2/train/11838.png,data/extracted/KolektorSDD2/train/11838_GT.png,False,230,635,0,0.0
train,train-11839,data/extracted/KolektorSDD2/train/11839.png,data/extracted/KolektorSDD2/train/11839_GT.png,False,234,626,0,0.0
train,train-11840,data/extracted/KolektorSDD2/train/11840.png,data/extracted/KolektorSDD2/train/11840_GT.png,False,230,631,0,0.0
train,train-11841,data/extracted/KolektorSDD2/train/11841.png,data/extracted/KolektorSDD2/train/11841_GT.png,False,230,640,0,0.0
train,train-11842,data/extracted/KolektorSDD2/train/11842.png,data/extracted/KolektorSDD2/train/11842_GT.png,False,231,640,0,0.0
train,train-11843,data/extracted/KolektorSDD2/train/11843.png,data/extracted/KolektorSDD2/train/11843_GT.png,False,229,634,0,0.0
train,train-11844,data/extracted/KolektorSDD2/train/11844.png,data/extracted/KolektorSDD2/train/11844_GT.png,False,230,633,0,0.0
train,train-11845,data/extracted/KolektorSDD2/train/11845.png,data/extracted/KolektorSDD2/train/11845_GT.png,False,228,629,0,0.0
train,train-11846,data/extracted/KolektorSDD2/train/11846.png,data/extracted/KolektorSDD2/train/11846_GT.png,False,229,636,0,0.0
train,train-11847,data/extracted/KolektorSDD2/train/11847.png,data/extracted/KolektorSDD2/train/11847_GT.png,False,227,638,0,0.0
train,train-11848,data/extracted/KolektorSDD2/train/11848.png,data/extracted/KolektorSDD2/train/11848_GT.png,False,230,640,0,0.0
train,train-11849,data/extracted/KolektorSDD2/train/11849.png,data/extracted/KolektorSDD2/train/11849_GT.png,False,226,628,0,0.0
train,train-11850,data/extracted/KolektorSDD2/train/11850.png,data/extracted/KolektorSDD2/train/11850_GT.png,False,231,636,0,0.0
train,train-11851,data/extracted/KolektorSDD2/train/11851.png,data/extracted/KolektorSDD2/train/11851_GT.png,True,232,644,2498,0.016719318911972585
train,train-11852,data/extracted/KolektorSDD2/train/11852.png,data/extracted/KolektorSDD2/train/11852_GT.png,False,231,646,0,0.0
train,train-11853,data/extracted/KolektorSDD2/train/11853.png,data/extracted/KolektorSDD2/train/11853_GT.png,False,211,634,0,0.0
train,train-11854,data/extracted/KolektorSDD2/train/11854.png,data/extracted/KolektorSDD2/train/11854_GT.png,False,230,644,0,0.0
train,train-11855,data/extracted/KolektorSDD2/train/11855.png,data/extracted/KolektorSDD2/train/11855_GT.png,False,215,639,0,0.0
train,train-11856,data/extracted/KolektorSDD2/train/11856.png,data/extracted/KolektorSDD2/train/11856_GT.png,False,230,646,0,0.0
train,train-11857,data/extracted/KolektorSDD2/train/11857.png,data/extracted/KolektorSDD2/train/11857_GT.png,False,232,640,0,0.0
train,train-11858,data/extracted/KolektorSDD2/train/11858.png,data/extracted/KolektorSDD2/train/11858_GT.png,True,232,627,1468,0.01009184403013804
train,train-11859,data/extracted/KolektorSDD2/train/11859.png,data/extracted/KolektorSDD2/train/11859_GT.png,False,232,643,0,0.0
train,train-11860,data/extracted/KolektorSDD2/train/11860.png,data/extracted/KolektorSDD2/train/11860_GT.png,False,229,633,0,0.0
train,train-11861,data/extracted/KolektorSDD2/train/11861.png,data/extracted/KolektorSDD2/train/11861_GT.png,False,228,633,0,0.0
train,train-11862,data/extracted/KolektorSDD2/train/11862.png,data/extracted/KolektorSDD2/train/11862_GT.png,False,229,633,0,0.0
train,train-11863,data/extracted/KolektorSDD2/train/11863.png,data/extracted/KolektorSDD2/train/11863_GT.png,False,229,637,0,0.0
train,train-11864,data/extracted/KolektorSDD2/train/11864.png,data/extracted/KolektorSDD2/train/11864_GT.png,False,230,638,0,0.0
train,train-11865,data/extracted/KolektorSDD2/train/11865.png,data/extracted/KolektorSDD2/train/11865_GT.png,False,229,636,0,0.0
train,train-11866,data/extracted/KolektorSDD2/train/11866.png,data/extracted/KolektorSDD2/train/11866_GT.png,False,233,638,0,0.0
train,train-11867,data/extracted/KolektorSDD2/train/11867.png,data/extracted/KolektorSDD2/train/11867_GT.png,True,230,628,206,0.0014261977291608972
train,train-11868,data/extracted/KolektorSDD2/train/11868.png,data/extracted/KolektorSDD2/train/11868_GT.png,False,231,634,0,0.0
train,train-11869,data/extracted/KolektorSDD2/train/11869.png,data/extracted/KolektorSDD2/train/11869_GT.png,False,228,644,0,0.0
train,train-11870,data/extracted/KolektorSDD2/train/11870.png,data/extracted/KolektorSDD2/train/11870_GT.png,True,230,642,3687,0.024969524583502642
train,train-11871,data/extracted/KolektorSDD2/train/11871.png,data/extracted/KolektorSDD2/train/11871_GT.png,False,223,635,0,0.0
train,train-11872,data/extracted/KolektorSDD2/train/11872.png,data/extracted/KolektorSDD2/train/11872_GT.png,False,232,639,0,0.0
train,train-11873,data/extracted/KolektorSDD2/train/11873.png,data/extracted/KolektorSDD2/train/11873_GT.png,False,231,641,0,0.0
train,train-11874,data/extracted/KolektorSDD2/train/11874.png,data/extracted/KolektorSDD2/train/11874_GT.png,True,229,629,24688,0.17139564429572135
train,train-11875,data/extracted/KolektorSDD2/train/11875.png,data/extracted/KolektorSDD2/train/11875_GT.png,False,233,630,0,0.0
train,train-11876,data/extracted/KolektorSDD2/train/11876.png,data/extracted/KolektorSDD2/train/11876_GT.png,False,231,635,0,0.0
train,train-11877,data/extracted/KolektorSDD2/train/11877.png,data/extracted/KolektorSDD2/train/11877_GT.png,False,228,645,0,0.0
train,train-11878,data/extracted/KolektorSDD2/train/11878.png,data/extracted/KolektorSDD2/train/11878_GT.png,False,230,635,0,0.0
train,train-11879,data/extracted/KolektorSDD2/train/11879.png,data/extracted/KolektorSDD2/train/11879_GT.png,False,232,640,0,0.0
train,train-11880,data/extracted/KolektorSDD2/train/11880.png,data/extracted/KolektorSDD2/train/11880_GT.png,False,226,643,0,0.0
train,train-11881,data/extracted/KolektorSDD2/train/11881.png,data/extracted/KolektorSDD2/train/11881_GT.png,False,228,643,0,0.0
train,train-11882,data/extracted/KolektorSDD2/train/11882.png,data/extracted/KolektorSDD2/train/11882_GT.png,False,228,639,0,0.0
train,train-11883,data/extracted/KolektorSDD2/train/11883.png,data/extracted/KolektorSDD2/train/11883_GT.png,False,228,629,0,0.0
train,train-11884,data/extracted/KolektorSDD2/train/11884.png,data/extracted/KolektorSDD2/train/11884_GT.png,True,231,633,1480,0.010121526709204434
train,train-11885,data/extracted/KolektorSDD2/train/11885.png,data/extracted/KolektorSDD2/train/11885_GT.png,False,233,631,0,0.0
train,train-11886,data/extracted/KolektorSDD2/train/11886.png,data/extracted/KolektorSDD2/train/11886_GT.png,False,228,641,0,0.0
train,train-11887,data/extracted/KolektorSDD2/train/11887.png,data/extracted/KolektorSDD2/train/11887_GT.png,False,229,635,0,0.0
train,train-11888,data/extracted/KolektorSDD2/train/11888.png,data/extracted/KolektorSDD2/train/11888_GT.png,False,227,622,0,0.0
train,train-11889,data/extracted/KolektorSDD2/train/11889.png,data/extracted/KolektorSDD2/train/11889_GT.png,False,231,632,0,0.0
train,train-11890,data/extracted/KolektorSDD2/train/11890.png,data/extracted/KolektorSDD2/train/11890_GT.png,False,234,637,0,0.0
train,train-11891,data/extracted/KolektorSDD2/train/11891.png,data/extracted/KolektorSDD2/train/11891_GT.png,False,229,631,0,0.0
train,train-11892,data/extracted/KolektorSDD2/train/11892.png,data/extracted/KolektorSDD2/train/11892_GT.png,False,229,635,0,0.0
train,train-11893,data/extracted/KolektorSDD2/train/11893.png,data/extracted/KolektorSDD2/train/11893_GT.png,False,232,643,0,0.0
train,train-11894,data/extracted/KolektorSDD2/train/11894.png,data/extracted/KolektorSDD2/train/11894_GT.png,False,228,629,0,0.0
train,train-11895,data/extracted/KolektorSDD2/train/11895.png,data/extracted/KolektorSDD2/train/11895_GT.png,False,233,650,0,0.0
train,train-11896,data/extracted/KolektorSDD2/train/11896.png,data/extracted/KolektorSDD2/train/11896_GT.png,False,228,631,0,0.0
train,train-11897,data/extracted/KolektorSDD2/train/11897.png,data/extracted/KolektorSDD2/train/11897_GT.png,False,229,645,0,0.0
train,train-11898,data/extracted/KolektorSDD2/train/11898.png,data/extracted/KolektorSDD2/train/11898_GT.png,False,233,637,0,0.0
train,train-11899,data/extracted/KolektorSDD2/train/11899.png,data/extracted/KolektorSDD2/train/11899_GT.png,True,227,632,5368,0.03741705236156806
train,train-11900,data/extracted/KolektorSDD2/train/11900.png,data/extracted/KolektorSDD2/train/11900_GT.png,False,212,648,0,0.0
train,train-11901,data/extracted/KolektorSDD2/train/11901.png,data/extracted/KolektorSDD2/train/11901_GT.png,False,229,646,0,0.0
train,train-11902,data/extracted/KolektorSDD2/train/11902.png,data/extracted/KolektorSDD2/train/11902_GT.png,False,217,627,0,0.0
train,train-11903,data/extracted/KolektorSDD2/train/11903.png,data/extracted/KolektorSDD2/train/11903_GT.png,False,226,636,0,0.0
train,train-11904,data/extracted/KolektorSDD2/train/11904.png,data/extracted/KolektorSDD2/train/11904_GT.png,False,232,648,0,0.0
train,train-11905,data/extracted/KolektorSDD2/train/11905.png,data/extracted/KolektorSDD2/train/11905_GT.png,True,228,629,4521,0.0315245586143419
train,train-11906,data/extracted/KolektorSDD2/train/11906.png,data/extracted/KolektorSDD2/train/11906_GT.png,False,231,639,0,0.0
train,train-11907,data/extracted/KolektorSDD2/train/11907.png,data/extracted/KolektorSDD2/train/11907_GT.png,False,230,627,0,0.0
train,train-11908,data/extracted/KolektorSDD2/train/11908.png,data/extracted/KolektorSDD2/train/11908_GT.png,False,228,642,0,0.0
train,train-11909,data/extracted/KolektorSDD2/train/11909.png,data/extracted/KolektorSDD2/train/11909_GT.png,False,227,638,0,0.0
train,train-11910,data/extracted/KolektorSDD2/train/11910.png,data/extracted/KolektorSDD2/train/11910_GT.png,False,228,630,0,0.0
train,train-11911,data/extracted/KolektorSDD2/train/11911.png,data/extracted/KolektorSDD2/train/11911_GT.png,False,229,638,0,0.0
train,train-11912,data/extracted/KolektorSDD2/train/11912.png,data/extracted/KolektorSDD2/train/11912_GT.png,True,230,635,96,0.000657309140705238
train,train-11913,data/extracted/KolektorSDD2/train/11913.png,data/extracted/KolektorSDD2/train/11913_GT.png,False,230,632,0,0.0
train,train-11914,data/extracted/KolektorSDD2/train/11914.png,data/extracted/KolektorSDD2/train/11914_GT.png,False,233,636,0,0.0
train,train-11915,data/extracted/KolektorSDD2/train/11915.png,data/extracted/KolektorSDD2/train/11915_GT.png,False,230,640,0,0.0
train,train-11916,data/extracted/KolektorSDD2/train/11916.png,data/extracted/KolektorSDD2/train/11916_GT.png,False,232,631,0,0.0
train,train-11917,data/extracted/KolektorSDD2/train/11917.png,data/extracted/KolektorSDD2/train/11917_GT.png,True,230,637,7182,0.04902054467271859
train,train-11918,data/extracted/KolektorSDD2/train/11918.png,data/extracted/KolektorSDD2/train/11918_GT.png,False,230,640,0,0.0
train,train-11919,data/extracted/KolektorSDD2/train/11919.png,data/extracted/KolektorSDD2/train/11919_GT.png,False,230,636,0,0.0
train,train-11920,data/extracted/KolektorSDD2/train/11920.png,data/extracted/KolektorSDD2/train/11920_GT.png,True,231,637,525,0.0035678607107178534
train,train-11921,data/extracted/KolektorSDD2/train/11921.png,data/extracted/KolektorSDD2/train/11921_GT.png,False,231,633,0,0.0
train,train-11922,data/extracted/KolektorSDD2/train/11922.png,data/extracted/KolektorSDD2/train/11922_GT.png,False,226,634,0,0.0
train,train-11923,data/extracted/KolektorSDD2/train/11923.png,data/extracted/KolektorSDD2/train/11923_GT.png,True,229,639,6600,0.04510322488057896
train,train-11924,data/extracted/KolektorSDD2/train/11924.png,data/extracted/KolektorSDD2/train/11924_GT.png,True,229,645,1494,0.010114755763176601
train,train-11925,data/extracted/KolektorSDD2/train/11925.png,data/extracted/KolektorSDD2/train/11925_GT.png,False,228,635,0,0.0
train,train-11926,data/extracted/KolektorSDD2/train/11926.png,data/extracted/KolektorSDD2/train/11926_GT.png,False,229,634,0,0.0
train,train-11927,data/extracted/KolektorSDD2/train/11927.png,data/extracted/KolektorSDD2/train/11927_GT.png,True,229,638,607,0.004154631695664672
train,train-11928,data/extracted/KolektorSDD2/train/11928.png,data/extracted/KolektorSDD2/train/11928_GT.png,False,230,634,0,0.0
train,train-11929,data/extracted/KolektorSDD2/train/11929.png,data/extracted/KolektorSDD2/train/11929_GT.png,False,230,640,0,0.0
train,train-11930,data/extracted/KolektorSDD2/train/11930.png,data/extracted/KolektorSDD2/train/11930_GT.png,False,232,633,0,0.0
train,train-11931,data/extracted/KolektorSDD2/train/11931.png,data/extracted/KolektorSDD2/train/11931_GT.png,False,228,638,0,0.0
train,train-11932,data/extracted/KolektorSDD2/train/11932.png,data/extracted/KolektorSDD2/train/11932_GT.png,False,225,647,0,0.0
train,train-11933,data/extracted/KolektorSDD2/train/11933.png,data/extracted/KolektorSDD2/train/11933_GT.png,False,231,636,0,0.0
train,train-11934,data/extracted/KolektorSDD2/train/11934.png,data/extracted/KolektorSDD2/train/11934_GT.png,False,227,631,0,0.0
train,train-11935,data/extracted/KolektorSDD2/train/11935.png,data/extracted/KolektorSDD2/train/11935_GT.png,False,229,630,0,0.0
train,train-11936,data/extracted/KolektorSDD2/train/11936.png,data/extracted/KolektorSDD2/train/11936_GT.png,False,226,633,0,0.0
train,train-11937,data/extracted/KolektorSDD2/train/11937.png,data/extracted/KolektorSDD2/train/11937_GT.png,False,229,643,0,0.0
train,train-11938,data/extracted/KolektorSDD2/train/11938.png,data/extracted/KolektorSDD2/train/11938_GT.png,False,231,637,0,0.0
train,train-11939,data/extracted/KolektorSDD2/train/11939.png,data/extracted/KolektorSDD2/train/11939_GT.png,False,225,630,0,0.0
train,train-11940,data/extracted/KolektorSDD2/train/11940.png,data/extracted/KolektorSDD2/train/11940_GT.png,False,228,636,0,0.0
train,train-11941,data/extracted/KolektorSDD2/train/11941.png,data/extracted/KolektorSDD2/train/11941_GT.png,False,230,636,0,0.0
train,train-11942,data/extracted/KolektorSDD2/train/11942.png,data/extracted/KolektorSDD2/train/11942_GT.png,False,232,638,0,0.0
train,train-11943,data/extracted/KolektorSDD2/train/11943.png,data/extracted/KolektorSDD2/train/11943_GT.png,False,233,637,0,0.0
train,train-11944,data/extracted/KolektorSDD2/train/11944.png,data/extracted/KolektorSDD2/train/11944_GT.png,False,228,639,0,0.0
train,train-11945,data/extracted/KolektorSDD2/train/11945.png,data/extracted/KolektorSDD2/train/11945_GT.png,False,229,632,0,0.0
train,train-11946,data/extracted/KolektorSDD2/train/11946.png,data/extracted/KolektorSDD2/train/11946_GT.png,False,230,643,0,0.0
train,train-11947,data/extracted/KolektorSDD2/train/11947.png,data/extracted/KolektorSDD2/train/11947_GT.png,False,231,632,0,0.0
train,train-11948,data/extracted/KolektorSDD2/train/11948.png,data/extracted/KolektorSDD2/train/11948_GT.png,False,227,626,0,0.0
train,train-11949,data/extracted/KolektorSDD2/train/11949.png,data/extracted/KolektorSDD2/train/11949_GT.png,False,230,639,0,0.0
train,train-11950,data/extracted/KolektorSDD2/train/11950.png,data/extracted/KolektorSDD2/train/11950_GT.png,False,231,637,0,0.0
train,train-11951,data/extracted/KolektorSDD2/train/11951.png,data/extracted/KolektorSDD2/train/11951_GT.png,False,228,627,0,0.0
train,train-11952,data/extracted/KolektorSDD2/train/11952.png,data/extracted/KolektorSDD2/train/11952_GT.png,False,232,637,0,0.0
train,train-11953,data/extracted/KolektorSDD2/train/11953.png,data/extracted/KolektorSDD2/train/11953_GT.png,False,229,639,0,0.0
train,train-11954,data/extracted/KolektorSDD2/train/11954.png,data/extracted/KolektorSDD2/train/11954_GT.png,False,231,633,0,0.0
train,train-11955,data/extracted/KolektorSDD2/train/11955.png,data/extracted/KolektorSDD2/train/11955_GT.png,False,206,642,0,0.0
train,train-11956,data/extracted/KolektorSDD2/train/11956.png,data/extracted/KolektorSDD2/train/11956_GT.png,True,231,641,2056,0.01388523073390468
train,train-11957,data/extracted/KolektorSDD2/train/11957.png,data/extracted/KolektorSDD2/train/11957_GT.png,True,226,641,1234,0.008518216834868085
train,train-11958,data/extracted/KolektorSDD2/train/11958.png,data/extracted/KolektorSDD2/train/11958_GT.png,False,215,635,0,0.0
train,train-11959,data/extracted/KolektorSDD2/train/11959.png,data/extracted/KolektorSDD2/train/11959_GT.png,False,226,628,0,0.0
train,train-11960,data/extracted/KolektorSDD2/train/11960.png,data/extracted/KolektorSDD2/train/11960_GT.png,False,230,640,0,0.0
train,train-11961,data/extracted/KolektorSDD2/train/11961.png,data/extracted/KolektorSDD2/train/11961_GT.png,False,227,634,0,0.0
train,train-11962,data/extracted/KolektorSDD2/train/11962.png,data/extracted/KolektorSDD2/train/11962_GT.png,True,231,640,1499,0.010139339826839826
train,train-11963,data/extracted/KolektorSDD2/train/11963.png,data/extracted/KolektorSDD2/train/11963_GT.png,False,226,632,0,0.0
train,train-11964,data/extracted/KolektorSDD2/train/11964.png,data/extracted/KolektorSDD2/train/11964_GT.png,False,229,632,0,0.0
train,train-11965,data/extracted/KolektorSDD2/train/11965.png,data/extracted/KolektorSDD2/train/11965_GT.png,False,209,642,0,0.0
train,train-11966,data/extracted/KolektorSDD2/train/11966.png,data/extracted/KolektorSDD2/train/11966_GT.png,False,210,621,0,0.0
train,train-11967,data/extracted/KolektorSDD2/train/11967.png,data/extracted/KolektorSDD2/train/11967_GT.png,False,228,636,0,0.0
train,train-11968,data/extracted/KolektorSDD2/train/11968.png,data/extracted/KolektorSDD2/train/11968_GT.png,False,231,634,0,0.0
train,train-11969,data/extracted/KolektorSDD2/train/11969.png,data/extracted/KolektorSDD2/train/11969_GT.png,True,227,621,692,0.004908950321706499
train,train-11970,data/extracted/KolektorSDD2/train/11970.png,data/extracted/KolektorSDD2/train/11970_GT.png,False,225,634,0,0.0
train,train-11971,data/extracted/KolektorSDD2/train/11971.png,data/extracted/KolektorSDD2/train/11971_GT.png,False,229,636,0,0.0
train,train-11972,data/extracted/KolektorSDD2/train/11972.png,data/extracted/KolektorSDD2/train/11972_GT.png,False,233,638,0,0.0
train,train-11973,data/extracted/KolektorSDD2/train/11973.png,data/extracted/KolektorSDD2/train/11973_GT.png,False,228,649,0,0.0
train,train-11974,data/extracted/KolektorSDD2/train/11974.png,data/extracted/KolektorSDD2/train/11974_GT.png,False,230,633,0,0.0
train,train-11975,data/extracted/KolektorSDD2/train/11975.png,data/extracted/KolektorSDD2/train/11975_GT.png,False,234,634,0,0.0
train,train-11976,data/extracted/KolektorSDD2/train/11976.png,data/extracted/KolektorSDD2/train/11976_GT.png,False,231,632,0,0.0
train,train-11977,data/extracted/KolektorSDD2/train/11977.png,data/extracted/KolektorSDD2/train/11977_GT.png,False,230,635,0,0.0
train,train-11978,data/extracted/KolektorSDD2/train/11978.png,data/extracted/KolektorSDD2/train/11978_GT.png,False,230,643,0,0.0
train,train-11979,data/extracted/KolektorSDD2/train/11979.png,data/extracted/KolektorSDD2/train/11979_GT.png,False,230,630,0,0.0
train,train-11980,data/extracted/KolektorSDD2/train/11980.png,data/extracted/KolektorSDD2/train/11980_GT.png,True,231,641,2249,0.015188659494431725
train,train-11981,data/extracted/KolektorSDD2/train/11981.png,data/extracted/KolektorSDD2/train/11981_GT.png,False,229,633,0,0.0
train,train-11982,data/extracted/KolektorSDD2/train/11982.png,data/extracted/KolektorSDD2/train/11982_GT.png,False,230,641,0,0.0
train,train-11983,data/extracted/KolektorSDD2/train/11983.png,data/extracted/KolektorSDD2/train/11983_GT.png,False,228,639,0,0.0
train,train-11984,data/extracted/KolektorSDD2/train/11984.png,data/extracted/KolektorSDD2/train/11984_GT.png,False,231,635,0,0.0
train,train-11985,data/extracted/KolektorSDD2/train/11985.png,data/extracted/KolektorSDD2/train/11985_GT.png,False,229,645,0,0.0
train,train-11986,data/extracted/KolektorSDD2/train/11986.png,data/extracted/KolektorSDD2/train/11986_GT.png,True,230,636,693,0.004737489745693191
train,train-11987,data/extracted/KolektorSDD2/train/11987.png,data/extracted/KolektorSDD2/train/11987_GT.png,False,215,648,0,0.0
train,train-11988,data/extracted/KolektorSDD2/train/11988.png,data/extracted/KolektorSDD2/train/11988_GT.png,False,231,645,0,0.0
train,train-11989,data/extracted/KolektorSDD2/train/11989.png,data/extracted/KolektorSDD2/train/11989_GT.png,False,231,640,0,0.0
train,train-11990,data/extracted/KolektorSDD2/train/11990.png,data/extracted/KolektorSDD2/train/11990_GT.png,False,232,636,0,0.0
train,train-11991,data/extracted/KolektorSDD2/train/11991.png,data/extracted/KolektorSDD2/train/11991_GT.png,False,232,641,0,0.0
train,train-11992,data/extracted/KolektorSDD2/train/11992.png,data/extracted/KolektorSDD2/train/11992_GT.png,False,212,643,0,0.0
train,train-11993,data/extracted/KolektorSDD2/train/11993.png,data/extracted/KolektorSDD2/train/11993_GT.png,False,226,634,0,0.0
train,train-11994,data/extracted/KolektorSDD2/train/11994.png,data/extracted/KolektorSDD2/train/11994_GT.png,False,229,644,0,0.0
train,train-11995,data/extracted/KolektorSDD2/train/11995.png,data/extracted/KolektorSDD2/train/11995_GT.png,False,231,635,0,0.0
train,train-11996,data/extracted/KolektorSDD2/train/11996.png,data/extracted/KolektorSDD2/train/11996_GT.png,False,229,628,0,0.0
train,train-11997,data/extracted/KolektorSDD2/train/11997.png,data/extracted/KolektorSDD2/train/11997_GT.png,False,224,638,0,0.0
train,train-11998,data/extracted/KolektorSDD2/train/11998.png,data/extracted/KolektorSDD2/train/11998_GT.png,False,229,634,0,0.0
train,train-11999,data/extracted/KolektorSDD2/train/11999.png,data/extracted/KolektorSDD2/train/11999_GT.png,False,231,637,0,0.0
train,train-12000,data/extracted/KolektorSDD2/train/12000.png,data/extracted/KolektorSDD2/train/12000_GT.png,False,234,651,0,0.0
train,train-12001,data/extracted/KolektorSDD2/train/12001.png,data/extracted/KolektorSDD2/train/12001_GT.png,False,228,646,0,0.0
train,train-12002,data/extracted/KolektorSDD2/train/12002.png,data/extracted/KolektorSDD2/train/12002_GT.png,False,228,641,0,0.0
train,train-12003,data/extracted/KolektorSDD2/train/12003.png,data/extracted/KolektorSDD2/train/12003_GT.png,False,230,631,0,0.0
train,train-12004,data/extracted/KolektorSDD2/train/12004.png,data/extracted/KolektorSDD2/train/12004_GT.png,False,216,641,0,0.0
train,train-12005,data/extracted/KolektorSDD2/train/12005.png,data/extracted/KolektorSDD2/train/12005_GT.png,False,229,635,0,0.0
train,train-12006,data/extracted/KolektorSDD2/train/12006.png,data/extracted/KolektorSDD2/train/12006_GT.png,False,228,631,0,0.0
train,train-12007,data/extracted/KolektorSDD2/train/12007.png,data/extracted/KolektorSDD2/train/12007_GT.png,False,227,631,0,0.0
train,train-12008,data/extracted/KolektorSDD2/train/12008.png,data/extracted/KolektorSDD2/train/12008_GT.png,True,234,641,7819,0.05212875181673934
train,train-12009,data/extracted/KolektorSDD2/train/12009.png,data/extracted/KolektorSDD2/train/12009_GT.png,False,220,617,0,0.0
train,train-12010,data/extracted/KolektorSDD2/train/12010.png,data/extracted/KolektorSDD2/train/12010_GT.png,False,233,634,0,0.0
train,train-12011,data/extracted/KolektorSDD2/train/12011.png,data/extracted/KolektorSDD2/train/12011_GT.png,False,234,641,0,0.0
train,train-12012,data/extracted/KolektorSDD2/train/12012.png,data/extracted/KolektorSDD2/train/12012_GT.png,False,229,645,0,0.0
train,train-12013,data/extracted/KolektorSDD2/train/12013.png,data/extracted/KolektorSDD2/train/12013_GT.png,False,232,640,0,0.0
train,train-12014,data/extracted/KolektorSDD2/train/12014.png,data/extracted/KolektorSDD2/train/12014_GT.png,False,231,636,0,0.0
train,train-12015,data/extracted/KolektorSDD2/train/12015.png,data/extracted/KolektorSDD2/train/12015_GT.png,False,232,630,0,0.0
train,train-12016,data/extracted/KolektorSDD2/train/12016.png,data/extracted/KolektorSDD2/train/12016_GT.png,False,233,642,0,0.0
train,train-12017,data/extracted/KolektorSDD2/train/12017.png,data/extracted/KolektorSDD2/train/12017_GT.png,False,231,647,0,0.0
train,train-12018,data/extracted/KolektorSDD2/train/12018.png,data/extracted/KolektorSDD2/train/12018_GT.png,False,229,632,0,0.0
train,train-12019,data/extracted/KolektorSDD2/train/12019.png,data/extracted/KolektorSDD2/train/12019_GT.png,False,229,649,0,0.0
train,train-12020,data/extracted/KolektorSDD2/train/12020.png,data/extracted/KolektorSDD2/train/12020_GT.png,False,228,635,0,0.0
train,train-12021,data/extracted/KolektorSDD2/train/12021.png,data/extracted/KolektorSDD2/train/12021_GT.png,False,230,634,0,0.0
train,train-12022,data/extracted/KolektorSDD2/train/12022.png,data/extracted/KolektorSDD2/train/12022_GT.png,False,232,638,0,0.0
train,train-12023,data/extracted/KolektorSDD2/train/12023.png,data/extracted/KolektorSDD2/train/12023_GT.png,False,230,631,0,0.0
train,train-12024,data/extracted/KolektorSDD2/train/12024.png,data/extracted/KolektorSDD2/train/12024_GT.png,False,225,638,0,0.0
train,train-12025,data/extracted/KolektorSDD2/train/12025.png,data/extracted/KolektorSDD2/train/12025_GT.png,False,205,641,0,0.0
train,train-12026,data/extracted/KolektorSDD2/train/12026.png,data/extracted/KolektorSDD2/train/12026_GT.png,True,233,635,3550,0.023993781893143187
train,train-12027,data/extracted/KolektorSDD2/train/12027.png,data/extracted/KolektorSDD2/train/12027_GT.png,False,223,637,0,0.0
train,train-12028,data/extracted/KolektorSDD2/train/12028.png,data/extracted/KolektorSDD2/train/12028_GT.png,True,229,634,562,0.003870896642927004
train,train-12029,data/extracted/KolektorSDD2/train/12029.png,data/extracted/KolektorSDD2/train/12029_GT.png,False,228,635,0,0.0
train,train-12030,data/extracted/KolektorSDD2/train/12030.png,data/extracted/KolektorSDD2/train/12030_GT.png,False,234,636,0,0.0
train,train-12031,data/extracted/KolektorSDD2/train/12031.png,data/extracted/KolektorSDD2/train/12031_GT.png,False,228,634,0,0.0
train,train-12032,data/extracted/KolektorSDD2/train/12032.png,data/extracted/KolektorSDD2/train/12032_GT.png,False,230,635,0,0.0
train,train-12033,data/extracted/KolektorSDD2/train/12033.png,data/extracted/KolektorSDD2/train/12033_GT.png,False,230,641,0,0.0
train,train-12034,data/extracted/KolektorSDD2/train/12034.png,data/extracted/KolektorSDD2/train/12034_GT.png,False,232,638,0,0.0
train,train-12035,data/extracted/KolektorSDD2/train/12035.png,data/extracted/KolektorSDD2/train/12035_GT.png,False,234,631,0,0.0
train,train-12036,data/extracted/KolektorSDD2/train/12036.png,data/extracted/KolektorSDD2/train/12036_GT.png,False,229,639,0,0.0
train,train-12037,data/extracted/KolektorSDD2/train/12037.png,data/extracted/KolektorSDD2/train/12037_GT.png,False,229,635,0,0.0
train,train-12038,data/extracted/KolektorSDD2/train/12038.png,data/extracted/KolektorSDD2/train/12038_GT.png,False,232,639,0,0.0
train,train-12039,data/extracted/KolektorSDD2/train/12039.png,data/extracted/KolektorSDD2/train/12039_GT.png,False,230,647,0,0.0
train,train-12040,data/extracted/KolektorSDD2/train/12040.png,data/extracted/KolektorSDD2/train/12040_GT.png,False,231,640,0,0.0
train,train-12041,data/extracted/KolektorSDD2/train/12041.png,data/extracted/KolektorSDD2/train/12041_GT.png,True,229,631,300,0.002076138935217545
train,train-12042,data/extracted/KolektorSDD2/train/12042.png,data/extracted/KolektorSDD2/train/12042_GT.png,False,228,643,0,0.0
train,train-12043,data/extracted/KolektorSDD2/train/12043.png,data/extracted/KolektorSDD2/train/12043_GT.png,False,227,625,0,0.0
train,train-12044,data/extracted/KolektorSDD2/train/12044.png,data/extracted/KolektorSDD2/train/12044_GT.png,False,227,636,0,0.0
train,train-12045,data/extracted/KolektorSDD2/train/12045.png,data/extracted/KolektorSDD2/train/12045_GT.png,False,229,643,0,0.0
train,train-12046,data/extracted/KolektorSDD2/train/12046.png,data/extracted/KolektorSDD2/train/12046_GT.png,False,232,633,0,0.0
train,train-12047,data/extracted/KolektorSDD2/train/12047.png,data/extracted/KolektorSDD2/train/12047_GT.png,False,213,642,0,0.0
train,train-12048,data/extracted/KolektorSDD2/train/12048.png,data/extracted/KolektorSDD2/train/12048_GT.png,False,228,643,0,0.0
train,train-12049,data/extracted/KolektorSDD2/train/12049.png,data/extracted/KolektorSDD2/train/12049_GT.png,False,230,625,0,0.0
train,train-12050,data/extracted/KolektorSDD2/train/12050.png,data/extracted/KolektorSDD2/train/12050_GT.png,True,230,627,1495,0.01036682615629984
train,train-12051,data/extracted/KolektorSDD2/train/12051.png,data/extracted/KolektorSDD2/train/12051_GT.png,False,231,630,0,0.0
train,train-12052,data/extracted/KolektorSDD2/train/12052.png,data/extracted/KolektorSDD2/train/12052_GT.png,False,230,641,0,0.0
train,train-12053,data/extracted/KolektorSDD2/train/12053.png,data/extracted/KolektorSDD2/train/12053_GT.png,False,230,626,0,0.0
train,train-12054,data/extracted/KolektorSDD2/train/12054.png,data/extracted/KolektorSDD2/train/12054_GT.png,False,227,643,0,0.0
train,train-12055,data/extracted/KolektorSDD2/train/12055.png,data/extracted/KolektorSDD2/train/12055_GT.png,False,231,629,0,0.0
train,train-12056,data/extracted/KolektorSDD2/train/12056.png,data/extracted/KolektorSDD2/train/12056_GT.png,True,230,645,12610,0.08500168520390967
train,train-12057,data/extracted/KolektorSDD2/train/12057.png,data/extracted/KolektorSDD2/train/12057_GT.png,False,231,644,0,0.0
train,train-12058,data/extracted/KolektorSDD2/train/12058.png,data/extracted/KolektorSDD2/train/12058_GT.png,False,228,628,0,0.0
train,train-12059,data/extracted/KolektorSDD2/train/12059.png,data/extracted/KolektorSDD2/train/12059_GT.png,False,230,648,0,0.0
train,train-12060,data/extracted/KolektorSDD2/train/12060.png,data/extracted/KolektorSDD2/train/12060_GT.png,False,229,635,0,0.0
train,train-12061,data/extracted/KolektorSDD2/train/12061.png,data/extracted/KolektorSDD2/train/12061_GT.png,False,230,619,0,0.0
train,train-12062,data/extracted/KolektorSDD2/train/12062.png,data/extracted/KolektorSDD2/train/12062_GT.png,False,229,638,0,0.0
train,train-12063,data/extracted/KolektorSDD2/train/12063.png,data/extracted/KolektorSDD2/train/12063_GT.png,False,230,631,0,0.0
train,train-12064,data/extracted/KolektorSDD2/train/12064.png,data/extracted/KolektorSDD2/train/12064_GT.png,False,229,625,0,0.0
train,train-12065,data/extracted/KolektorSDD2/train/12065.png,data/extracted/KolektorSDD2/train/12065_GT.png,False,229,634,0,0.0
train,train-12066,data/extracted/KolektorSDD2/train/12066.png,data/extracted/KolektorSDD2/train/12066_GT.png,False,225,628,0,0.0
train,train-12067,data/extracted/KolektorSDD2/train/12067.png,data/extracted/KolektorSDD2/train/12067_GT.png,False,229,619,0,0.0
train,train-12068,data/extracted/KolektorSDD2/train/12068.png,data/extracted/KolektorSDD2/train/12068_GT.png,False,230,629,0,0.0
train,train-12069,data/extracted/KolektorSDD2/train/12069.png,data/extracted/KolektorSDD2/train/12069_GT.png,False,229,645,0,0.0
train,train-12070,data/extracted/KolektorSDD2/train/12070.png,data/extracted/KolektorSDD2/train/12070_GT.png,True,230,640,964,0.006548913043478261
train,train-12071,data/extracted/KolektorSDD2/train/12071.png,data/extracted/KolektorSDD2/train/12071_GT.png,True,231,634,31722,0.2166004342660494
train,train-12072,data/extracted/KolektorSDD2/train/12072.png,data/extracted/KolektorSDD2/train/12072_GT.png,False,229,629,0,0.0
train,train-12073,data/extracted/KolektorSDD2/train/12073.png,data/extracted/KolektorSDD2/train/12073_GT.png,False,229,636,0,0.0
train,train-12074,data/extracted/KolektorSDD2/train/12074.png,data/extracted/KolektorSDD2/train/12074_GT.png,False,232,643,0,0.0
train,train-12075,data/extracted/KolektorSDD2/train/12075.png,data/extracted/KolektorSDD2/train/12075_GT.png,False,231,631,0,0.0
train,train-12076,data/extracted/KolektorSDD2/train/12076.png,data/extracted/KolektorSDD2/train/12076_GT.png,False,229,646,0,0.0
train,train-12077,data/extracted/KolektorSDD2/train/12077.png,data/extracted/KolektorSDD2/train/12077_GT.png,False,230,635,0,0.0
train,train-12078,data/extracted/KolektorSDD2/train/12078.png,data/extracted/KolektorSDD2/train/12078_GT.png,False,230,641,0,0.0
train,train-12079,data/extracted/KolektorSDD2/train/12079.png,data/extracted/KolektorSDD2/train/12079_GT.png,False,229,624,0,0.0
train,train-12080,data/extracted/KolektorSDD2/train/12080.png,data/extracted/KolektorSDD2/train/12080_GT.png,True,230,629,5484,0.03790696066910901
train,train-12081,data/extracted/KolektorSDD2/train/12081.png,data/extracted/KolektorSDD2/train/12081_GT.png,True,230,628,1902,0.01316809747992246
train,train-12082,data/extracted/KolektorSDD2/train/12082.png,data/extracted/KolektorSDD2/train/12082_GT.png,False,229,615,0,0.0
train,train-12083,data/extracted/KolektorSDD2/train/12083.png,data/extracted/KolektorSDD2/train/12083_GT.png,False,233,639,0,0.0
train,train-12084,data/extracted/KolektorSDD2/train/12084.png,data/extracted/KolektorSDD2/train/12084_GT.png,False,229,639,0,0.0
train,train-12085,data/extracted/KolektorSDD2/train/12085.png,data/extracted/KolektorSDD2/train/12085_GT.png,False,229,632,0,0.0
train,train-12086,data/extracted/KolektorSDD2/train/12086.png,data/extracted/KolektorSDD2/train/12086_GT.png,False,230,638,0,0.0
train,train-12087,data/extracted/KolektorSDD2/train/12087.png,data/extracted/KolektorSDD2/train/12087_GT.png,False,230,630,0,0.0
train,train-12088,data/extracted/KolektorSDD2/train/12088.png,data/extracted/KolektorSDD2/train/12088_GT.png,False,229,613,0,0.0
train,train-12089,data/extracted/KolektorSDD2/train/12089.png,data/extracted/KolektorSDD2/train/12089_GT.png,False,229,646,0,0.0
train,train-12090,data/extracted/KolektorSDD2/train/12090.png,data/extracted/KolektorSDD2/train/12090_GT.png,False,229,614,0,0.0
train,train-12091,data/extracted/KolektorSDD2/train/12091.png,data/extracted/KolektorSDD2/train/12091_GT.png,False,229,643,0,0.0
train,train-12092,data/extracted/KolektorSDD2/train/12092.png,data/extracted/KolektorSDD2/train/12092_GT.png,False,231,637,0,0.0
train,train-12093,data/extracted/KolektorSDD2/train/12093.png,data/extracted/KolektorSDD2/train/12093_GT.png,False,230,648,0,0.0
train,train-12094,data/extracted/KolektorSDD2/train/12094.png,data/extracted/KolektorSDD2/train/12094_GT.png,False,227,635,0,0.0
train,train-12095,data/extracted/KolektorSDD2/train/12095.png,data/extracted/KolektorSDD2/train/12095_GT.png,False,229,641,0,0.0
train,train-12096,data/extracted/KolektorSDD2/train/12096.png,data/extracted/KolektorSDD2/train/12096_GT.png,False,229,631,0,0.0
train,train-12097,data/extracted/KolektorSDD2/train/12097.png,data/extracted/KolektorSDD2/train/12097_GT.png,False,229,642,0,0.0
train,train-12098,data/extracted/KolektorSDD2/train/12098.png,data/extracted/KolektorSDD2/train/12098_GT.png,False,229,629,0,0.0
train,train-12099,data/extracted/KolektorSDD2/train/12099.png,data/extracted/KolektorSDD2/train/12099_GT.png,False,229,634,0,0.0
train,train-12100,data/extracted/KolektorSDD2/train/12100.png,data/extracted/KolektorSDD2/train/12100_GT.png,False,227,630,0,0.0
train,train-12101,data/extracted/KolektorSDD2/train/12101.png,data/extracted/KolektorSDD2/train/12101_GT.png,False,228,635,0,0.0
train,train-12102,data/extracted/KolektorSDD2/train/12102.png,data/extracted/KolektorSDD2/train/12102_GT.png,False,230,634,0,0.0
train,train-12103,data/extracted/KolektorSDD2/train/12103.png,data/extracted/KolektorSDD2/train/12103_GT.png,False,231,649,0,0.0
train,train-12104,data/extracted/KolektorSDD2/train/12104.png,data/extracted/KolektorSDD2/train/12104_GT.png,False,228,610,0,0.0
train,train-12105,data/extracted/KolektorSDD2/train/12105.png,data/extracted/KolektorSDD2/train/12105_GT.png,True,230,613,1739,0.012334208099865239
train,train-12106,data/extracted/KolektorSDD2/train/12106.png,data/extracted/KolektorSDD2/train/12106_GT.png,False,230,632,0,0.0
train,train-12107,data/extracted/KolektorSDD2/train/12107.png,data/extracted/KolektorSDD2/train/12107_GT.png,False,229,635,0,0.0
train,train-12108,data/extracted/KolektorSDD2/train/12108.png,data/extracted/KolektorSDD2/train/12108_GT.png,False,230,622,0,0.0
train,train-12109,data/extracted/KolektorSDD2/train/12109.png,data/extracted/KolektorSDD2/train/12109_GT.png,True,232,632,865,0.005899443474465299
train,train-12110,data/extracted/KolektorSDD2/train/12110.png,data/extracted/KolektorSDD2/train/12110_GT.png,False,230,642,0,0.0
train,train-12111,data/extracted/KolektorSDD2/train/12111.png,data/extracted/KolektorSDD2/train/12111_GT.png,False,230,637,0,0.0
train,train-12112,data/extracted/KolektorSDD2/train/12112.png,data/extracted/KolektorSDD2/train/12112_GT.png,False,231,636,0,0.0
train,train-12113,data/extracted/KolektorSDD2/train/12113.png,data/extracted/KolektorSDD2/train/12113_GT.png,False,219,623,0,0.0
train,train-12114,data/extracted/KolektorSDD2/train/12114.png,data/extracted/KolektorSDD2/train/12114_GT.png,False,230,644,0,0.0
train,train-12115,data/extracted/KolektorSDD2/train/12115.png,data/extracted/KolektorSDD2/train/12115_GT.png,False,229,634,0,0.0
train,train-12116,data/extracted/KolektorSDD2/train/12116.png,data/extracted/KolektorSDD2/train/12116_GT.png,False,230,634,0,0.0
train,train-12117,data/extracted/KolektorSDD2/train/12117.png,data/extracted/KolektorSDD2/train/12117_GT.png,False,230,637,0,0.0
train,train-12118,data/extracted/KolektorSDD2/train/12118.png,data/extracted/KolektorSDD2/train/12118_GT.png,False,227,634,0,0.0
train,train-12119,data/extracted/KolektorSDD2/train/12119.png,data/extracted/KolektorSDD2/train/12119_GT.png,False,229,631,0,0.0
train,train-12120,data/extracted/KolektorSDD2/train/12120.png,data/extracted/KolektorSDD2/train/12120_GT.png,False,229,636,0,0.0
train,train-12121,data/extracted/KolektorSDD2/train/12121.png,data/extracted/KolektorSDD2/train/12121_GT.png,False,233,637,0,0.0
train,train-12122,data/extracted/KolektorSDD2/train/12122.png,data/extracted/KolektorSDD2/train/12122_GT.png,False,229,643,0,0.0
train,train-12123,data/extracted/KolektorSDD2/train/12123.png,data/extracted/KolektorSDD2/train/12123_GT.png,False,227,603,0,0.0
train,train-12124,data/extracted/KolektorSDD2/train/12124.png,data/extracted/KolektorSDD2/train/12124_GT.png,False,231,629,0,0.0
train,train-12125,data/extracted/KolektorSDD2/train/12125.png,data/extracted/KolektorSDD2/train/12125_GT.png,False,230,619,0,0.0
train,train-12126,data/extracted/KolektorSDD2/train/12126.png,data/extracted/KolektorSDD2/train/12126_GT.png,False,230,640,0,0.0
train,train-12127,data/extracted/KolektorSDD2/train/12127.png,data/extracted/KolektorSDD2/train/12127_GT.png,False,230,638,0,0.0
train,train-12128,data/extracted/KolektorSDD2/train/12128.png,data/extracted/KolektorSDD2/train/12128_GT.png,False,233,628,0,0.0
train,train-12129,data/extracted/KolektorSDD2/train/12129.png,data/extracted/KolektorSDD2/train/12129_GT.png,False,218,630,0,0.0
train,train-12130,data/extracted/KolektorSDD2/train/12130.png,data/extracted/KolektorSDD2/train/12130_GT.png,False,232,638,0,0.0
train,train-12131,data/extracted/KolektorSDD2/train/12131.png,data/extracted/KolektorSDD2/train/12131_GT.png,True,230,614,2204,0.015606854553179436
train,train-12132,data/extracted/KolektorSDD2/train/12132.png,data/extracted/KolektorSDD2/train/12132_GT.png,False,228,638,0,0.0
train,train-12133,data/extracted/KolektorSDD2/train/12133.png,data/extracted/KolektorSDD2/train/12133_GT.png,False,231,645,0,0.0
train,train-12134,data/extracted/KolektorSDD2/train/12134.png,data/extracted/KolektorSDD2/train/12134_GT.png,False,227,629,0,0.0
train,train-12135,data/extracted/KolektorSDD2/train/12135.png,data/extracted/KolektorSDD2/train/12135_GT.png,False,230,631,0,0.0
train,train-12136,data/extracted/KolektorSDD2/train/12136.png,data/extracted/KolektorSDD2/train/12136_GT.png,False,233,650,0,0.0
train,train-12137,data/extracted/KolektorSDD2/train/12137.png,data/extracted/KolektorSDD2/train/12137_GT.png,False,231,630,0,0.0
train,train-12138,data/extracted/KolektorSDD2/train/12138.png,data/extracted/KolektorSDD2/train/12138_GT.png,False,230,629,0,0.0
train,train-12139,data/extracted/KolektorSDD2/train/12139.png,data/extracted/KolektorSDD2/train/12139_GT.png,False,231,633,0,0.0
train,train-12140,data/extracted/KolektorSDD2/train/12140.png,data/extracted/KolektorSDD2/train/12140_GT.png,False,229,634,0,0.0
train,train-12141,data/extracted/KolektorSDD2/train/12141.png,data/extracted/KolektorSDD2/train/12141_GT.png,True,217,620,509,0.0037832614835736585
train,train-12142,data/extracted/KolektorSDD2/train/12142.png,data/extracted/KolektorSDD2/train/12142_GT.png,False,230,638,0,0.0
train,train-12143,data/extracted/KolektorSDD2/train/12143.png,data/extracted/KolektorSDD2/train/12143_GT.png,False,229,619,0,0.0
train,train-12144,data/extracted/KolektorSDD2/train/12144.png,data/extracted/KolektorSDD2/train/12144_GT.png,False,228,629,0,0.0
train,train-12145,data/extracted/KolektorSDD2/train/12145.png,data/extracted/KolektorSDD2/train/12145_GT.png,False,230,633,0,0.0
train,train-12146,data/extracted/KolektorSDD2/train/12146.png,data/extracted/KolektorSDD2/train/12146_GT.png,True,230,644,2855,0.01927491223332433
train,train-12147,data/extracted/KolektorSDD2/train/12147.png,data/extracted/KolektorSDD2/train/12147_GT.png,False,228,648,0,0.0
train,train-12148,data/extracted/KolektorSDD2/train/12148.png,data/extracted/KolektorSDD2/train/12148_GT.png,False,231,639,0,0.0
train,train-12149,data/extracted/KolektorSDD2/train/12149.png,data/extracted/KolektorSDD2/train/12149_GT.png,False,230,606,0,0.0
train,train-12150,data/extracted/KolektorSDD2/train/12150.png,data/extracted/KolektorSDD2/train/12150_GT.png,False,230,632,0,0.0
train,train-12151,data/extracted/KolektorSDD2/train/12151.png,data/extracted/KolektorSDD2/train/12151_GT.png,False,228,622,0,0.0
train,train-12152,data/extracted/KolektorSDD2/train/12152.png,data/extracted/KolektorSDD2/train/12152_GT.png,False,227,637,0,0.0
train,train-12153,data/extracted/KolektorSDD2/train/12153.png,data/extracted/KolektorSDD2/train/12153_GT.png,False,228,633,0,0.0
train,train-12154,data/extracted/KolektorSDD2/train/12154.png,data/extracted/KolektorSDD2/train/12154_GT.png,False,229,623,0,0.0
train,train-12155,data/extracted/KolektorSDD2/train/12155.png,data/extracted/KolektorSDD2/train/12155_GT.png,False,226,637,0,0.0
train,train-12156,data/extracted/KolektorSDD2/train/12156.png,data/extracted/KolektorSDD2/train/12156_GT.png,False,232,640,0,0.0
train,train-12157,data/extracted/KolektorSDD2/train/12157.png,data/extracted/KolektorSDD2/train/12157_GT.png,False,232,646,0,0.0
train,train-12158,data/extracted/KolektorSDD2/train/12158.png,data/extracted/KolektorSDD2/train/12158_GT.png,False,230,629,0,0.0
train,train-12159,data/extracted/KolektorSDD2/train/12159.png,data/extracted/KolektorSDD2/train/12159_GT.png,False,232,638,0,0.0
train,train-12160,data/extracted/KolektorSDD2/train/12160.png,data/extracted/KolektorSDD2/train/12160_GT.png,True,227,627,3643,0.025595627033141524
train,train-12161,data/extracted/KolektorSDD2/train/12161.png,data/extracted/KolektorSDD2/train/12161_GT.png,False,229,631,0,0.0
train,train-12162,data/extracted/KolektorSDD2/train/12162.png,data/extracted/KolektorSDD2/train/12162_GT.png,False,229,646,0,0.0
train,train-12163,data/extracted/KolektorSDD2/train/12163.png,data/extracted/KolektorSDD2/train/12163_GT.png,False,228,636,0,0.0
train,train-12164,data/extracted/KolektorSDD2/train/12164.png,data/extracted/KolektorSDD2/train/12164_GT.png,False,228,638,0,0.0
train,train-12165,data/extracted/KolektorSDD2/train/12165.png,data/extracted/KolektorSDD2/train/12165_GT.png,False,227,631,0,0.0
train,train-12166,data/extracted/KolektorSDD2/train/12166.png,data/extracted/KolektorSDD2/train/12166_GT.png,False,229,630,0,0.0
train,train-12167,data/extracted/KolektorSDD2/train/12167.png,data/extracted/KolektorSDD2/train/12167_GT.png,False,230,631,0,0.0
train,train-12168,data/extracted/KolektorSDD2/train/12168.png,data/extracted/KolektorSDD2/train/12168_GT.png,False,231,640,0,0.0
train,train-12169,data/extracted/KolektorSDD2/train/12169.png,data/extracted/KolektorSDD2/train/12169_GT.png,False,229,642,0,0.0
train,train-12170,data/extracted/KolektorSDD2/train/12170.png,data/extracted/KolektorSDD2/train/12170_GT.png,False,229,631,0,0.0
train,train-12171,data/extracted/KolektorSDD2/train/12171.png,data/extracted/KolektorSDD2/train/12171_GT.png,False,218,635,0,0.0
train,train-12172,data/extracted/KolektorSDD2/train/12172.png,data/extracted/KolektorSDD2/train/12172_GT.png,False,230,624,0,0.0
train,train-12173,data/extracted/KolektorSDD2/train/12173.png,data/extracted/KolektorSDD2/train/12173_GT.png,False,231,639,0,0.0
train,train-12174,data/extracted/KolektorSDD2/train/12174.png,data/extracted/KolektorSDD2/train/12174_GT.png,False,232,648,0,0.0
train,train-12175,data/extracted/KolektorSDD2/train/12175.png,data/extracted/KolektorSDD2/train/12175_GT.png,False,230,643,0,0.0
train,train-12176,data/extracted/KolektorSDD2/train/12176.png,data/extracted/KolektorSDD2/train/12176_GT.png,False,231,639,0,0.0
train,train-12177,data/extracted/KolektorSDD2/train/12177.png,data/extracted/KolektorSDD2/train/12177_GT.png,False,230,632,0,0.0
train,train-12178,data/extracted/KolektorSDD2/train/12178.png,data/extracted/KolektorSDD2/train/12178_GT.png,False,230,638,0,0.0
train,train-12179,data/extracted/KolektorSDD2/train/12179.png,data/extracted/KolektorSDD2/train/12179_GT.png,True,229,629,13293,0.09228622406120479
train,train-12180,data/extracted/KolektorSDD2/train/12180.png,data/extracted/KolektorSDD2/train/12180_GT.png,False,230,637,0,0.0
train,train-12181,data/extracted/KolektorSDD2/train/12181.png,data/extracted/KolektorSDD2/train/12181_GT.png,False,228,617,0,0.0
train,train-12182,data/extracted/KolektorSDD2/train/12182.png,data/extracted/KolektorSDD2/train/12182_GT.png,False,231,645,0,0.0
train,train-12183,data/extracted/KolektorSDD2/train/12183.png,data/extracted/KolektorSDD2/train/12183_GT.png,False,231,645,0,0.0
train,train-12184,data/extracted/KolektorSDD2/train/12184.png,data/extracted/KolektorSDD2/train/12184_GT.png,False,229,630,0,0.0
train,train-12185,data/extracted/KolektorSDD2/train/12185.png,data/extracted/KolektorSDD2/train/12185_GT.png,False,228,619,0,0.0
train,train-12186,data/extracted/KolektorSDD2/train/12186.png,data/extracted/KolektorSDD2/train/12186_GT.png,False,230,633,0,0.0
train,train-12187,data/extracted/KolektorSDD2/train/12187.png,data/extracted/KolektorSDD2/train/12187_GT.png,False,229,637,0,0.0
train,train-12188,data/extracted/KolektorSDD2/train/12188.png,data/extracted/KolektorSDD2/train/12188_GT.png,False,228,643,0,0.0
train,train-12189,data/extracted/KolektorSDD2/train/12189.png,data/extracted/KolektorSDD2/train/12189_GT.png,False,229,624,0,0.0
train,train-12190,data/extracted/KolektorSDD2/train/12190.png,data/extracted/KolektorSDD2/train/12190_GT.png,False,231,643,0,0.0
train,train-12191,data/extracted/KolektorSDD2/train/12191.png,data/extracted/KolektorSDD2/train/12191_GT.png,True,230,643,1484,0.010034485090269794
train,train-12192,data/extracted/KolektorSDD2/train/12192.png,data/extracted/KolektorSDD2/train/12192_GT.png,False,230,628,0,0.0
train,train-12193,data/extracted/KolektorSDD2/train/12193.png,data/extracted/KolektorSDD2/train/12193_GT.png,False,229,638,0,0.0
train,train-12194,data/extracted/KolektorSDD2/train/12194.png,data/extracted/KolektorSDD2/train/12194_GT.png,False,228,636,0,0.0
train,train-12195,data/extracted/KolektorSDD2/train/12195.png,data/extracted/KolektorSDD2/train/12195_GT.png,False,229,629,0,0.0
train,train-12196,data/extracted/KolektorSDD2/train/12196.png,data/extracted/KolektorSDD2/train/12196_GT.png,False,230,625,0,0.0
train,train-12197,data/extracted/KolektorSDD2/train/12197.png,data/extracted/KolektorSDD2/train/12197_GT.png,False,229,640,0,0.0
train,train-12198,data/extracted/KolektorSDD2/train/12198.png,data/extracted/KolektorSDD2/train/12198_GT.png,False,228,635,0,0.0
train,train-12199,data/extracted/KolektorSDD2/train/12199.png,data/extracted/KolektorSDD2/train/12199_GT.png,False,229,630,0,0.0
train,train-12200,data/extracted/KolektorSDD2/train/12200.png,data/extracted/KolektorSDD2/train/12200_GT.png,False,230,647,0,0.0
train,train-12201,data/extracted/KolektorSDD2/train/12201.png,data/extracted/KolektorSDD2/train/12201_GT.png,True,230,631,3169,0.021835595672845036
train,train-12202,data/extracted/KolektorSDD2/train/12202.png,data/extracted/KolektorSDD2/train/12202_GT.png,False,231,640,0,0.0
train,train-12203,data/extracted/KolektorSDD2/train/12203.png,data/extracted/KolektorSDD2/train/12203_GT.png,False,230,641,0,0.0
train,train-12204,data/extracted/KolektorSDD2/train/12204.png,data/extracted/KolektorSDD2/train/12204_GT.png,False,231,642,0,0.0
train,train-12205,data/extracted/KolektorSDD2/train/12205.png,data/extracted/KolektorSDD2/train/12205_GT.png,False,228,628,0,0.0
train,train-12206,data/extracted/KolektorSDD2/train/12206.png,data/extracted/KolektorSDD2/train/12206_GT.png,False,227,638,0,0.0
train,train-12207,data/extracted/KolektorSDD2/train/12207.png,data/extracted/KolektorSDD2/train/12207_GT.png,False,230,643,0,0.0
train,train-12208,data/extracted/KolektorSDD2/train/12208.png,data/extracted/KolektorSDD2/train/12208_GT.png,False,229,631,0,0.0
train,train-12209,data/extracted/KolektorSDD2/train/12209.png,data/extracted/KolektorSDD2/train/12209_GT.png,False,230,640,0,0.0
train,train-12210,data/extracted/KolektorSDD2/train/12210.png,data/extracted/KolektorSDD2/train/12210_GT.png,True,230,645,5363,0.036150994270306706
train,train-12211,data/extracted/KolektorSDD2/train/12211.png,data/extracted/KolektorSDD2/train/12211_GT.png,False,228,640,0,0.0
train,train-12212,data/extracted/KolektorSDD2/train/12212.png,data/extracted/KolektorSDD2/train/12212_GT.png,False,230,638,0,0.0
train,train-12213,data/extracted/KolektorSDD2/train/12213.png,data/extracted/KolektorSDD2/train/12213_GT.png,False,228,641,0,0.0
train,train-12214,data/extracted/KolektorSDD2/train/12214.png,data/extracted/KolektorSDD2/train/12214_GT.png,False,228,638,0,0.0
train,train-12215,data/extracted/KolektorSDD2/train/12215.png,data/extracted/KolektorSDD2/train/12215_GT.png,False,230,629,0,0.0
train,train-12216,data/extracted/KolektorSDD2/train/12216.png,data/extracted/KolektorSDD2/train/12216_GT.png,True,229,635,6239,0.042904789739710486
train,train-12217,data/extracted/KolektorSDD2/train/12217.png,data/extracted/KolektorSDD2/train/12217_GT.png,False,229,623,0,0.0
train,train-12218,data/extracted/KolektorSDD2/train/12218.png,data/extracted/KolektorSDD2/train/12218_GT.png,False,229,646,0,0.0
train,train-12219,data/extracted/KolektorSDD2/train/12219.png,data/extracted/KolektorSDD2/train/12219_GT.png,False,229,624,0,0.0
train,train-12220,data/extracted/KolektorSDD2/train/12220.png,data/extracted/KolektorSDD2/train/12220_GT.png,False,230,634,0,0.0
train,train-12221,data/extracted/KolektorSDD2/train/12221.png,data/extracted/KolektorSDD2/train/12221_GT.png,False,226,631,0,0.0
train,train-12222,data/extracted/KolektorSDD2/train/12222.png,data/extracted/KolektorSDD2/train/12222_GT.png,False,230,624,0,0.0
train,train-12223,data/extracted/KolektorSDD2/train/12223.png,data/extracted/KolektorSDD2/train/12223_GT.png,False,231,629,0,0.0
train,train-12224,data/extracted/KolektorSDD2/train/12224.png,data/extracted/KolektorSDD2/train/12224_GT.png,False,230,651,0,0.0
train,train-12225,data/extracted/KolektorSDD2/train/12225.png,data/extracted/KolektorSDD2/train/12225_GT.png,False,225,633,0,0.0
train,train-12226,data/extracted/KolektorSDD2/train/12226.png,data/extracted/KolektorSDD2/train/12226_GT.png,False,220,638,0,0.0
train,train-12227,data/extracted/KolektorSDD2/train/12227.png,data/extracted/KolektorSDD2/train/12227_GT.png,False,230,648,0,0.0
train,train-12228,data/extracted/KolektorSDD2/train/12228.png,data/extracted/KolektorSDD2/train/12228_GT.png,False,231,638,0,0.0
train,train-12229,data/extracted/KolektorSDD2/train/12229.png,data/extracted/KolektorSDD2/train/12229_GT.png,False,228,633,0,0.0
train,train-12230,data/extracted/KolektorSDD2/train/12230.png,data/extracted/KolektorSDD2/train/12230_GT.png,False,218,640,0,0.0
train,train-12231,data/extracted/KolektorSDD2/train/12231.png,data/extracted/KolektorSDD2/train/12231_GT.png,False,229,634,0,0.0
train,train-12232,data/extracted/KolektorSDD2/train/12232.png,data/extracted/KolektorSDD2/train/12232_GT.png,False,231,630,0,0.0
train,train-12233,data/extracted/KolektorSDD2/train/12233.png,data/extracted/KolektorSDD2/train/12233_GT.png,True,229,625,7020,0.04904803493449782
train,train-12234,data/extracted/KolektorSDD2/train/12234.png,data/extracted/KolektorSDD2/train/12234_GT.png,False,229,635,0,0.0
train,train-12235,data/extracted/KolektorSDD2/train/12235.png,data/extracted/KolektorSDD2/train/12235_GT.png,False,229,631,0,0.0
train,train-12236,data/extracted/KolektorSDD2/train/12236.png,data/extracted/KolektorSDD2/train/12236_GT.png,False,229,630,0,0.0
train,train-12237,data/extracted/KolektorSDD2/train/12237.png,data/extracted/KolektorSDD2/train/12237_GT.png,True,232,638,10525,0.07110717760242136
train,train-12238,data/extracted/KolektorSDD2/train/12238.png,data/extracted/KolektorSDD2/train/12238_GT.png,False,232,612,0,0.0
train,train-12239,data/extracted/KolektorSDD2/train/12239.png,data/extracted/KolektorSDD2/train/12239_GT.png,False,229,630,0,0.0
train,train-12240,data/extracted/KolektorSDD2/train/12240.png,data/extracted/KolektorSDD2/train/12240_GT.png,False,229,627,0,0.0
train,train-12241,data/extracted/KolektorSDD2/train/12241.png,data/extracted/KolektorSDD2/train/12241_GT.png,False,229,630,0,0.0
train,train-12242,data/extracted/KolektorSDD2/train/12242.png,data/extracted/KolektorSDD2/train/12242_GT.png,False,229,631,0,0.0
train,train-12243,data/extracted/KolektorSDD2/train/12243.png,data/extracted/KolektorSDD2/train/12243_GT.png,False,229,624,0,0.0
train,train-12244,data/extracted/KolektorSDD2/train/12244.png,data/extracted/KolektorSDD2/train/12244_GT.png,True,229,620,1402,0.009874630229609804
train,train-12245,data/extracted/KolektorSDD2/train/12245.png,data/extracted/KolektorSDD2/train/12245_GT.png,True,230,637,3570,0.024366937410415672
train,train-12246,data/extracted/KolektorSDD2/train/12246.png,data/extracted/KolektorSDD2/train/12246_GT.png,False,229,602,0,0.0
train,train-12247,data/extracted/KolektorSDD2/train/12247.png,data/extracted/KolektorSDD2/train/12247_GT.png,False,228,629,0,0.0
train,train-12248,data/extracted/KolektorSDD2/train/12248.png,data/extracted/KolektorSDD2/train/12248_GT.png,False,229,635,0,0.0
train,train-12249,data/extracted/KolektorSDD2/train/12249.png,data/extracted/KolektorSDD2/train/12249_GT.png,False,229,638,0,0.0
train,train-12250,data/extracted/KolektorSDD2/train/12250.png,data/extracted/KolektorSDD2/train/12250_GT.png,False,228,607,0,0.0
train,train-12251,data/extracted/KolektorSDD2/train/12251.png,data/extracted/KolektorSDD2/train/12251_GT.png,False,228,640,0,0.0
train,train-12252,data/extracted/KolektorSDD2/train/12252.png,data/extracted/KolektorSDD2/train/12252_GT.png,False,229,635,0,0.0
train,train-12253,data/extracted/KolektorSDD2/train/12253.png,data/extracted/KolektorSDD2/train/12253_GT.png,False,228,632,0,0.0
train,train-12254,data/extracted/KolektorSDD2/train/12254.png,data/extracted/KolektorSDD2/train/12254_GT.png,False,228,640,0,0.0
train,train-12255,data/extracted/KolektorSDD2/train/12255.png,data/extracted/KolektorSDD2/train/12255_GT.png,True,230,616,1205,0.008505081874647092
train,train-12256,data/extracted/KolektorSDD2/train/12256.png,data/extracted/KolektorSDD2/train/12256_GT.png,False,228,633,0,0.0
train,train-12257,data/extracted/KolektorSDD2/train/12257.png,data/extracted/KolektorSDD2/train/12257_GT.png,False,230,631,0,0.0
train,train-12258,data/extracted/KolektorSDD2/train/12258.png,data/extracted/KolektorSDD2/train/12258_GT.png,False,229,627,0,0.0
train,train-12259,data/extracted/KolektorSDD2/train/12259.png,data/extracted/KolektorSDD2/train/12259_GT.png,False,209,637,0,0.0
train,train-12260,data/extracted/KolektorSDD2/train/12260.png,data/extracted/KolektorSDD2/train/12260_GT.png,False,230,632,0,0.0
train,train-12261,data/extracted/KolektorSDD2/train/12261.png,data/extracted/KolektorSDD2/train/12261_GT.png,False,230,631,0,0.0
train,train-12262,data/extracted/KolektorSDD2/train/12262.png,data/extracted/KolektorSDD2/train/12262_GT.png,False,230,634,0,0.0
train,train-12263,data/extracted/KolektorSDD2/train/12263.png,data/extracted/KolektorSDD2/train/12263_GT.png,False,228,633,0,0.0
train,train-12264,data/extracted/KolektorSDD2/train/12264.png,data/extracted/KolektorSDD2/train/12264_GT.png,False,230,636,0,0.0
train,train-12265,data/extracted/KolektorSDD2/train/12265.png,data/extracted/KolektorSDD2/train/12265_GT.png,False,212,648,0,0.0
train,train-12266,data/extracted/KolektorSDD2/train/12266.png,data/extracted/KolektorSDD2/train/12266_GT.png,False,229,628,0,0.0
train,train-12267,data/extracted/KolektorSDD2/train/12267.png,data/extracted/KolektorSDD2/train/12267_GT.png,False,230,629,0,0.0
train,train-12268,data/extracted/KolektorSDD2/train/12268.png,data/extracted/KolektorSDD2/train/12268_GT.png,False,230,638,0,0.0
train,train-12269,data/extracted/KolektorSDD2/train/12269.png,data/extracted/KolektorSDD2/train/12269_GT.png,False,229,632,0,0.0
train,train-12270,data/extracted/KolektorSDD2/train/12270.png,data/extracted/KolektorSDD2/train/12270_GT.png,False,206,641,0,0.0
train,train-12271,data/extracted/KolektorSDD2/train/12271.png,data/extracted/KolektorSDD2/train/12271_GT.png,False,227,648,0,0.0
train,train-12272,data/extracted/KolektorSDD2/train/12272.png,data/extracted/KolektorSDD2/train/12272_GT.png,False,229,636,0,0.0
train,train-12273,data/extracted/KolektorSDD2/train/12273.png,data/extracted/KolektorSDD2/train/12273_GT.png,False,228,644,0,0.0
train,train-12274,data/extracted/KolektorSDD2/train/12274.png,data/extracted/KolektorSDD2/train/12274_GT.png,True,230,629,721,0.004983756134651275
train,train-12275,data/extracted/KolektorSDD2/train/12275.png,data/extracted/KolektorSDD2/train/12275_GT.png,False,229,628,0,0.0
train,train-12276,data/extracted/KolektorSDD2/train/12276.png,data/extracted/KolektorSDD2/train/12276_GT.png,False,230,642,0,0.0
train,train-12277,data/extracted/KolektorSDD2/train/12277.png,data/extracted/KolektorSDD2/train/12277_GT.png,False,229,646,0,0.0
train,train-12278,data/extracted/KolektorSDD2/train/12278.png,data/extracted/KolektorSDD2/train/12278_GT.png,False,229,628,0,0.0
train,train-12279,data/extracted/KolektorSDD2/train/12279.png,data/extracted/KolektorSDD2/train/12279_GT.png,False,231,643,0,0.0
train,train-12280,data/extracted/KolektorSDD2/train/12280.png,data/extracted/KolektorSDD2/train/12280_GT.png,False,230,614,0,0.0
train,train-12281,data/extracted/KolektorSDD2/train/12281.png,data/extracted/KolektorSDD2/train/12281_GT.png,False,230,630,0,0.0
train,train-12282,data/extracted/KolektorSDD2/train/12282.png,data/extracted/KolektorSDD2/train/12282_GT.png,False,229,636,0,0.0
train,train-12283,data/extracted/KolektorSDD2/train/12283.png,data/extracted/KolektorSDD2/train/12283_GT.png,False,229,638,0,0.0
train,train-12284,data/extracted/KolektorSDD2/train/12284.png,data/extracted/KolektorSDD2/train/12284_GT.png,False,231,638,0,0.0
train,train-12285,data/extracted/KolektorSDD2/train/12285.png,data/extracted/KolektorSDD2/train/12285_GT.png,False,230,626,0,0.0
train,train-12286,data/extracted/KolektorSDD2/train/12286.png,data/extracted/KolektorSDD2/train/12286_GT.png,False,229,624,0,0.0
train,train-12287,data/extracted/KolektorSDD2/train/12287.png,data/extracted/KolektorSDD2/train/12287_GT.png,True,231,633,2654,0.01815035938258687
train,train-12288,data/extracted/KolektorSDD2/train/12288.png,data/extracted/KolektorSDD2/train/12288_GT.png,True,229,632,1938,0.013390636227958653
train,train-12289,data/extracted/KolektorSDD2/train/12289.png,data/extracted/KolektorSDD2/train/12289_GT.png,False,230,635,0,0.0
train,train-12290,data/extracted/KolektorSDD2/train/12290.png,data/extracted/KolektorSDD2/train/12290_GT.png,False,229,619,0,0.0
train,train-12291,data/extracted/KolektorSDD2/train/12291.png,data/extracted/KolektorSDD2/train/12291_GT.png,False,229,629,0,0.0
train,train-12292,data/extracted/KolektorSDD2/train/12292.png,data/extracted/KolektorSDD2/train/12292_GT.png,False,230,632,0,0.0
train,train-12293,data/extracted/KolektorSDD2/train/12293.png,data/extracted/KolektorSDD2/train/12293_GT.png,False,233,627,0,0.0
train,train-12294,data/extracted/KolektorSDD2/train/12294.png,data/extracted/KolektorSDD2/train/12294_GT.png,False,229,628,0,0.0
train,train-12295,data/extracted/KolektorSDD2/train/12295.png,data/extracted/KolektorSDD2/train/12295_GT.png,False,230,630,0,0.0
train,train-12296,data/extracted/KolektorSDD2/train/12296.png,data/extracted/KolektorSDD2/train/12296_GT.png,False,229,646,0,0.0
train,train-12297,data/extracted/KolektorSDD2/train/12297.png,data/extracted/KolektorSDD2/train/12297_GT.png,False,229,638,0,0.0
train,train-12298,data/extracted/KolektorSDD2/train/12298.png,data/extracted/KolektorSDD2/train/12298_GT.png,False,230,636,0,0.0
train,train-12299,data/extracted/KolektorSDD2/train/12299.png,data/extracted/KolektorSDD2/train/12299_GT.png,False,229,604,0,0.0
train,train-12300,data/extracted/KolektorSDD2/train/12300.png,data/extracted/KolektorSDD2/train/12300_GT.png,False,230,628,0,0.0
train,train-12301,data/extracted/KolektorSDD2/train/12301.png,data/extracted/KolektorSDD2/train/12301_GT.png,True,229,638,3697,0.025304239503908227
train,train-12302,data/extracted/KolektorSDD2/train/12302.png,data/extracted/KolektorSDD2/train/12302_GT.png,False,231,637,0,0.0
train,train-12303,data/extracted/KolektorSDD2/train/12303.png,data/extracted/KolektorSDD2/train/12303_GT.png,True,232,640,13052,0.08790409482758621
train,train-12304,data/extracted/KolektorSDD2/train/12304.png,data/extracted/KolektorSDD2/train/12304_GT.png,False,229,640,0,0.0
train,train-12305,data/extracted/KolektorSDD2/train/12305.png,data/extracted/KolektorSDD2/train/12305_GT.png,False,232,635,0,0.0
train,train-12306,data/extracted/KolektorSDD2/train/12306.png,data/extracted/KolektorSDD2/train/12306_GT.png,False,229,613,0,0.0
train,train-12307,data/extracted/KolektorSDD2/train/12307.png,data/extracted/KolektorSDD2/train/12307_GT.png,False,230,649,0,0.0
train,train-12308,data/extracted/KolektorSDD2/train/12308.png,data/extracted/KolektorSDD2/train/12308_GT.png,False,229,639,0,0.0
train,train-12309,data/extracted/KolektorSDD2/train/12309.png,data/extracted/KolektorSDD2/train/12309_GT.png,False,229,646,0,0.0
train,train-12310,data/extracted/KolektorSDD2/train/12310.png,data/extracted/KolektorSDD2/train/12310_GT.png,False,232,630,0,0.0
train,train-12311,data/extracted/KolektorSDD2/train/12311.png,data/extracted/KolektorSDD2/train/12311_GT.png,False,227,637,0,0.0
train,train-12312,data/extracted/KolektorSDD2/train/12312.png,data/extracted/KolektorSDD2/train/12312_GT.png,False,229,638,0,0.0
train,train-12313,data/extracted/KolektorSDD2/train/12313.png,data/extracted/KolektorSDD2/train/12313_GT.png,False,229,645,0,0.0
train,train-12314,data/extracted/KolektorSDD2/train/12314.png,data/extracted/KolektorSDD2/train/12314_GT.png,True,229,636,4355,0.029901678064321223
train,train-12315,data/extracted/KolektorSDD2/train/12315.png,data/extracted/KolektorSDD2/train/12315_GT.png,True,229,631,3841,0.026581498833901963
train,train-12316,data/extracted/KolektorSDD2/train/12316.png,data/extracted/KolektorSDD2/train/12316_GT.png,False,229,610,0,0.0
train,train-12317,data/extracted/KolektorSDD2/train/12317.png,data/extracted/KolektorSDD2/train/12317_GT.png,True,233,635,2652,0.017924368895948093
train,train-12318,data/extracted/KolektorSDD2/train/12318.png,data/extracted/KolektorSDD2/train/12318_GT.png,False,230,630,0,0.0
train,train-12319,data/extracted/KolektorSDD2/train/12319.png,data/extracted/KolektorSDD2/train/12319_GT.png,False,230,632,0,0.0
train,train-12320,data/extracted/KolektorSDD2/train/12320.png,data/extracted/KolektorSDD2/train/12320_GT.png,False,230,638,0,0.0
train,train-12321,data/extracted/KolektorSDD2/train/12321.png,data/extracted/KolektorSDD2/train/12321_GT.png,False,230,618,0,0.0
train,train-12322,data/extracted/KolektorSDD2/train/12322.png,data/extracted/KolektorSDD2/train/12322_GT.png,False,230,630,0,0.0
train,train-12323,data/extracted/KolektorSDD2/train/12323.png,data/extracted/KolektorSDD2/train/12323_GT.png,False,230,658,0,0.0
train,train-12324,data/extracted/KolektorSDD2/train/12324.png,data/extracted/KolektorSDD2/train/12324_GT.png,False,230,642,0,0.0
train,train-12325,data/extracted/KolektorSDD2/train/12325.png,data/extracted/KolektorSDD2/train/12325_GT.png,False,228,627,0,0.0
train,train-12326,data/extracted/KolektorSDD2/train/12326.png,data/extracted/KolektorSDD2/train/12326_GT.png,False,228,629,0,0.0
train,train-12327,data/extracted/KolektorSDD2/train/12327.png,data/extracted/KolektorSDD2/train/12327_GT.png,False,232,634,0,0.0
train,train-12328,data/extracted/KolektorSDD2/train/12328.png,data/extracted/KolektorSDD2/train/12328_GT.png,False,230,633,0,0.0
train,train-12329,data/extracted/KolektorSDD2/train/12329.png,data/extracted/KolektorSDD2/train/12329_GT.png,False,229,607,0,0.0
train,train-12330,data/extracted/KolektorSDD2/train/12330.png,data/extracted/KolektorSDD2/train/12330_GT.png,False,229,606,0,0.0
test,test-20000,data/extracted/KolektorSDD2/test/20000.png,data/extracted/KolektorSDD2/test/20000_GT.png,False,231,636,0,0.0
test,test-20001,data/extracted/KolektorSDD2/test/20001.png,data/extracted/KolektorSDD2/test/20001_GT.png,False,231,642,0,0.0
test,test-20002,data/extracted/KolektorSDD2/test/20002.png,data/extracted/KolektorSDD2/test/20002_GT.png,False,231,631,0,0.0
test,test-20003,data/extracted/KolektorSDD2/test/20003.png,data/extracted/KolektorSDD2/test/20003_GT.png,False,229,636,0,0.0
test,test-20004,data/extracted/KolektorSDD2/test/20004.png,data/extracted/KolektorSDD2/test/20004_GT.png,False,230,632,0,0.0
test,test-20005,data/extracted/KolektorSDD2/test/20005.png,data/extracted/KolektorSDD2/test/20005_GT.png,False,229,638,0,0.0
test,test-20006,data/extracted/KolektorSDD2/test/20006.png,data/extracted/KolektorSDD2/test/20006_GT.png,False,228,641,0,0.0
test,test-20007,data/extracted/KolektorSDD2/test/20007.png,data/extracted/KolektorSDD2/test/20007_GT.png,False,229,626,0,0.0
test,test-20008,data/extracted/KolektorSDD2/test/20008.png,data/extracted/KolektorSDD2/test/20008_GT.png,False,229,639,0,0.0
test,test-20009,data/extracted/KolektorSDD2/test/20009.png,data/extracted/KolektorSDD2/test/20009_GT.png,False,230,640,0,0.0
test,test-20010,data/extracted/KolektorSDD2/test/20010.png,data/extracted/KolektorSDD2/test/20010_GT.png,False,230,635,0,0.0
test,test-20011,data/extracted/KolektorSDD2/test/20011.png,data/extracted/KolektorSDD2/test/20011_GT.png,False,230,645,0,0.0
test,test-20012,data/extracted/KolektorSDD2/test/20012.png,data/extracted/KolektorSDD2/test/20012_GT.png,False,231,642,0,0.0
test,test-20013,data/extracted/KolektorSDD2/test/20013.png,data/extracted/KolektorSDD2/test/20013_GT.png,False,228,634,0,0.0
test,test-20014,data/extracted/KolektorSDD2/test/20014.png,data/extracted/KolektorSDD2/test/20014_GT.png,False,229,633,0,0.0
test,test-20015,data/extracted/KolektorSDD2/test/20015.png,data/extracted/KolektorSDD2/test/20015_GT.png,False,229,624,0,0.0
test,test-20016,data/extracted/KolektorSDD2/test/20016.png,data/extracted/KolektorSDD2/test/20016_GT.png,False,231,640,0,0.0
test,test-20017,data/extracted/KolektorSDD2/test/20017.png,data/extracted/KolektorSDD2/test/20017_GT.png,False,215,639,0,0.0
test,test-20018,data/extracted/KolektorSDD2/test/20018.png,data/extracted/KolektorSDD2/test/20018_GT.png,False,231,640,0,0.0
test,test-20019,data/extracted/KolektorSDD2/test/20019.png,data/extracted/KolektorSDD2/test/20019_GT.png,False,229,642,0,0.0
test,test-20020,data/extracted/KolektorSDD2/test/20020.png,data/extracted/KolektorSDD2/test/20020_GT.png,False,226,636,0,0.0
test,test-20021,data/extracted/KolektorSDD2/test/20021.png,data/extracted/KolektorSDD2/test/20021_GT.png,False,229,638,0,0.0
test,test-20022,data/extracted/KolektorSDD2/test/20022.png,data/extracted/KolektorSDD2/test/20022_GT.png,False,231,640,0,0.0
test,test-20023,data/extracted/KolektorSDD2/test/20023.png,data/extracted/KolektorSDD2/test/20023_GT.png,False,230,633,0,0.0
test,test-20024,data/extracted/KolektorSDD2/test/20024.png,data/extracted/KolektorSDD2/test/20024_GT.png,False,210,647,0,0.0
test,test-20025,data/extracted/KolektorSDD2/test/20025.png,data/extracted/KolektorSDD2/test/20025_GT.png,False,229,633,0,0.0
test,test-20026,data/extracted/KolektorSDD2/test/20026.png,data/extracted/KolektorSDD2/test/20026_GT.png,False,228,640,0,0.0
test,test-20027,data/extracted/KolektorSDD2/test/20027.png,data/extracted/KolektorSDD2/test/20027_GT.png,False,230,638,0,0.0
test,test-20028,data/extracted/KolektorSDD2/test/20028.png,data/extracted/KolektorSDD2/test/20028_GT.png,False,229,631,0,0.0
test,test-20029,data/extracted/KolektorSDD2/test/20029.png,data/extracted/KolektorSDD2/test/20029_GT.png,False,227,639,0,0.0
test,test-20030,data/extracted/KolektorSDD2/test/20030.png,data/extracted/KolektorSDD2/test/20030_GT.png,False,228,641,0,0.0
test,test-20031,data/extracted/KolektorSDD2/test/20031.png,data/extracted/KolektorSDD2/test/20031_GT.png,False,231,635,0,0.0
test,test-20032,data/extracted/KolektorSDD2/test/20032.png,data/extracted/KolektorSDD2/test/20032_GT.png,False,229,636,0,0.0
test,test-20033,data/extracted/KolektorSDD2/test/20033.png,data/extracted/KolektorSDD2/test/20033_GT.png,False,230,639,0,0.0
test,test-20034,data/extracted/KolektorSDD2/test/20034.png,data/extracted/KolektorSDD2/test/20034_GT.png,False,230,630,0,0.0
test,test-20035,data/extracted/KolektorSDD2/test/20035.png,data/extracted/KolektorSDD2/test/20035_GT.png,False,229,638,0,0.0
test,test-20036,data/extracted/KolektorSDD2/test/20036.png,data/extracted/KolektorSDD2/test/20036_GT.png,False,229,646,0,0.0
test,test-20037,data/extracted/KolektorSDD2/test/20037.png,data/extracted/KolektorSDD2/test/20037_GT.png,False,206,625,0,0.0
test,test-20038,data/extracted/KolektorSDD2/test/20038.png,data/extracted/KolektorSDD2/test/20038_GT.png,False,230,637,0,0.0
test,test-20039,data/extracted/KolektorSDD2/test/20039.png,data/extracted/KolektorSDD2/test/20039_GT.png,False,232,639,0,0.0
test,test-20040,data/extracted/KolektorSDD2/test/20040.png,data/extracted/KolektorSDD2/test/20040_GT.png,False,229,634,0,0.0
test,test-20041,data/extracted/KolektorSDD2/test/20041.png,data/extracted/KolektorSDD2/test/20041_GT.png,False,229,630,0,0.0
test,test-20042,data/extracted/KolektorSDD2/test/20042.png,data/extracted/KolektorSDD2/test/20042_GT.png,True,227,624,5529,0.03903337851575737
test,test-20043,data/extracted/KolektorSDD2/test/20043.png,data/extracted/KolektorSDD2/test/20043_GT.png,False,229,644,0,0.0
test,test-20044,data/extracted/KolektorSDD2/test/20044.png,data/extracted/KolektorSDD2/test/20044_GT.png,False,230,633,0,0.0
test,test-20045,data/extracted/KolektorSDD2/test/20045.png,data/extracted/KolektorSDD2/test/20045_GT.png,False,229,637,0,0.0
test,test-20046,data/extracted/KolektorSDD2/test/20046.png,data/extracted/KolektorSDD2/test/20046_GT.png,False,228,633,0,0.0
test,test-20047,data/extracted/KolektorSDD2/test/20047.png,data/extracted/KolektorSDD2/test/20047_GT.png,False,232,636,0,0.0
test,test-20048,data/extracted/KolektorSDD2/test/20048.png,data/extracted/KolektorSDD2/test/20048_GT.png,False,228,632,0,0.0
test,test-20049,data/extracted/KolektorSDD2/test/20049.png,data/extracted/KolektorSDD2/test/20049_GT.png,False,229,628,0,0.0
test,test-20050,data/extracted/KolektorSDD2/test/20050.png,data/extracted/KolektorSDD2/test/20050_GT.png,False,229,638,0,0.0
test,test-20051,data/extracted/KolektorSDD2/test/20051.png,data/extracted/KolektorSDD2/test/20051_GT.png,False,230,634,0,0.0
test,test-20052,data/extracted/KolektorSDD2/test/20052.png,data/extracted/KolektorSDD2/test/20052_GT.png,False,230,634,0,0.0
test,test-20053,data/extracted/KolektorSDD2/test/20053.png,data/extracted/KolektorSDD2/test/20053_GT.png,False,229,635,0,0.0
test,test-20054,data/extracted/KolektorSDD2/test/20054.png,data/extracted/KolektorSDD2/test/20054_GT.png,False,230,654,0,0.0
test,test-20055,data/extracted/KolektorSDD2/test/20055.png,data/extracted/KolektorSDD2/test/20055_GT.png,False,232,645,0,0.0
test,test-20056,data/extracted/KolektorSDD2/test/20056.png,data/extracted/KolektorSDD2/test/20056_GT.png,True,230,648,1564,0.010493827160493827
test,test-20057,data/extracted/KolektorSDD2/test/20057.png,data/extracted/KolektorSDD2/test/20057_GT.png,False,230,665,0,0.0
test,test-20058,data/extracted/KolektorSDD2/test/20058.png,data/extracted/KolektorSDD2/test/20058_GT.png,False,232,642,0,0.0
test,test-20059,data/extracted/KolektorSDD2/test/20059.png,data/extracted/KolektorSDD2/test/20059_GT.png,False,230,618,0,0.0
test,test-20060,data/extracted/KolektorSDD2/test/20060.png,data/extracted/KolektorSDD2/test/20060_GT.png,False,230,633,0,0.0
test,test-20061,data/extracted/KolektorSDD2/test/20061.png,data/extracted/KolektorSDD2/test/20061_GT.png,False,231,636,0,0.0
test,test-20062,data/extracted/KolektorSDD2/test/20062.png,data/extracted/KolektorSDD2/test/20062_GT.png,False,211,635,0,0.0
test,test-20063,data/extracted/KolektorSDD2/test/20063.png,data/extracted/KolektorSDD2/test/20063_GT.png,False,232,634,0,0.0
test,test-20064,data/extracted/KolektorSDD2/test/20064.png,data/extracted/KolektorSDD2/test/20064_GT.png,False,229,637,0,0.0
test,test-20065,data/extracted/KolektorSDD2/test/20065.png,data/extracted/KolektorSDD2/test/20065_GT.png,False,229,631,0,0.0
test,test-20066,data/extracted/KolektorSDD2/test/20066.png,data/extracted/KolektorSDD2/test/20066_GT.png,False,230,636,0,0.0
test,test-20067,data/extracted/KolektorSDD2/test/20067.png,data/extracted/KolektorSDD2/test/20067_GT.png,False,230,650,0,0.0
test,test-20068,data/extracted/KolektorSDD2/test/20068.png,data/extracted/KolektorSDD2/test/20068_GT.png,True,230,637,2321,0.015841922053102177
test,test-20069,data/extracted/KolektorSDD2/test/20069.png,data/extracted/KolektorSDD2/test/20069_GT.png,False,229,637,0,0.0
test,test-20070,data/extracted/KolektorSDD2/test/20070.png,data/extracted/KolektorSDD2/test/20070_GT.png,False,230,633,0,0.0
test,test-20071,data/extracted/KolektorSDD2/test/20071.png,data/extracted/KolektorSDD2/test/20071_GT.png,False,229,637,0,0.0
test,test-20072,data/extracted/KolektorSDD2/test/20072.png,data/extracted/KolektorSDD2/test/20072_GT.png,False,228,634,0,0.0
test,test-20073,data/extracted/KolektorSDD2/test/20073.png,data/extracted/KolektorSDD2/test/20073_GT.png,False,230,637,0,0.0
test,test-20074,data/extracted/KolektorSDD2/test/20074.png,data/extracted/KolektorSDD2/test/20074_GT.png,False,229,636,0,0.0
test,test-20075,data/extracted/KolektorSDD2/test/20075.png,data/extracted/KolektorSDD2/test/20075_GT.png,False,229,637,0,0.0
test,test-20076,data/extracted/KolektorSDD2/test/20076.png,data/extracted/KolektorSDD2/test/20076_GT.png,False,229,650,0,0.0
test,test-20077,data/extracted/KolektorSDD2/test/20077.png,data/extracted/KolektorSDD2/test/20077_GT.png,False,230,639,0,0.0
test,test-20078,data/extracted/KolektorSDD2/test/20078.png,data/extracted/KolektorSDD2/test/20078_GT.png,False,231,641,0,0.0
test,test-20079,data/extracted/KolektorSDD2/test/20079.png,data/extracted/KolektorSDD2/test/20079_GT.png,False,226,641,0,0.0
test,test-20080,data/extracted/KolektorSDD2/test/20080.png,data/extracted/KolektorSDD2/test/20080_GT.png,False,228,631,0,0.0
test,test-20081,data/extracted/KolektorSDD2/test/20081.png,data/extracted/KolektorSDD2/test/20081_GT.png,False,228,635,0,0.0
test,test-20082,data/extracted/KolektorSDD2/test/20082.png,data/extracted/KolektorSDD2/test/20082_GT.png,False,230,638,0,0.0
test,test-20083,data/extracted/KolektorSDD2/test/20083.png,data/extracted/KolektorSDD2/test/20083_GT.png,False,228,648,0,0.0
test,test-20084,data/extracted/KolektorSDD2/test/20084.png,data/extracted/KolektorSDD2/test/20084_GT.png,True,229,639,4492,0.030697528206600107
test,test-20085,data/extracted/KolektorSDD2/test/20085.png,data/extracted/KolektorSDD2/test/20085_GT.png,False,228,635,0,0.0
test,test-20086,data/extracted/KolektorSDD2/test/20086.png,data/extracted/KolektorSDD2/test/20086_GT.png,False,231,651,0,0.0
test,test-20087,data/extracted/KolektorSDD2/test/20087.png,data/extracted/KolektorSDD2/test/20087_GT.png,False,230,641,0,0.0
test,test-20088,data/extracted/KolektorSDD2/test/20088.png,data/extracted/KolektorSDD2/test/20088_GT.png,False,229,639,0,0.0
test,test-20089,data/extracted/KolektorSDD2/test/20089.png,data/extracted/KolektorSDD2/test/20089_GT.png,False,229,633,0,0.0
test,test-20090,data/extracted/KolektorSDD2/test/20090.png,data/extracted/KolektorSDD2/test/20090_GT.png,False,230,636,0,0.0
test,test-20091,data/extracted/KolektorSDD2/test/20091.png,data/extracted/KolektorSDD2/test/20091_GT.png,False,229,650,0,0.0
test,test-20092,data/extracted/KolektorSDD2/test/20092.png,data/extracted/KolektorSDD2/test/20092_GT.png,False,232,631,0,0.0
test,test-20093,data/extracted/KolektorSDD2/test/20093.png,data/extracted/KolektorSDD2/test/20093_GT.png,False,228,640,0,0.0
test,test-20094,data/extracted/KolektorSDD2/test/20094.png,data/extracted/KolektorSDD2/test/20094_GT.png,False,230,633,0,0.0
test,test-20095,data/extracted/KolektorSDD2/test/20095.png,data/extracted/KolektorSDD2/test/20095_GT.png,True,231,645,4457,0.029913755495150844
test,test-20096,data/extracted/KolektorSDD2/test/20096.png,data/extracted/KolektorSDD2/test/20096_GT.png,False,229,636,0,0.0
test,test-20097,data/extracted/KolektorSDD2/test/20097.png,data/extracted/KolektorSDD2/test/20097_GT.png,False,230,636,0,0.0
test,test-20098,data/extracted/KolektorSDD2/test/20098.png,data/extracted/KolektorSDD2/test/20098_GT.png,False,226,633,0,0.0
test,test-20099,data/extracted/KolektorSDD2/test/20099.png,data/extracted/KolektorSDD2/test/20099_GT.png,True,230,637,3785,0.0258344140331718
test,test-20100,data/extracted/KolektorSDD2/test/20100.png,data/extracted/KolektorSDD2/test/20100_GT.png,False,230,644,0,0.0
test,test-20101,data/extracted/KolektorSDD2/test/20101.png,data/extracted/KolektorSDD2/test/20101_GT.png,False,229,638,0,0.0
test,test-20102,data/extracted/KolektorSDD2/test/20102.png,data/extracted/KolektorSDD2/test/20102_GT.png,False,229,639,0,0.0
test,test-20103,data/extracted/KolektorSDD2/test/20103.png,data/extracted/KolektorSDD2/test/20103_GT.png,False,229,650,0,0.0
test,test-20104,data/extracted/KolektorSDD2/test/20104.png,data/extracted/KolektorSDD2/test/20104_GT.png,False,230,636,0,0.0
test,test-20105,data/extracted/KolektorSDD2/test/20105.png,data/extracted/KolektorSDD2/test/20105_GT.png,False,229,636,0,0.0
test,test-20106,data/extracted/KolektorSDD2/test/20106.png,data/extracted/KolektorSDD2/test/20106_GT.png,False,230,651,0,0.0
test,test-20107,data/extracted/KolektorSDD2/test/20107.png,data/extracted/KolektorSDD2/test/20107_GT.png,False,230,638,0,0.0
test,test-20108,data/extracted/KolektorSDD2/test/20108.png,data/extracted/KolektorSDD2/test/20108_GT.png,False,229,638,0,0.0
test,test-20109,data/extracted/KolektorSDD2/test/20109.png,data/extracted/KolektorSDD2/test/20109_GT.png,False,229,631,0,0.0
test,test-20110,data/extracted/KolektorSDD2/test/20110.png,data/extracted/KolektorSDD2/test/20110_GT.png,False,232,631,0,0.0
test,test-20111,data/extracted/KolektorSDD2/test/20111.png,data/extracted/KolektorSDD2/test/20111_GT.png,False,233,615,0,0.0
test,test-20112,data/extracted/KolektorSDD2/test/20112.png,data/extracted/KolektorSDD2/test/20112_GT.png,False,230,642,0,0.0
test,test-20113,data/extracted/KolektorSDD2/test/20113.png,data/extracted/KolektorSDD2/test/20113_GT.png,False,229,634,0,0.0
test,test-20114,data/extracted/KolektorSDD2/test/20114.png,data/extracted/KolektorSDD2/test/20114_GT.png,False,230,645,0,0.0
test,test-20115,data/extracted/KolektorSDD2/test/20115.png,data/extracted/KolektorSDD2/test/20115_GT.png,False,228,625,0,0.0
test,test-20116,data/extracted/KolektorSDD2/test/20116.png,data/extracted/KolektorSDD2/test/20116_GT.png,False,233,630,0,0.0
test,test-20117,data/extracted/KolektorSDD2/test/20117.png,data/extracted/KolektorSDD2/test/20117_GT.png,True,231,639,3272,0.022166670053993996
test,test-20118,data/extracted/KolektorSDD2/test/20118.png,data/extracted/KolektorSDD2/test/20118_GT.png,True,229,637,5000,0.03427639110733309
test,test-20119,data/extracted/KolektorSDD2/test/20119.png,data/extracted/KolektorSDD2/test/20119_GT.png,False,228,638,0,0.0
test,test-20120,data/extracted/KolektorSDD2/test/20120.png,data/extracted/KolektorSDD2/test/20120_GT.png,False,231,637,0,0.0
test,test-20121,data/extracted/KolektorSDD2/test/20121.png,data/extracted/KolektorSDD2/test/20121_GT.png,True,229,645,6609,0.04474459226160252
test,test-20122,data/extracted/KolektorSDD2/test/20122.png,data/extracted/KolektorSDD2/test/20122_GT.png,False,230,629,0,0.0
test,test-20123,data/extracted/KolektorSDD2/test/20123.png,data/extracted/KolektorSDD2/test/20123_GT.png,False,218,621,0,0.0
test,test-20124,data/extracted/KolektorSDD2/test/20124.png,data/extracted/KolektorSDD2/test/20124_GT.png,False,234,637,0,0.0
test,test-20125,data/extracted/KolektorSDD2/test/20125.png,data/extracted/KolektorSDD2/test/20125_GT.png,True,235,633,2144,0.014412960908877013
test,test-20126,data/extracted/KolektorSDD2/test/20126.png,data/extracted/KolektorSDD2/test/20126_GT.png,False,232,627,0,0.0
test,test-20127,data/extracted/KolektorSDD2/test/20127.png,data/extracted/KolektorSDD2/test/20127_GT.png,False,234,631,0,0.0
test,test-20128,data/extracted/KolektorSDD2/test/20128.png,data/extracted/KolektorSDD2/test/20128_GT.png,False,227,628,0,0.0
test,test-20129,data/extracted/KolektorSDD2/test/20129.png,data/extracted/KolektorSDD2/test/20129_GT.png,True,228,626,2062,0.014447060142368701
test,test-20130,data/extracted/KolektorSDD2/test/20130.png,data/extracted/KolektorSDD2/test/20130_GT.png,True,228,637,1282,0.008827012586411083
test,test-20131,data/extracted/KolektorSDD2/test/20131.png,data/extracted/KolektorSDD2/test/20131_GT.png,False,231,643,0,0.0
test,test-20132,data/extracted/KolektorSDD2/test/20132.png,data/extracted/KolektorSDD2/test/20132_GT.png,False,229,639,0,0.0
test,test-20133,data/extracted/KolektorSDD2/test/20133.png,data/extracted/KolektorSDD2/test/20133_GT.png,False,228,640,0,0.0
test,test-20134,data/extracted/KolektorSDD2/test/20134.png,data/extracted/KolektorSDD2/test/20134_GT.png,False,230,636,0,0.0
test,test-20135,data/extracted/KolektorSDD2/test/20135.png,data/extracted/KolektorSDD2/test/20135_GT.png,False,216,650,0,0.0
test,test-20136,data/extracted/KolektorSDD2/test/20136.png,data/extracted/KolektorSDD2/test/20136_GT.png,False,229,634,0,0.0
test,test-20137,data/extracted/KolektorSDD2/test/20137.png,data/extracted/KolektorSDD2/test/20137_GT.png,False,227,631,0,0.0
test,test-20138,data/extracted/KolektorSDD2/test/20138.png,data/extracted/KolektorSDD2/test/20138_GT.png,False,231,638,0,0.0
test,test-20139,data/extracted/KolektorSDD2/test/20139.png,data/extracted/KolektorSDD2/test/20139_GT.png,True,211,634,559,0.004178689431429127
test,test-20140,data/extracted/KolektorSDD2/test/20140.png,data/extracted/KolektorSDD2/test/20140_GT.png,False,231,635,0,0.0
test,test-20141,data/extracted/KolektorSDD2/test/20141.png,data/extracted/KolektorSDD2/test/20141_GT.png,True,229,627,3268,0.022760354638083895
test,test-20142,data/extracted/KolektorSDD2/test/20142.png,data/extracted/KolektorSDD2/test/20142_GT.png,True,229,637,1763,0.012085855504445648
test,test-20143,data/extracted/KolektorSDD2/test/20143.png,data/extracted/KolektorSDD2/test/20143_GT.png,False,228,639,0,0.0
test,test-20144,data/extracted/KolektorSDD2/test/20144.png,data/extracted/KolektorSDD2/test/20144_GT.png,False,229,635,0,0.0
test,test-20145,data/extracted/KolektorSDD2/test/20145.png,data/extracted/KolektorSDD2/test/20145_GT.png,False,229,629,0,0.0
test,test-20146,data/extracted/KolektorSDD2/test/20146.png,data/extracted/KolektorSDD2/test/20146_GT.png,False,230,636,0,0.0
test,test-20147,data/extracted/KolektorSDD2/test/20147.png,data/extracted/KolektorSDD2/test/20147_GT.png,False,224,636,0,0.0
test,test-20148,data/extracted/KolektorSDD2/test/20148.png,data/extracted/KolektorSDD2/test/20148_GT.png,False,230,630,0,0.0
test,test-20149,data/extracted/KolektorSDD2/test/20149.png,data/extracted/KolektorSDD2/test/20149_GT.png,False,231,648,0,0.0
test,test-20150,data/extracted/KolektorSDD2/test/20150.png,data/extracted/KolektorSDD2/test/20150_GT.png,False,226,638,0,0.0
test,test-20151,data/extracted/KolektorSDD2/test/20151.png,data/extracted/KolektorSDD2/test/20151_GT.png,False,233,640,0,0.0
test,test-20152,data/extracted/KolektorSDD2/test/20152.png,data/extracted/KolektorSDD2/test/20152_GT.png,False,228,627,0,0.0
test,test-20153,data/extracted/KolektorSDD2/test/20153.png,data/extracted/KolektorSDD2/test/20153_GT.png,False,226,639,0,0.0
test,test-20154,data/extracted/KolektorSDD2/test/20154.png,data/extracted/KolektorSDD2/test/20154_GT.png,False,226,633,0,0.0
test,test-20155,data/extracted/KolektorSDD2/test/20155.png,data/extracted/KolektorSDD2/test/20155_GT.png,True,230,633,1002,0.006882340820111271
test,test-20156,data/extracted/KolektorSDD2/test/20156.png,data/extracted/KolektorSDD2/test/20156_GT.png,False,227,632,0,0.0
test,test-20157,data/extracted/KolektorSDD2/test/20157.png,data/extracted/KolektorSDD2/test/20157_GT.png,False,216,634,0,0.0
test,test-20158,data/extracted/KolektorSDD2/test/20158.png,data/extracted/KolektorSDD2/test/20158_GT.png,True,229,641,17472,0.11902799256075046
test,test-20159,data/extracted/KolektorSDD2/test/20159.png,data/extracted/KolektorSDD2/test/20159_GT.png,True,233,632,755,0.005127125550062476
test,test-20160,data/extracted/KolektorSDD2/test/20160.png,data/extracted/KolektorSDD2/test/20160_GT.png,False,231,636,0,0.0
test,test-20161,data/extracted/KolektorSDD2/test/20161.png,data/extracted/KolektorSDD2/test/20161_GT.png,False,233,629,0,0.0
test,test-20162,data/extracted/KolektorSDD2/test/20162.png,data/extracted/KolektorSDD2/test/20162_GT.png,False,233,648,0,0.0
test,test-20163,data/extracted/KolektorSDD2/test/20163.png,data/extracted/KolektorSDD2/test/20163_GT.png,False,228,643,0,0.0
test,test-20164,data/extracted/KolektorSDD2/test/20164.png,data/extracted/KolektorSDD2/test/20164_GT.png,False,230,634,0,0.0
test,test-20165,data/extracted/KolektorSDD2/test/20165.png,data/extracted/KolektorSDD2/test/20165_GT.png,False,228,632,0,0.0
test,test-20166,data/extracted/KolektorSDD2/test/20166.png,data/extracted/KolektorSDD2/test/20166_GT.png,False,228,644,0,0.0
test,test-20167,data/extracted/KolektorSDD2/test/20167.png,data/extracted/KolektorSDD2/test/20167_GT.png,False,231,640,0,0.0
test,test-20168,data/extracted/KolektorSDD2/test/20168.png,data/extracted/KolektorSDD2/test/20168_GT.png,False,230,634,0,0.0
test,test-20169,data/extracted/KolektorSDD2/test/20169.png,data/extracted/KolektorSDD2/test/20169_GT.png,False,231,648,0,0.0
test,test-20170,data/extracted/KolektorSDD2/test/20170.png,data/extracted/KolektorSDD2/test/20170_GT.png,False,236,649,0,0.0
test,test-20171,data/extracted/KolektorSDD2/test/20171.png,data/extracted/KolektorSDD2/test/20171_GT.png,False,227,619,0,0.0
test,test-20172,data/extracted/KolektorSDD2/test/20172.png,data/extracted/KolektorSDD2/test/20172_GT.png,True,229,630,2273,0.015755181257364664
test,test-20173,data/extracted/KolektorSDD2/test/20173.png,data/extracted/KolektorSDD2/test/20173_GT.png,False,218,633,0,0.0
test,test-20174,data/extracted/KolektorSDD2/test/20174.png,data/extracted/KolektorSDD2/test/20174_GT.png,False,232,642,0,0.0
test,test-20175,data/extracted/KolektorSDD2/test/20175.png,data/extracted/KolektorSDD2/test/20175_GT.png,True,223,625,939,0.006737219730941704
test,test-20176,data/extracted/KolektorSDD2/test/20176.png,data/extracted/KolektorSDD2/test/20176_GT.png,False,233,646,0,0.0
test,test-20177,data/extracted/KolektorSDD2/test/20177.png,data/extracted/KolektorSDD2/test/20177_GT.png,True,230,647,819,0.005503662388280358
test,test-20178,data/extracted/KolektorSDD2/test/20178.png,data/extracted/KolektorSDD2/test/20178_GT.png,False,228,638,0,0.0
test,test-20179,data/extracted/KolektorSDD2/test/20179.png,data/extracted/KolektorSDD2/test/20179_GT.png,False,229,640,0,0.0
test,test-20180,data/extracted/KolektorSDD2/test/20180.png,data/extracted/KolektorSDD2/test/20180_GT.png,False,234,643,0,0.0
test,test-20181,data/extracted/KolektorSDD2/test/20181.png,data/extracted/KolektorSDD2/test/20181_GT.png,False,227,638,0,0.0
test,test-20182,data/extracted/KolektorSDD2/test/20182.png,data/extracted/KolektorSDD2/test/20182_GT.png,False,231,651,0,0.0
test,test-20183,data/extracted/KolektorSDD2/test/20183.png,data/extracted/KolektorSDD2/test/20183_GT.png,False,230,636,0,0.0
test,test-20184,data/extracted/KolektorSDD2/test/20184.png,data/extracted/KolektorSDD2/test/20184_GT.png,False,227,635,0,0.0
test,test-20185,data/extracted/KolektorSDD2/test/20185.png,data/extracted/KolektorSDD2/test/20185_GT.png,False,232,637,0,0.0
test,test-20186,data/extracted/KolektorSDD2/test/20186.png,data/extracted/KolektorSDD2/test/20186_GT.png,False,231,632,0,0.0
test,test-20187,data/extracted/KolektorSDD2/test/20187.png,data/extracted/KolektorSDD2/test/20187_GT.png,False,230,634,0,0.0
test,test-20188,data/extracted/KolektorSDD2/test/20188.png,data/extracted/KolektorSDD2/test/20188_GT.png,False,225,641,0,0.0
test,test-20189,data/extracted/KolektorSDD2/test/20189.png,data/extracted/KolektorSDD2/test/20189_GT.png,False,230,641,0,0.0
test,test-20190,data/extracted/KolektorSDD2/test/20190.png,data/extracted/KolektorSDD2/test/20190_GT.png,True,236,640,4865,0.03221001059322034
test,test-20191,data/extracted/KolektorSDD2/test/20191.png,data/extracted/KolektorSDD2/test/20191_GT.png,False,229,635,0,0.0
test,test-20192,data/extracted/KolektorSDD2/test/20192.png,data/extracted/KolektorSDD2/test/20192_GT.png,False,229,636,0,0.0
test,test-20193,data/extracted/KolektorSDD2/test/20193.png,data/extracted/KolektorSDD2/test/20193_GT.png,True,228,638,43869,0.30157977231479954
test,test-20194,data/extracted/KolektorSDD2/test/20194.png,data/extracted/KolektorSDD2/test/20194_GT.png,False,226,643,0,0.0
test,test-20195,data/extracted/KolektorSDD2/test/20195.png,data/extracted/KolektorSDD2/test/20195_GT.png,False,229,644,0,0.0
test,test-20196,data/extracted/KolektorSDD2/test/20196.png,data/extracted/KolektorSDD2/test/20196_GT.png,False,229,628,0,0.0
test,test-20197,data/extracted/KolektorSDD2/test/20197.png,data/extracted/KolektorSDD2/test/20197_GT.png,False,233,630,0,0.0
test,test-20198,data/extracted/KolektorSDD2/test/20198.png,data/extracted/KolektorSDD2/test/20198_GT.png,False,233,628,0,0.0
test,test-20199,data/extracted/KolektorSDD2/test/20199.png,data/extracted/KolektorSDD2/test/20199_GT.png,False,229,644,0,0.0
test,test-20200,data/extracted/KolektorSDD2/test/20200.png,data/extracted/KolektorSDD2/test/20200_GT.png,False,228,644,0,0.0
test,test-20201,data/extracted/KolektorSDD2/test/20201.png,data/extracted/KolektorSDD2/test/20201_GT.png,False,228,626,0,0.0
test,test-20202,data/extracted/KolektorSDD2/test/20202.png,data/extracted/KolektorSDD2/test/20202_GT.png,False,231,637,0,0.0
test,test-20203,data/extracted/KolektorSDD2/test/20203.png,data/extracted/KolektorSDD2/test/20203_GT.png,False,231,638,0,0.0
test,test-20204,data/extracted/KolektorSDD2/test/20204.png,data/extracted/KolektorSDD2/test/20204_GT.png,True,232,641,4284,0.02880735919091936
test,test-20205,data/extracted/KolektorSDD2/test/20205.png,data/extracted/KolektorSDD2/test/20205_GT.png,False,234,631,0,0.0
test,test-20206,data/extracted/KolektorSDD2/test/20206.png,data/extracted/KolektorSDD2/test/20206_GT.png,False,229,632,0,0.0
test,test-20207,data/extracted/KolektorSDD2/test/20207.png,data/extracted/KolektorSDD2/test/20207_GT.png,False,233,639,0,0.0
test,test-20208,data/extracted/KolektorSDD2/test/20208.png,data/extracted/KolektorSDD2/test/20208_GT.png,False,229,636,0,0.0
test,test-20209,data/extracted/KolektorSDD2/test/20209.png,data/extracted/KolektorSDD2/test/20209_GT.png,True,223,640,10058,0.07047365470852018
test,test-20210,data/extracted/KolektorSDD2/test/20210.png,data/extracted/KolektorSDD2/test/20210_GT.png,False,233,640,0,0.0
test,test-20211,data/extracted/KolektorSDD2/test/20211.png,data/extracted/KolektorSDD2/test/20211_GT.png,False,234,639,0,0.0
test,test-20212,data/extracted/KolektorSDD2/test/20212.png,data/extracted/KolektorSDD2/test/20212_GT.png,False,230,639,0,0.0
test,test-20213,data/extracted/KolektorSDD2/test/20213.png,data/extracted/KolektorSDD2/test/20213_GT.png,False,232,629,0,0.0
test,test-20214,data/extracted/KolektorSDD2/test/20214.png,data/extracted/KolektorSDD2/test/20214_GT.png,False,232,630,0,0.0
test,test-20215,data/extracted/KolektorSDD2/test/20215.png,data/extracted/KolektorSDD2/test/20215_GT.png,False,233,633,0,0.0
test,test-20216,data/extracted/KolektorSDD2/test/20216.png,data/extracted/KolektorSDD2/test/20216_GT.png,False,228,631,0,0.0
test,test-20217,data/extracted/KolektorSDD2/test/20217.png,data/extracted/KolektorSDD2/test/20217_GT.png,True,230,640,1635,0.01110733695652174
test,test-20218,data/extracted/KolektorSDD2/test/20218.png,data/extracted/KolektorSDD2/test/20218_GT.png,False,231,635,0,0.0
test,test-20219,data/extracted/KolektorSDD2/test/20219.png,data/extracted/KolektorSDD2/test/20219_GT.png,False,228,627,0,0.0
test,test-20220,data/extracted/KolektorSDD2/test/20220.png,data/extracted/KolektorSDD2/test/20220_GT.png,False,227,624,0,0.0
test,test-20221,data/extracted/KolektorSDD2/test/20221.png,data/extracted/KolektorSDD2/test/20221_GT.png,False,233,634,0,0.0
test,test-20222,data/extracted/KolektorSDD2/test/20222.png,data/extracted/KolektorSDD2/test/20222_GT.png,False,230,634,0,0.0
test,test-20223,data/extracted/KolektorSDD2/test/20223.png,data/extracted/KolektorSDD2/test/20223_GT.png,False,227,626,0,0.0
test,test-20224,data/extracted/KolektorSDD2/test/20224.png,data/extracted/KolektorSDD2/test/20224_GT.png,False,229,640,0,0.0
test,test-20225,data/extracted/KolektorSDD2/test/20225.png,data/extracted/KolektorSDD2/test/20225_GT.png,False,228,637,0,0.0
test,test-20226,data/extracted/KolektorSDD2/test/20226.png,data/extracted/KolektorSDD2/test/20226_GT.png,False,232,634,0,0.0
test,test-20227,data/extracted/KolektorSDD2/test/20227.png,data/extracted/KolektorSDD2/test/20227_GT.png,False,231,628,0,0.0
test,test-20228,data/extracted/KolektorSDD2/test/20228.png,data/extracted/KolektorSDD2/test/20228_GT.png,True,231,633,87,0.0005949816376356661
test,test-20229,data/extracted/KolektorSDD2/test/20229.png,data/extracted/KolektorSDD2/test/20229_GT.png,False,226,636,0,0.0
test,test-20230,data/extracted/KolektorSDD2/test/20230.png,data/extracted/KolektorSDD2/test/20230_GT.png,False,227,641,0,0.0
test,test-20231,data/extracted/KolektorSDD2/test/20231.png,data/extracted/KolektorSDD2/test/20231_GT.png,True,230,630,178,0.0012284334023464458
test,test-20232,data/extracted/KolektorSDD2/test/20232.png,data/extracted/KolektorSDD2/test/20232_GT.png,False,233,647,0,0.0
test,test-20233,data/extracted/KolektorSDD2/test/20233.png,data/extracted/KolektorSDD2/test/20233_GT.png,False,231,634,0,0.0
test,test-20234,data/extracted/KolektorSDD2/test/20234.png,data/extracted/KolektorSDD2/test/20234_GT.png,False,231,637,0,0.0
test,test-20235,data/extracted/KolektorSDD2/test/20235.png,data/extracted/KolektorSDD2/test/20235_GT.png,False,226,632,0,0.0
test,test-20236,data/extracted/KolektorSDD2/test/20236.png,data/extracted/KolektorSDD2/test/20236_GT.png,True,231,631,367,0.0025178202674240708
test,test-20237,data/extracted/KolektorSDD2/test/20237.png,data/extracted/KolektorSDD2/test/20237_GT.png,False,226,633,0,0.0
test,test-20238,data/extracted/KolektorSDD2/test/20238.png,data/extracted/KolektorSDD2/test/20238_GT.png,False,215,633,0,0.0
test,test-20239,data/extracted/KolektorSDD2/test/20239.png,data/extracted/KolektorSDD2/test/20239_GT.png,False,232,636,0,0.0
test,test-20240,data/extracted/KolektorSDD2/test/20240.png,data/extracted/KolektorSDD2/test/20240_GT.png,False,232,631,0,0.0
test,test-20241,data/extracted/KolektorSDD2/test/20241.png,data/extracted/KolektorSDD2/test/20241_GT.png,False,229,639,0,0.0
test,test-20242,data/extracted/KolektorSDD2/test/20242.png,data/extracted/KolektorSDD2/test/20242_GT.png,False,232,650,0,0.0
test,test-20243,data/extracted/KolektorSDD2/test/20243.png,data/extracted/KolektorSDD2/test/20243_GT.png,False,232,640,0,0.0
test,test-20244,data/extracted/KolektorSDD2/test/20244.png,data/extracted/KolektorSDD2/test/20244_GT.png,False,234,631,0,0.0
test,test-20245,data/extracted/KolektorSDD2/test/20245.png,data/extracted/KolektorSDD2/test/20245_GT.png,False,234,648,0,0.0
test,test-20246,data/extracted/KolektorSDD2/test/20246.png,data/extracted/KolektorSDD2/test/20246_GT.png,True,224,634,1383,0.009738339342045967
test,test-20247,data/extracted/KolektorSDD2/test/20247.png,data/extracted/KolektorSDD2/test/20247_GT.png,False,230,639,0,0.0
test,test-20248,data/extracted/KolektorSDD2/test/20248.png,data/extracted/KolektorSDD2/test/20248_GT.png,False,233,642,0,0.0
test,test-20249,data/extracted/KolektorSDD2/test/20249.png,data/extracted/KolektorSDD2/test/20249_GT.png,False,236,640,0,0.0
test,test-20250,data/extracted/KolektorSDD2/test/20250.png,data/extracted/KolektorSDD2/test/20250_GT.png,False,226,641,0,0.0
test,test-20251,data/extracted/KolektorSDD2/test/20251.png,data/extracted/KolektorSDD2/test/20251_GT.png,False,230,639,0,0.0
test,test-20252,data/extracted/KolektorSDD2/test/20252.png,data/extracted/KolektorSDD2/test/20252_GT.png,False,232,639,0,0.0
test,test-20253,data/extracted/KolektorSDD2/test/20253.png,data/extracted/KolektorSDD2/test/20253_GT.png,False,232,636,0,0.0
test,test-20254,data/extracted/KolektorSDD2/test/20254.png,data/extracted/KolektorSDD2/test/20254_GT.png,False,229,633,0,0.0
test,test-20255,data/extracted/KolektorSDD2/test/20255.png,data/extracted/KolektorSDD2/test/20255_GT.png,False,222,624,0,0.0
test,test-20256,data/extracted/KolektorSDD2/test/20256.png,data/extracted/KolektorSDD2/test/20256_GT.png,False,216,620,0,0.0
test,test-20257,data/extracted/KolektorSDD2/test/20257.png,data/extracted/KolektorSDD2/test/20257_GT.png,False,229,641,0,0.0
test,test-20258,data/extracted/KolektorSDD2/test/20258.png,data/extracted/KolektorSDD2/test/20258_GT.png,False,232,642,0,0.0
test,test-20259,data/extracted/KolektorSDD2/test/20259.png,data/extracted/KolektorSDD2/test/20259_GT.png,True,227,628,323,0.0022657762563483824
test,test-20260,data/extracted/KolektorSDD2/test/20260.png,data/extracted/KolektorSDD2/test/20260_GT.png,False,224,639,0,0.0
test,test-20261,data/extracted/KolektorSDD2/test/20261.png,data/extracted/KolektorSDD2/test/20261_GT.png,False,231,631,0,0.0
test,test-20262,data/extracted/KolektorSDD2/test/20262.png,data/extracted/KolektorSDD2/test/20262_GT.png,False,231,638,0,0.0
test,test-20263,data/extracted/KolektorSDD2/test/20263.png,data/extracted/KolektorSDD2/test/20263_GT.png,False,235,640,0,0.0
test,test-20264,data/extracted/KolektorSDD2/test/20264.png,data/extracted/KolektorSDD2/test/20264_GT.png,True,228,629,3473,0.02421694139960394
test,test-20265,data/extracted/KolektorSDD2/test/20265.png,data/extracted/KolektorSDD2/test/20265_GT.png,False,202,622,0,0.0
test,test-20266,data/extracted/KolektorSDD2/test/20266.png,data/extracted/KolektorSDD2/test/20266_GT.png,False,233,657,0,0.0
test,test-20267,data/extracted/KolektorSDD2/test/20267.png,data/extracted/KolektorSDD2/test/20267_GT.png,False,229,634,0,0.0
test,test-20268,data/extracted/KolektorSDD2/test/20268.png,data/extracted/KolektorSDD2/test/20268_GT.png,False,225,631,0,0.0
test,test-20269,data/extracted/KolektorSDD2/test/20269.png,data/extracted/KolektorSDD2/test/20269_GT.png,False,230,637,0,0.0
test,test-20270,data/extracted/KolektorSDD2/test/20270.png,data/extracted/KolektorSDD2/test/20270_GT.png,False,226,631,0,0.0
test,test-20271,data/extracted/KolektorSDD2/test/20271.png,data/extracted/KolektorSDD2/test/20271_GT.png,False,232,648,0,0.0
test,test-20272,data/extracted/KolektorSDD2/test/20272.png,data/extracted/KolektorSDD2/test/20272_GT.png,False,237,634,0,0.0
test,test-20273,data/extracted/KolektorSDD2/test/20273.png,data/extracted/KolektorSDD2/test/20273_GT.png,False,235,632,0,0.0
test,test-20274,data/extracted/KolektorSDD2/test/20274.png,data/extracted/KolektorSDD2/test/20274_GT.png,False,230,643,0,0.0
test,test-20275,data/extracted/KolektorSDD2/test/20275.png,data/extracted/KolektorSDD2/test/20275_GT.png,True,236,636,228,0.001519027822193796
test,test-20276,data/extracted/KolektorSDD2/test/20276.png,data/extracted/KolektorSDD2/test/20276_GT.png,False,227,636,0,0.0
test,test-20277,data/extracted/KolektorSDD2/test/20277.png,data/extracted/KolektorSDD2/test/20277_GT.png,False,232,645,0,0.0
test,test-20278,data/extracted/KolektorSDD2/test/20278.png,data/extracted/KolektorSDD2/test/20278_GT.png,False,232,632,0,0.0
test,test-20279,data/extracted/KolektorSDD2/test/20279.png,data/extracted/KolektorSDD2/test/20279_GT.png,False,226,638,0,0.0
test,test-20280,data/extracted/KolektorSDD2/test/20280.png,data/extracted/KolektorSDD2/test/20280_GT.png,False,230,645,0,0.0
test,test-20281,data/extracted/KolektorSDD2/test/20281.png,data/extracted/KolektorSDD2/test/20281_GT.png,True,229,651,2181,0.014629827138631195
test,test-20282,data/extracted/KolektorSDD2/test/20282.png,data/extracted/KolektorSDD2/test/20282_GT.png,False,224,640,0,0.0
test,test-20283,data/extracted/KolektorSDD2/test/20283.png,data/extracted/KolektorSDD2/test/20283_GT.png,False,231,645,0,0.0
test,test-20284,data/extracted/KolektorSDD2/test/20284.png,data/extracted/KolektorSDD2/test/20284_GT.png,False,231,637,0,0.0
test,test-20285,data/extracted/KolektorSDD2/test/20285.png,data/extracted/KolektorSDD2/test/20285_GT.png,False,231,643,0,0.0
test,test-20286,data/extracted/KolektorSDD2/test/20286.png,data/extracted/KolektorSDD2/test/20286_GT.png,False,227,634,0,0.0
test,test-20287,data/extracted/KolektorSDD2/test/20287.png,data/extracted/KolektorSDD2/test/20287_GT.png,False,228,633,0,0.0
test,test-20288,data/extracted/KolektorSDD2/test/20288.png,data/extracted/KolektorSDD2/test/20288_GT.png,False,235,639,0,0.0
test,test-20289,data/extracted/KolektorSDD2/test/20289.png,data/extracted/KolektorSDD2/test/20289_GT.png,False,230,636,0,0.0
test,test-20290,data/extracted/KolektorSDD2/test/20290.png,data/extracted/KolektorSDD2/test/20290_GT.png,False,233,629,0,0.0
test,test-20291,data/extracted/KolektorSDD2/test/20291.png,data/extracted/KolektorSDD2/test/20291_GT.png,False,229,627,0,0.0
test,test-20292,data/extracted/KolektorSDD2/test/20292.png,data/extracted/KolektorSDD2/test/20292_GT.png,False,225,632,0,0.0
test,test-20293,data/extracted/KolektorSDD2/test/20293.png,data/extracted/KolektorSDD2/test/20293_GT.png,False,231,640,0,0.0
test,test-20294,data/extracted/KolektorSDD2/test/20294.png,data/extracted/KolektorSDD2/test/20294_GT.png,False,232,635,0,0.0
test,test-20295,data/extracted/KolektorSDD2/test/20295.png,data/extracted/KolektorSDD2/test/20295_GT.png,True,228,636,1239,0.008544356173452498
test,test-20296,data/extracted/KolektorSDD2/test/20296.png,data/extracted/KolektorSDD2/test/20296_GT.png,False,230,640,0,0.0
test,test-20297,data/extracted/KolektorSDD2/test/20297.png,data/extracted/KolektorSDD2/test/20297_GT.png,True,237,642,401,0.0026354877295371795
test,test-20298,data/extracted/KolektorSDD2/test/20298.png,data/extracted/KolektorSDD2/test/20298_GT.png,False,226,640,0,0.0
test,test-20299,data/extracted/KolektorSDD2/test/20299.png,data/extracted/KolektorSDD2/test/20299_GT.png,False,231,630,0,0.0
test,test-20300,data/extracted/KolektorSDD2/test/20300.png,data/extracted/KolektorSDD2/test/20300_GT.png,False,227,637,0,0.0
test,test-20301,data/extracted/KolektorSDD2/test/20301.png,data/extracted/KolektorSDD2/test/20301_GT.png,False,230,640,0,0.0
test,test-20302,data/extracted/KolektorSDD2/test/20302.png,data/extracted/KolektorSDD2/test/20302_GT.png,False,231,641,0,0.0
test,test-20303,data/extracted/KolektorSDD2/test/20303.png,data/extracted/KolektorSDD2/test/20303_GT.png,False,223,637,0,0.0
test,test-20304,data/extracted/KolektorSDD2/test/20304.png,data/extracted/KolektorSDD2/test/20304_GT.png,False,228,640,0,0.0
test,test-20305,data/extracted/KolektorSDD2/test/20305.png,data/extracted/KolektorSDD2/test/20305_GT.png,False,230,645,0,0.0
test,test-20306,data/extracted/KolektorSDD2/test/20306.png,data/extracted/KolektorSDD2/test/20306_GT.png,False,229,631,0,0.0
test,test-20307,data/extracted/KolektorSDD2/test/20307.png,data/extracted/KolektorSDD2/test/20307_GT.png,False,234,638,0,0.0
test,test-20308,data/extracted/KolektorSDD2/test/20308.png,data/extracted/KolektorSDD2/test/20308_GT.png,False,229,631,0,0.0
test,test-20309,data/extracted/KolektorSDD2/test/20309.png,data/extracted/KolektorSDD2/test/20309_GT.png,False,224,639,0,0.0
test,test-20310,data/extracted/KolektorSDD2/test/20310.png,data/extracted/KolektorSDD2/test/20310_GT.png,False,231,646,0,0.0
test,test-20311,data/extracted/KolektorSDD2/test/20311.png,data/extracted/KolektorSDD2/test/20311_GT.png,False,235,644,0,0.0
test,test-20312,data/extracted/KolektorSDD2/test/20312.png,data/extracted/KolektorSDD2/test/20312_GT.png,False,230,636,0,0.0
test,test-20313,data/extracted/KolektorSDD2/test/20313.png,data/extracted/KolektorSDD2/test/20313_GT.png,False,231,635,0,0.0
test,test-20314,data/extracted/KolektorSDD2/test/20314.png,data/extracted/KolektorSDD2/test/20314_GT.png,False,232,647,0,0.0
test,test-20315,data/extracted/KolektorSDD2/test/20315.png,data/extracted/KolektorSDD2/test/20315_GT.png,False,233,640,0,0.0
test,test-20316,data/extracted/KolektorSDD2/test/20316.png,data/extracted/KolektorSDD2/test/20316_GT.png,False,230,643,0,0.0
test,test-20317,data/extracted/KolektorSDD2/test/20317.png,data/extracted/KolektorSDD2/test/20317_GT.png,False,234,638,0,0.0
test,test-20318,data/extracted/KolektorSDD2/test/20318.png,data/extracted/KolektorSDD2/test/20318_GT.png,False,228,636,0,0.0
test,test-20319,data/extracted/KolektorSDD2/test/20319.png,data/extracted/KolektorSDD2/test/20319_GT.png,True,229,639,1084,0.007407862995537514
test,test-20320,data/extracted/KolektorSDD2/test/20320.png,data/extracted/KolektorSDD2/test/20320_GT.png,False,233,638,0,0.0
test,test-20321,data/extracted/KolektorSDD2/test/20321.png,data/extracted/KolektorSDD2/test/20321_GT.png,False,235,633,0,0.0
test,test-20322,data/extracted/KolektorSDD2/test/20322.png,data/extracted/KolektorSDD2/test/20322_GT.png,False,229,609,0,0.0
test,test-20323,data/extracted/KolektorSDD2/test/20323.png,data/extracted/KolektorSDD2/test/20323_GT.png,False,235,630,0,0.0
test,test-20324,data/extracted/KolektorSDD2/test/20324.png,data/extracted/KolektorSDD2/test/20324_GT.png,False,228,636,0,0.0
test,test-20325,data/extracted/KolektorSDD2/test/20325.png,data/extracted/KolektorSDD2/test/20325_GT.png,False,233,640,0,0.0
test,test-20326,data/extracted/KolektorSDD2/test/20326.png,data/extracted/KolektorSDD2/test/20326_GT.png,False,232,632,0,0.0
test,test-20327,data/extracted/KolektorSDD2/test/20327.png,data/extracted/KolektorSDD2/test/20327_GT.png,False,228,645,0,0.0
test,test-20328,data/extracted/KolektorSDD2/test/20328.png,data/extracted/KolektorSDD2/test/20328_GT.png,False,234,639,0,0.0
test,test-20329,data/extracted/KolektorSDD2/test/20329.png,data/extracted/KolektorSDD2/test/20329_GT.png,False,228,640,0,0.0
test,test-20330,data/extracted/KolektorSDD2/test/20330.png,data/extracted/KolektorSDD2/test/20330_GT.png,False,231,637,0,0.0
test,test-20331,data/extracted/KolektorSDD2/test/20331.png,data/extracted/KolektorSDD2/test/20331_GT.png,False,230,644,0,0.0
test,test-20332,data/extracted/KolektorSDD2/test/20332.png,data/extracted/KolektorSDD2/test/20332_GT.png,False,236,636,0,0.0
test,test-20333,data/extracted/KolektorSDD2/test/20333.png,data/extracted/KolektorSDD2/test/20333_GT.png,False,230,635,0,0.0
test,test-20334,data/extracted/KolektorSDD2/test/20334.png,data/extracted/KolektorSDD2/test/20334_GT.png,True,229,635,5417,0.03725200288828525
test,test-20335,data/extracted/KolektorSDD2/test/20335.png,data/extracted/KolektorSDD2/test/20335_GT.png,False,229,640,0,0.0
test,test-20336,data/extracted/KolektorSDD2/test/20336.png,data/extracted/KolektorSDD2/test/20336_GT.png,False,227,633,0,0.0
test,test-20337,data/extracted/KolektorSDD2/test/20337.png,data/extracted/KolektorSDD2/test/20337_GT.png,False,232,632,0,0.0
test,test-20338,data/extracted/KolektorSDD2/test/20338.png,data/extracted/KolektorSDD2/test/20338_GT.png,False,230,632,0,0.0
test,test-20339,data/extracted/KolektorSDD2/test/20339.png,data/extracted/KolektorSDD2/test/20339_GT.png,False,232,639,0,0.0
test,test-20340,data/extracted/KolektorSDD2/test/20340.png,data/extracted/KolektorSDD2/test/20340_GT.png,False,231,636,0,0.0
test,test-20341,data/extracted/KolektorSDD2/test/20341.png,data/extracted/KolektorSDD2/test/20341_GT.png,False,227,635,0,0.0
test,test-20342,data/extracted/KolektorSDD2/test/20342.png,data/extracted/KolektorSDD2/test/20342_GT.png,False,228,630,0,0.0
test,test-20343,data/extracted/KolektorSDD2/test/20343.png,data/extracted/KolektorSDD2/test/20343_GT.png,False,232,634,0,0.0
test,test-20344,data/extracted/KolektorSDD2/test/20344.png,data/extracted/KolektorSDD2/test/20344_GT.png,False,232,640,0,0.0
test,test-20345,data/extracted/KolektorSDD2/test/20345.png,data/extracted/KolektorSDD2/test/20345_GT.png,False,234,636,0,0.0
test,test-20346,data/extracted/KolektorSDD2/test/20346.png,data/extracted/KolektorSDD2/test/20346_GT.png,False,225,640,0,0.0
test,test-20347,data/extracted/KolektorSDD2/test/20347.png,data/extracted/KolektorSDD2/test/20347_GT.png,False,238,642,0,0.0
test,test-20348,data/extracted/KolektorSDD2/test/20348.png,data/extracted/KolektorSDD2/test/20348_GT.png,False,235,630,0,0.0
test,test-20349,data/extracted/KolektorSDD2/test/20349.png,data/extracted/KolektorSDD2/test/20349_GT.png,False,228,636,0,0.0
test,test-20350,data/extracted/KolektorSDD2/test/20350.png,data/extracted/KolektorSDD2/test/20350_GT.png,False,228,642,0,0.0
test,test-20351,data/extracted/KolektorSDD2/test/20351.png,data/extracted/KolektorSDD2/test/20351_GT.png,False,232,646,0,0.0
test,test-20352,data/extracted/KolektorSDD2/test/20352.png,data/extracted/KolektorSDD2/test/20352_GT.png,False,233,635,0,0.0
test,test-20353,data/extracted/KolektorSDD2/test/20353.png,data/extracted/KolektorSDD2/test/20353_GT.png,False,234,644,0,0.0
test,test-20354,data/extracted/KolektorSDD2/test/20354.png,data/extracted/KolektorSDD2/test/20354_GT.png,False,234,633,0,0.0
test,test-20355,data/extracted/KolektorSDD2/test/20355.png,data/extracted/KolektorSDD2/test/20355_GT.png,False,232,637,0,0.0
test,test-20356,data/extracted/KolektorSDD2/test/20356.png,data/extracted/KolektorSDD2/test/20356_GT.png,False,228,638,0,0.0
test,test-20357,data/extracted/KolektorSDD2/test/20357.png,data/extracted/KolektorSDD2/test/20357_GT.png,False,235,642,0,0.0
test,test-20358,data/extracted/KolektorSDD2/test/20358.png,data/extracted/KolektorSDD2/test/20358_GT.png,False,230,641,0,0.0
test,test-20359,data/extracted/KolektorSDD2/test/20359.png,data/extracted/KolektorSDD2/test/20359_GT.png,False,228,637,0,0.0
test,test-20360,data/extracted/KolektorSDD2/test/20360.png,data/extracted/KolektorSDD2/test/20360_GT.png,False,230,637,0,0.0
test,test-20361,data/extracted/KolektorSDD2/test/20361.png,data/extracted/KolektorSDD2/test/20361_GT.png,False,227,637,0,0.0
test,test-20362,data/extracted/KolektorSDD2/test/20362.png,data/extracted/KolektorSDD2/test/20362_GT.png,False,235,648,0,0.0
test,test-20363,data/extracted/KolektorSDD2/test/20363.png,data/extracted/KolektorSDD2/test/20363_GT.png,False,231,648,0,0.0
test,test-20364,data/extracted/KolektorSDD2/test/20364.png,data/extracted/KolektorSDD2/test/20364_GT.png,False,231,630,0,0.0
test,test-20365,data/extracted/KolektorSDD2/test/20365.png,data/extracted/KolektorSDD2/test/20365_GT.png,False,230,634,0,0.0
test,test-20366,data/extracted/KolektorSDD2/test/20366.png,data/extracted/KolektorSDD2/test/20366_GT.png,False,231,641,0,0.0
test,test-20367,data/extracted/KolektorSDD2/test/20367.png,data/extracted/KolektorSDD2/test/20367_GT.png,False,231,635,0,0.0
test,test-20368,data/extracted/KolektorSDD2/test/20368.png,data/extracted/KolektorSDD2/test/20368_GT.png,False,227,637,0,0.0
test,test-20369,data/extracted/KolektorSDD2/test/20369.png,data/extracted/KolektorSDD2/test/20369_GT.png,False,235,642,0,0.0
test,test-20370,data/extracted/KolektorSDD2/test/20370.png,data/extracted/KolektorSDD2/test/20370_GT.png,False,229,639,0,0.0
test,test-20371,data/extracted/KolektorSDD2/test/20371.png,data/extracted/KolektorSDD2/test/20371_GT.png,False,237,648,0,0.0
test,test-20372,data/extracted/KolektorSDD2/test/20372.png,data/extracted/KolektorSDD2/test/20372_GT.png,False,223,638,0,0.0
test,test-20373,data/extracted/KolektorSDD2/test/20373.png,data/extracted/KolektorSDD2/test/20373_GT.png,False,223,630,0,0.0
test,test-20374,data/extracted/KolektorSDD2/test/20374.png,data/extracted/KolektorSDD2/test/20374_GT.png,False,228,628,0,0.0
test,test-20375,data/extracted/KolektorSDD2/test/20375.png,data/extracted/KolektorSDD2/test/20375_GT.png,False,228,632,0,0.0
test,test-20376,data/extracted/KolektorSDD2/test/20376.png,data/extracted/KolektorSDD2/test/20376_GT.png,False,237,646,0,0.0
test,test-20377,data/extracted/KolektorSDD2/test/20377.png,data/extracted/KolektorSDD2/test/20377_GT.png,False,227,638,0,0.0
test,test-20378,data/extracted/KolektorSDD2/test/20378.png,data/extracted/KolektorSDD2/test/20378_GT.png,True,232,640,3296,0.022198275862068965
test,test-20379,data/extracted/KolektorSDD2/test/20379.png,data/extracted/KolektorSDD2/test/20379_GT.png,False,227,632,0,0.0
test,test-20380,data/extracted/KolektorSDD2/test/20380.png,data/extracted/KolektorSDD2/test/20380_GT.png,False,233,637,0,0.0
test,test-20381,data/extracted/KolektorSDD2/test/20381.png,data/extracted/KolektorSDD2/test/20381_GT.png,False,231,642,0,0.0
test,test-20382,data/extracted/KolektorSDD2/test/20382.png,data/extracted/KolektorSDD2/test/20382_GT.png,False,228,638,0,0.0
test,test-20383,data/extracted/KolektorSDD2/test/20383.png,data/extracted/KolektorSDD2/test/20383_GT.png,False,227,638,0,0.0
test,test-20384,data/extracted/KolektorSDD2/test/20384.png,data/extracted/KolektorSDD2/test/20384_GT.png,False,230,639,0,0.0
test,test-20385,data/extracted/KolektorSDD2/test/20385.png,data/extracted/KolektorSDD2/test/20385_GT.png,False,230,638,0,0.0
test,test-20386,data/extracted/KolektorSDD2/test/20386.png,data/extracted/KolektorSDD2/test/20386_GT.png,False,227,634,0,0.0
test,test-20387,data/extracted/KolektorSDD2/test/20387.png,data/extracted/KolektorSDD2/test/20387_GT.png,False,227,639,0,0.0
test,test-20388,data/extracted/KolektorSDD2/test/20388.png,data/extracted/KolektorSDD2/test/20388_GT.png,False,231,641,0,0.0
test,test-20389,data/extracted/KolektorSDD2/test/20389.png,data/extracted/KolektorSDD2/test/20389_GT.png,False,233,638,0,0.0
test,test-20390,data/extracted/KolektorSDD2/test/20390.png,data/extracted/KolektorSDD2/test/20390_GT.png,False,235,637,0,0.0
test,test-20391,data/extracted/KolektorSDD2/test/20391.png,data/extracted/KolektorSDD2/test/20391_GT.png,False,227,631,0,0.0
test,test-20392,data/extracted/KolektorSDD2/test/20392.png,data/extracted/KolektorSDD2/test/20392_GT.png,True,231,640,7626,0.05158279220779221
test,test-20393,data/extracted/KolektorSDD2/test/20393.png,data/extracted/KolektorSDD2/test/20393_GT.png,False,226,631,0,0.0
test,test-20394,data/extracted/KolektorSDD2/test/20394.png,data/extracted/KolektorSDD2/test/20394_GT.png,False,233,651,0,0.0
test,test-20395,data/extracted/KolektorSDD2/test/20395.png,data/extracted/KolektorSDD2/test/20395_GT.png,False,225,635,0,0.0
test,test-20396,data/extracted/KolektorSDD2/test/20396.png,data/extracted/KolektorSDD2/test/20396_GT.png,False,232,632,0,0.0
test,test-20397,data/extracted/KolektorSDD2/test/20397.png,data/extracted/KolektorSDD2/test/20397_GT.png,False,208,636,0,0.0
test,test-20398,data/extracted/KolektorSDD2/test/20398.png,data/extracted/KolektorSDD2/test/20398_GT.png,False,229,629,0,0.0
test,test-20399,data/extracted/KolektorSDD2/test/20399.png,data/extracted/KolektorSDD2/test/20399_GT.png,False,228,637,0,0.0
test,test-20400,data/extracted/KolektorSDD2/test/20400.png,data/extracted/KolektorSDD2/test/20400_GT.png,False,231,637,0,0.0
test,test-20401,data/extracted/KolektorSDD2/test/20401.png,data/extracted/KolektorSDD2/test/20401_GT.png,False,231,642,0,0.0
test,test-20402,data/extracted/KolektorSDD2/test/20402.png,data/extracted/KolektorSDD2/test/20402_GT.png,False,226,642,0,0.0
test,test-20403,data/extracted/KolektorSDD2/test/20403.png,data/extracted/KolektorSDD2/test/20403_GT.png,True,228,636,14951,0.10310465629482511
test,test-20404,data/extracted/KolektorSDD2/test/20404.png,data/extracted/KolektorSDD2/test/20404_GT.png,False,229,639,0,0.0
test,test-20405,data/extracted/KolektorSDD2/test/20405.png,data/extracted/KolektorSDD2/test/20405_GT.png,False,231,645,0,0.0
test,test-20406,data/extracted/KolektorSDD2/test/20406.png,data/extracted/KolektorSDD2/test/20406_GT.png,False,230,639,0,0.0
test,test-20407,data/extracted/KolektorSDD2/test/20407.png,data/extracted/KolektorSDD2/test/20407_GT.png,False,236,641,0,0.0
test,test-20408,data/extracted/KolektorSDD2/test/20408.png,data/extracted/KolektorSDD2/test/20408_GT.png,False,227,621,0,0.0
test,test-20409,data/extracted/KolektorSDD2/test/20409.png,data/extracted/KolektorSDD2/test/20409_GT.png,False,228,641,0,0.0
test,test-20410,data/extracted/KolektorSDD2/test/20410.png,data/extracted/KolektorSDD2/test/20410_GT.png,False,235,632,0,0.0
test,test-20411,data/extracted/KolektorSDD2/test/20411.png,data/extracted/KolektorSDD2/test/20411_GT.png,False,227,644,0,0.0
test,test-20412,data/extracted/KolektorSDD2/test/20412.png,data/extracted/KolektorSDD2/test/20412_GT.png,False,228,641,0,0.0
test,test-20413,data/extracted/KolektorSDD2/test/20413.png,data/extracted/KolektorSDD2/test/20413_GT.png,False,228,644,0,0.0
test,test-20414,data/extracted/KolektorSDD2/test/20414.png,data/extracted/KolektorSDD2/test/20414_GT.png,False,231,644,0,0.0
test,test-20415,data/extracted/KolektorSDD2/test/20415.png,data/extracted/KolektorSDD2/test/20415_GT.png,False,233,641,0,0.0
test,test-20416,data/extracted/KolektorSDD2/test/20416.png,data/extracted/KolektorSDD2/test/20416_GT.png,True,222,625,13817,0.09958198198198198
test,test-20417,data/extracted/KolektorSDD2/test/20417.png,data/extracted/KolektorSDD2/test/20417_GT.png,False,228,633,0,0.0
test,test-20418,data/extracted/KolektorSDD2/test/20418.png,data/extracted/KolektorSDD2/test/20418_GT.png,False,234,635,0,0.0
test,test-20419,data/extracted/KolektorSDD2/test/20419.png,data/extracted/KolektorSDD2/test/20419_GT.png,False,230,634,0,0.0
test,test-20420,data/extracted/KolektorSDD2/test/20420.png,data/extracted/KolektorSDD2/test/20420_GT.png,False,231,640,0,0.0
test,test-20421,data/extracted/KolektorSDD2/test/20421.png,data/extracted/KolektorSDD2/test/20421_GT.png,False,232,644,0,0.0
test,test-20422,data/extracted/KolektorSDD2/test/20422.png,data/extracted/KolektorSDD2/test/20422_GT.png,False,229,638,0,0.0
test,test-20423,data/extracted/KolektorSDD2/test/20423.png,data/extracted/KolektorSDD2/test/20423_GT.png,False,234,630,0,0.0
test,test-20424,data/extracted/KolektorSDD2/test/20424.png,data/extracted/KolektorSDD2/test/20424_GT.png,False,208,624,0,0.0
test,test-20425,data/extracted/KolektorSDD2/test/20425.png,data/extracted/KolektorSDD2/test/20425_GT.png,False,227,626,0,0.0
test,test-20426,data/extracted/KolektorSDD2/test/20426.png,data/extracted/KolektorSDD2/test/20426_GT.png,True,228,640,672,0.004605263157894736
test,test-20427,data/extracted/KolektorSDD2/test/20427.png,data/extracted/KolektorSDD2/test/20427_GT.png,False,201,632,0,0.0
test,test-20428,data/extracted/KolektorSDD2/test/20428.png,data/extracted/KolektorSDD2/test/20428_GT.png,True,229,649,1447,0.009736174564832695
test,test-20429,data/extracted/KolektorSDD2/test/20429.png,data/extracted/KolektorSDD2/test/20429_GT.png,False,234,639,0,0.0
test,test-20430,data/extracted/KolektorSDD2/test/20430.png,data/extracted/KolektorSDD2/test/20430_GT.png,False,229,629,0,0.0
test,test-20431,data/extracted/KolektorSDD2/test/20431.png,data/extracted/KolektorSDD2/test/20431_GT.png,False,235,632,0,0.0
test,test-20432,data/extracted/KolektorSDD2/test/20432.png,data/extracted/KolektorSDD2/test/20432_GT.png,False,220,641,0,0.0
test,test-20433,data/extracted/KolektorSDD2/test/20433.png,data/extracted/KolektorSDD2/test/20433_GT.png,False,233,642,0,0.0
test,test-20434,data/extracted/KolektorSDD2/test/20434.png,data/extracted/KolektorSDD2/test/20434_GT.png,True,228,641,2956,0.020226072200782767
test,test-20435,data/extracted/KolektorSDD2/test/20435.png,data/extracted/KolektorSDD2/test/20435_GT.png,False,228,631,0,0.0
test,test-20436,data/extracted/KolektorSDD2/test/20436.png,data/extracted/KolektorSDD2/test/20436_GT.png,False,228,634,0,0.0
test,test-20437,data/extracted/KolektorSDD2/test/20437.png,data/extracted/KolektorSDD2/test/20437_GT.png,False,228,635,0,0.0
test,test-20438,data/extracted/KolektorSDD2/test/20438.png,data/extracted/KolektorSDD2/test/20438_GT.png,False,232,634,0,0.0
test,test-20439,data/extracted/KolektorSDD2/test/20439.png,data/extracted/KolektorSDD2/test/20439_GT.png,True,227,635,9969,0.06915952686530924
test,test-20440,data/extracted/KolektorSDD2/test/20440.png,data/extracted/KolektorSDD2/test/20440_GT.png,False,226,635,0,0.0
test,test-20441,data/extracted/KolektorSDD2/test/20441.png,data/extracted/KolektorSDD2/test/20441_GT.png,False,231,650,0,0.0
test,test-20442,data/extracted/KolektorSDD2/test/20442.png,data/extracted/KolektorSDD2/test/20442_GT.png,False,224,628,0,0.0
test,test-20443,data/extracted/KolektorSDD2/test/20443.png,data/extracted/KolektorSDD2/test/20443_GT.png,False,234,648,0,0.0
test,test-20444,data/extracted/KolektorSDD2/test/20444.png,data/extracted/KolektorSDD2/test/20444_GT.png,False,221,635,0,0.0
test,test-20445,data/extracted/KolektorSDD2/test/20445.png,data/extracted/KolektorSDD2/test/20445_GT.png,False,232,640,0,0.0
test,test-20446,data/extracted/KolektorSDD2/test/20446.png,data/extracted/KolektorSDD2/test/20446_GT.png,False,237,645,0,0.0
test,test-20447,data/extracted/KolektorSDD2/test/20447.png,data/extracted/KolektorSDD2/test/20447_GT.png,False,229,632,0,0.0
test,test-20448,data/extracted/KolektorSDD2/test/20448.png,data/extracted/KolektorSDD2/test/20448_GT.png,False,231,644,0,0.0
test,test-20449,data/extracted/KolektorSDD2/test/20449.png,data/extracted/KolektorSDD2/test/20449_GT.png,False,222,640,0,0.0
test,test-20450,data/extracted/KolektorSDD2/test/20450.png,data/extracted/KolektorSDD2/test/20450_GT.png,False,222,638,0,0.0
test,test-20451,data/extracted/KolektorSDD2/test/20451.png,data/extracted/KolektorSDD2/test/20451_GT.png,False,230,639,0,0.0
test,test-20452,data/extracted/KolektorSDD2/test/20452.png,data/extracted/KolektorSDD2/test/20452_GT.png,True,228,642,1344,0.009181833087391376
test,test-20453,data/extracted/KolektorSDD2/test/20453.png,data/extracted/KolektorSDD2/test/20453_GT.png,False,233,637,0,0.0
test,test-20454,data/extracted/KolektorSDD2/test/20454.png,data/extracted/KolektorSDD2/test/20454_GT.png,False,234,642,0,0.0
test,test-20455,data/extracted/KolektorSDD2/test/20455.png,data/extracted/KolektorSDD2/test/20455_GT.png,False,235,645,0,0.0
test,test-20456,data/extracted/KolektorSDD2/test/20456.png,data/extracted/KolektorSDD2/test/20456_GT.png,False,235,639,0,0.0
test,test-20457,data/extracted/KolektorSDD2/test/20457.png,data/extracted/KolektorSDD2/test/20457_GT.png,True,232,631,9244,0.0631455270779824
test,test-20458,data/extracted/KolektorSDD2/test/20458.png,data/extracted/KolektorSDD2/test/20458_GT.png,False,234,645,0,0.0
test,test-20459,data/extracted/KolektorSDD2/test/20459.png,data/extracted/KolektorSDD2/test/20459_GT.png,False,232,644,0,0.0
test,test-20460,data/extracted/KolektorSDD2/test/20460.png,data/extracted/KolektorSDD2/test/20460_GT.png,False,237,643,0,0.0
test,test-20461,data/extracted/KolektorSDD2/test/20461.png,data/extracted/KolektorSDD2/test/20461_GT.png,False,234,639,0,0.0
test,test-20462,data/extracted/KolektorSDD2/test/20462.png,data/extracted/KolektorSDD2/test/20462_GT.png,False,226,640,0,0.0
test,test-20463,data/extracted/KolektorSDD2/test/20463.png,data/extracted/KolektorSDD2/test/20463_GT.png,False,230,638,0,0.0
test,test-20464,data/extracted/KolektorSDD2/test/20464.png,data/extracted/KolektorSDD2/test/20464_GT.png,False,222,633,0,0.0
test,test-20465,data/extracted/KolektorSDD2/test/20465.png,data/extracted/KolektorSDD2/test/20465_GT.png,True,212,633,5111,0.038086083042713645
test,test-20466,data/extracted/KolektorSDD2/test/20466.png,data/extracted/KolektorSDD2/test/20466_GT.png,False,233,643,0,0.0
test,test-20467,data/extracted/KolektorSDD2/test/20467.png,data/extracted/KolektorSDD2/test/20467_GT.png,False,223,624,0,0.0
test,test-20468,data/extracted/KolektorSDD2/test/20468.png,data/extracted/KolektorSDD2/test/20468_GT.png,False,236,642,0,0.0
test,test-20469,data/extracted/KolektorSDD2/test/20469.png,data/extracted/KolektorSDD2/test/20469_GT.png,False,225,638,0,0.0
test,test-20470,data/extracted/KolektorSDD2/test/20470.png,data/extracted/KolektorSDD2/test/20470_GT.png,False,234,645,0,0.0
test,test-20471,data/extracted/KolektorSDD2/test/20471.png,data/extracted/KolektorSDD2/test/20471_GT.png,False,227,632,0,0.0
test,test-20472,data/extracted/KolektorSDD2/test/20472.png,data/extracted/KolektorSDD2/test/20472_GT.png,False,233,637,0,0.0
test,test-20473,data/extracted/KolektorSDD2/test/20473.png,data/extracted/KolektorSDD2/test/20473_GT.png,False,233,638,0,0.0
test,test-20474,data/extracted/KolektorSDD2/test/20474.png,data/extracted/KolektorSDD2/test/20474_GT.png,False,229,637,0,0.0
test,test-20475,data/extracted/KolektorSDD2/test/20475.png,data/extracted/KolektorSDD2/test/20475_GT.png,False,230,631,0,0.0
test,test-20476,data/extracted/KolektorSDD2/test/20476.png,data/extracted/KolektorSDD2/test/20476_GT.png,False,227,634,0,0.0
test,test-20477,data/extracted/KolektorSDD2/test/20477.png,data/extracted/KolektorSDD2/test/20477_GT.png,False,229,634,0,0.0
test,test-20478,data/extracted/KolektorSDD2/test/20478.png,data/extracted/KolektorSDD2/test/20478_GT.png,False,233,647,0,0.0
test,test-20479,data/extracted/KolektorSDD2/test/20479.png,data/extracted/KolektorSDD2/test/20479_GT.png,False,227,635,0,0.0
test,test-20480,data/extracted/KolektorSDD2/test/20480.png,data/extracted/KolektorSDD2/test/20480_GT.png,False,236,642,0,0.0
test,test-20481,data/extracted/KolektorSDD2/test/20481.png,data/extracted/KolektorSDD2/test/20481_GT.png,False,232,648,0,0.0
test,test-20482,data/extracted/KolektorSDD2/test/20482.png,data/extracted/KolektorSDD2/test/20482_GT.png,False,228,632,0,0.0
test,test-20483,data/extracted/KolektorSDD2/test/20483.png,data/extracted/KolektorSDD2/test/20483_GT.png,False,231,639,0,0.0
test,test-20484,data/extracted/KolektorSDD2/test/20484.png,data/extracted/KolektorSDD2/test/20484_GT.png,False,230,635,0,0.0
test,test-20485,data/extracted/KolektorSDD2/test/20485.png,data/extracted/KolektorSDD2/test/20485_GT.png,False,234,644,0,0.0
test,test-20486,data/extracted/KolektorSDD2/test/20486.png,data/extracted/KolektorSDD2/test/20486_GT.png,True,228,635,1576,0.010885481420085647
test,test-20487,data/extracted/KolektorSDD2/test/20487.png,data/extracted/KolektorSDD2/test/20487_GT.png,True,234,639,1281,0.008567071947353637
test,test-20488,data/extracted/KolektorSDD2/test/20488.png,data/extracted/KolektorSDD2/test/20488_GT.png,False,232,646,0,0.0
test,test-20489,data/extracted/KolektorSDD2/test/20489.png,data/extracted/KolektorSDD2/test/20489_GT.png,False,227,633,0,0.0
test,test-20490,data/extracted/KolektorSDD2/test/20490.png,data/extracted/KolektorSDD2/test/20490_GT.png,False,228,641,0,0.0
test,test-20491,data/extracted/KolektorSDD2/test/20491.png,data/extracted/KolektorSDD2/test/20491_GT.png,False,222,628,0,0.0
test,test-20492,data/extracted/KolektorSDD2/test/20492.png,data/extracted/KolektorSDD2/test/20492_GT.png,False,226,633,0,0.0
test,test-20493,data/extracted/KolektorSDD2/test/20493.png,data/extracted/KolektorSDD2/test/20493_GT.png,False,234,646,0,0.0
test,test-20494,data/extracted/KolektorSDD2/test/20494.png,data/extracted/KolektorSDD2/test/20494_GT.png,False,231,643,0,0.0
test,test-20495,data/extracted/KolektorSDD2/test/20495.png,data/extracted/KolektorSDD2/test/20495_GT.png,False,227,629,0,0.0
test,test-20496,data/extracted/KolektorSDD2/test/20496.png,data/extracted/KolektorSDD2/test/20496_GT.png,False,231,635,0,0.0
test,test-20497,data/extracted/KolektorSDD2/test/20497.png,data/extracted/KolektorSDD2/test/20497_GT.png,False,228,644,0,0.0
test,test-20498,data/extracted/KolektorSDD2/test/20498.png,data/extracted/KolektorSDD2/test/20498_GT.png,False,232,639,0,0.0
test,test-20499,data/extracted/KolektorSDD2/test/20499.png,data/extracted/KolektorSDD2/test/20499_GT.png,False,227,636,0,0.0
test,test-20500,data/extracted/KolektorSDD2/test/20500.png,data/extracted/KolektorSDD2/test/20500_GT.png,False,228,639,0,0.0
test,test-20501,data/extracted/KolektorSDD2/test/20501.png,data/extracted/KolektorSDD2/test/20501_GT.png,False,223,629,0,0.0
test,test-20502,data/extracted/KolektorSDD2/test/20502.png,data/extracted/KolektorSDD2/test/20502_GT.png,True,236,637,17570,0.11687465077295586
test,test-20503,data/extracted/KolektorSDD2/test/20503.png,data/extracted/KolektorSDD2/test/20503_GT.png,False,230,640,0,0.0
test,test-20504,data/extracted/KolektorSDD2/test/20504.png,data/extracted/KolektorSDD2/test/20504_GT.png,False,234,634,0,0.0
test,test-20505,data/extracted/KolektorSDD2/test/20505.png,data/extracted/KolektorSDD2/test/20505_GT.png,False,228,630,0,0.0
test,test-20506,data/extracted/KolektorSDD2/test/20506.png,data/extracted/KolektorSDD2/test/20506_GT.png,False,221,638,0,0.0
test,test-20507,data/extracted/KolektorSDD2/test/20507.png,data/extracted/KolektorSDD2/test/20507_GT.png,False,225,635,0,0.0
test,test-20508,data/extracted/KolektorSDD2/test/20508.png,data/extracted/KolektorSDD2/test/20508_GT.png,False,230,634,0,0.0
test,test-20509,data/extracted/KolektorSDD2/test/20509.png,data/extracted/KolektorSDD2/test/20509_GT.png,False,230,633,0,0.0
test,test-20510,data/extracted/KolektorSDD2/test/20510.png,data/extracted/KolektorSDD2/test/20510_GT.png,False,231,642,0,0.0
test,test-20511,data/extracted/KolektorSDD2/test/20511.png,data/extracted/KolektorSDD2/test/20511_GT.png,False,223,643,0,0.0
test,test-20512,data/extracted/KolektorSDD2/test/20512.png,data/extracted/KolektorSDD2/test/20512_GT.png,False,226,634,0,0.0
test,test-20513,data/extracted/KolektorSDD2/test/20513.png,data/extracted/KolektorSDD2/test/20513_GT.png,False,222,628,0,0.0
test,test-20514,data/extracted/KolektorSDD2/test/20514.png,data/extracted/KolektorSDD2/test/20514_GT.png,False,229,634,0,0.0
test,test-20515,data/extracted/KolektorSDD2/test/20515.png,data/extracted/KolektorSDD2/test/20515_GT.png,False,230,640,0,0.0
test,test-20516,data/extracted/KolektorSDD2/test/20516.png,data/extracted/KolektorSDD2/test/20516_GT.png,False,232,637,0,0.0
test,test-20517,data/extracted/KolektorSDD2/test/20517.png,data/extracted/KolektorSDD2/test/20517_GT.png,True,233,638,7801,0.052477565353101836
test,test-20518,data/extracted/KolektorSDD2/test/20518.png,data/extracted/KolektorSDD2/test/20518_GT.png,False,236,645,0,0.0
test,test-20519,data/extracted/KolektorSDD2/test/20519.png,data/extracted/KolektorSDD2/test/20519_GT.png,False,227,636,0,0.0
test,test-20520,data/extracted/KolektorSDD2/test/20520.png,data/extracted/KolektorSDD2/test/20520_GT.png,False,226,639,0,0.0
test,test-20521,data/extracted/KolektorSDD2/test/20521.png,data/extracted/KolektorSDD2/test/20521_GT.png,False,229,638,0,0.0
test,test-20522,data/extracted/KolektorSDD2/test/20522.png,data/extracted/KolektorSDD2/test/20522_GT.png,False,232,640,0,0.0
test,test-20523,data/extracted/KolektorSDD2/test/20523.png,data/extracted/KolektorSDD2/test/20523_GT.png,True,230,642,951,0.006440471353108493
test,test-20524,data/extracted/KolektorSDD2/test/20524.png,data/extracted/KolektorSDD2/test/20524_GT.png,False,229,640,0,0.0
test,test-20525,data/extracted/KolektorSDD2/test/20525.png,data/extracted/KolektorSDD2/test/20525_GT.png,False,224,641,0,0.0
test,test-20526,data/extracted/KolektorSDD2/test/20526.png,data/extracted/KolektorSDD2/test/20526_GT.png,False,227,635,0,0.0
test,test-20527,data/extracted/KolektorSDD2/test/20527.png,data/extracted/KolektorSDD2/test/20527_GT.png,False,241,636,0,0.0
test,test-20528,data/extracted/KolektorSDD2/test/20528.png,data/extracted/KolektorSDD2/test/20528_GT.png,False,226,631,0,0.0
test,test-20529,data/extracted/KolektorSDD2/test/20529.png,data/extracted/KolektorSDD2/test/20529_GT.png,False,226,640,0,0.0
test,test-20530,data/extracted/KolektorSDD2/test/20530.png,data/extracted/KolektorSDD2/test/20530_GT.png,False,234,650,0,0.0
test,test-20531,data/extracted/KolektorSDD2/test/20531.png,data/extracted/KolektorSDD2/test/20531_GT.png,False,234,643,0,0.0
test,test-20532,data/extracted/KolektorSDD2/test/20532.png,data/extracted/KolektorSDD2/test/20532_GT.png,False,231,614,0,0.0
test,test-20533,data/extracted/KolektorSDD2/test/20533.png,data/extracted/KolektorSDD2/test/20533_GT.png,False,230,630,0,0.0
test,test-20534,data/extracted/KolektorSDD2/test/20534.png,data/extracted/KolektorSDD2/test/20534_GT.png,False,233,639,0,0.0
test,test-20535,data/extracted/KolektorSDD2/test/20535.png,data/extracted/KolektorSDD2/test/20535_GT.png,True,227,641,3504,0.02408131567553451
test,test-20536,data/extracted/KolektorSDD2/test/20536.png,data/extracted/KolektorSDD2/test/20536_GT.png,False,234,643,0,0.0
test,test-20537,data/extracted/KolektorSDD2/test/20537.png,data/extracted/KolektorSDD2/test/20537_GT.png,False,232,649,0,0.0
test,test-20538,data/extracted/KolektorSDD2/test/20538.png,data/extracted/KolektorSDD2/test/20538_GT.png,False,230,638,0,0.0
test,test-20539,data/extracted/KolektorSDD2/test/20539.png,data/extracted/KolektorSDD2/test/20539_GT.png,False,227,644,0,0.0
test,test-20540,data/extracted/KolektorSDD2/test/20540.png,data/extracted/KolektorSDD2/test/20540_GT.png,False,229,630,0,0.0
test,test-20541,data/extracted/KolektorSDD2/test/20541.png,data/extracted/KolektorSDD2/test/20541_GT.png,False,233,638,0,0.0
test,test-20542,data/extracted/KolektorSDD2/test/20542.png,data/extracted/KolektorSDD2/test/20542_GT.png,False,228,628,0,0.0
test,test-20543,data/extracted/KolektorSDD2/test/20543.png,data/extracted/KolektorSDD2/test/20543_GT.png,True,233,636,609,0.0041096445056279865
test,test-20544,data/extracted/KolektorSDD2/test/20544.png,data/extracted/KolektorSDD2/test/20544_GT.png,True,230,648,199,0.0013352120236178207
test,test-20545,data/extracted/KolektorSDD2/test/20545.png,data/extracted/KolektorSDD2/test/20545_GT.png,False,224,629,0,0.0
test,test-20546,data/extracted/KolektorSDD2/test/20546.png,data/extracted/KolektorSDD2/test/20546_GT.png,True,232,640,358,0.0024110991379310345
test,test-20547,data/extracted/KolektorSDD2/test/20547.png,data/extracted/KolektorSDD2/test/20547_GT.png,False,225,646,0,0.0
test,test-20548,data/extracted/KolektorSDD2/test/20548.png,data/extracted/KolektorSDD2/test/20548_GT.png,False,226,634,0,0.0
test,test-20549,data/extracted/KolektorSDD2/test/20549.png,data/extracted/KolektorSDD2/test/20549_GT.png,False,232,649,0,0.0
test,test-20550,data/extracted/KolektorSDD2/test/20550.png,data/extracted/KolektorSDD2/test/20550_GT.png,False,225,644,0,0.0
test,test-20551,data/extracted/KolektorSDD2/test/20551.png,data/extracted/KolektorSDD2/test/20551_GT.png,False,232,641,0,0.0
test,test-20552,data/extracted/KolektorSDD2/test/20552.png,data/extracted/KolektorSDD2/test/20552_GT.png,False,232,634,0,0.0
test,test-20553,data/extracted/KolektorSDD2/test/20553.png,data/extracted/KolektorSDD2/test/20553_GT.png,False,234,641,0,0.0
test,test-20554,data/extracted/KolektorSDD2/test/20554.png,data/extracted/KolektorSDD2/test/20554_GT.png,False,232,641,0,0.0
test,test-20555,data/extracted/KolektorSDD2/test/20555.png,data/extracted/KolektorSDD2/test/20555_GT.png,False,229,629,0,0.0
test,test-20556,data/extracted/KolektorSDD2/test/20556.png,data/extracted/KolektorSDD2/test/20556_GT.png,False,228,627,0,0.0
test,test-20557,data/extracted/KolektorSDD2/test/20557.png,data/extracted/KolektorSDD2/test/20557_GT.png,False,237,631,0,0.0
test,test-20558,data/extracted/KolektorSDD2/test/20558.png,data/extracted/KolektorSDD2/test/20558_GT.png,False,227,630,0,0.0
test,test-20559,data/extracted/KolektorSDD2/test/20559.png,data/extracted/KolektorSDD2/test/20559_GT.png,False,228,640,0,0.0
test,test-20560,data/extracted/KolektorSDD2/test/20560.png,data/extracted/KolektorSDD2/test/20560_GT.png,False,227,627,0,0.0
test,test-20561,data/extracted/KolektorSDD2/test/20561.png,data/extracted/KolektorSDD2/test/20561_GT.png,True,232,637,4131,0.027952958371677585
test,test-20562,data/extracted/KolektorSDD2/test/20562.png,data/extracted/KolektorSDD2/test/20562_GT.png,False,236,640,0,0.0
test,test-20563,data/extracted/KolektorSDD2/test/20563.png,data/extracted/KolektorSDD2/test/20563_GT.png,False,227,639,0,0.0
test,test-20564,data/extracted/KolektorSDD2/test/20564.png,data/extracted/KolektorSDD2/test/20564_GT.png,True,227,629,668,0.004678428104186072
test,test-20565,data/extracted/KolektorSDD2/test/20565.png,data/extracted/KolektorSDD2/test/20565_GT.png,False,226,640,0,0.0
test,test-20566,data/extracted/KolektorSDD2/test/20566.png,data/extracted/KolektorSDD2/test/20566_GT.png,False,226,634,0,0.0
test,test-20567,data/extracted/KolektorSDD2/test/20567.png,data/extracted/KolektorSDD2/test/20567_GT.png,False,231,634,0,0.0
test,test-20568,data/extracted/KolektorSDD2/test/20568.png,data/extracted/KolektorSDD2/test/20568_GT.png,False,227,632,0,0.0
test,test-20569,data/extracted/KolektorSDD2/test/20569.png,data/extracted/KolektorSDD2/test/20569_GT.png,False,227,635,0,0.0
test,test-20570,data/extracted/KolektorSDD2/test/20570.png,data/extracted/KolektorSDD2/test/20570_GT.png,False,226,629,0,0.0
test,test-20571,data/extracted/KolektorSDD2/test/20571.png,data/extracted/KolektorSDD2/test/20571_GT.png,False,232,636,0,0.0
test,test-20572,data/extracted/KolektorSDD2/test/20572.png,data/extracted/KolektorSDD2/test/20572_GT.png,False,224,627,0,0.0
test,test-20573,data/extracted/KolektorSDD2/test/20573.png,data/extracted/KolektorSDD2/test/20573_GT.png,False,223,632,0,0.0
test,test-20574,data/extracted/KolektorSDD2/test/20574.png,data/extracted/KolektorSDD2/test/20574_GT.png,False,230,631,0,0.0
test,test-20575,data/extracted/KolektorSDD2/test/20575.png,data/extracted/KolektorSDD2/test/20575_GT.png,False,228,646,0,0.0
test,test-20576,data/extracted/KolektorSDD2/test/20576.png,data/extracted/KolektorSDD2/test/20576_GT.png,False,233,637,0,0.0
test,test-20577,data/extracted/KolektorSDD2/test/20577.png,data/extracted/KolektorSDD2/test/20577_GT.png,False,230,636,0,0.0
test,test-20578,data/extracted/KolektorSDD2/test/20578.png,data/extracted/KolektorSDD2/test/20578_GT.png,False,230,634,0,0.0
test,test-20579,data/extracted/KolektorSDD2/test/20579.png,data/extracted/KolektorSDD2/test/20579_GT.png,False,232,642,0,0.0
test,test-20580,data/extracted/KolektorSDD2/test/20580.png,data/extracted/KolektorSDD2/test/20580_GT.png,False,237,635,0,0.0
test,test-20581,data/extracted/KolektorSDD2/test/20581.png,data/extracted/KolektorSDD2/test/20581_GT.png,False,226,639,0,0.0
test,test-20582,data/extracted/KolektorSDD2/test/20582.png,data/extracted/KolektorSDD2/test/20582_GT.png,False,228,641,0,0.0
test,test-20583,data/extracted/KolektorSDD2/test/20583.png,data/extracted/KolektorSDD2/test/20583_GT.png,False,226,640,0,0.0
test,test-20584,data/extracted/KolektorSDD2/test/20584.png,data/extracted/KolektorSDD2/test/20584_GT.png,False,226,636,0,0.0
test,test-20585,data/extracted/KolektorSDD2/test/20585.png,data/extracted/KolektorSDD2/test/20585_GT.png,False,225,647,0,0.0
test,test-20586,data/extracted/KolektorSDD2/test/20586.png,data/extracted/KolektorSDD2/test/20586_GT.png,False,235,641,0,0.0
test,test-20587,data/extracted/KolektorSDD2/test/20587.png,data/extracted/KolektorSDD2/test/20587_GT.png,True,237,637,2535,0.01679152673727719
test,test-20588,data/extracted/KolektorSDD2/test/20588.png,data/extracted/KolektorSDD2/test/20588_GT.png,False,236,638,0,0.0
test,test-20589,data/extracted/KolektorSDD2/test/20589.png,data/extracted/KolektorSDD2/test/20589_GT.png,False,237,633,0,0.0
test,test-20590,data/extracted/KolektorSDD2/test/20590.png,data/extracted/KolektorSDD2/test/20590_GT.png,False,232,641,0,0.0
test,test-20591,data/extracted/KolektorSDD2/test/20591.png,data/extracted/KolektorSDD2/test/20591_GT.png,False,227,630,0,0.0
test,test-20592,data/extracted/KolektorSDD2/test/20592.png,data/extracted/KolektorSDD2/test/20592_GT.png,False,232,630,0,0.0
test,test-20593,data/extracted/KolektorSDD2/test/20593.png,data/extracted/KolektorSDD2/test/20593_GT.png,False,226,633,0,0.0
test,test-20594,data/extracted/KolektorSDD2/test/20594.png,data/extracted/KolektorSDD2/test/20594_GT.png,False,208,634,0,0.0
test,test-20595,data/extracted/KolektorSDD2/test/20595.png,data/extracted/KolektorSDD2/test/20595_GT.png,False,226,636,0,0.0
test,test-20596,data/extracted/KolektorSDD2/test/20596.png,data/extracted/KolektorSDD2/test/20596_GT.png,False,220,633,0,0.0
test,test-20597,data/extracted/KolektorSDD2/test/20597.png,data/extracted/KolektorSDD2/test/20597_GT.png,False,226,630,0,0.0
test,test-20598,data/extracted/KolektorSDD2/test/20598.png,data/extracted/KolektorSDD2/test/20598_GT.png,False,226,628,0,0.0
test,test-20599,data/extracted/KolektorSDD2/test/20599.png,data/extracted/KolektorSDD2/test/20599_GT.png,True,227,640,3434,0.023637114537444933
test,test-20600,data/extracted/KolektorSDD2/test/20600.png,data/extracted/KolektorSDD2/test/20600_GT.png,True,233,644,3218,0.021445898755098232
test,test-20601,data/extracted/KolektorSDD2/test/20601.png,data/extracted/KolektorSDD2/test/20601_GT.png,False,229,636,0,0.0
test,test-20602,data/extracted/KolektorSDD2/test/20602.png,data/extracted/KolektorSDD2/test/20602_GT.png,False,233,644,0,0.0
test,test-20603,data/extracted/KolektorSDD2/test/20603.png,data/extracted/KolektorSDD2/test/20603_GT.png,False,238,634,0,0.0
test,test-20604,data/extracted/KolektorSDD2/test/20604.png,data/extracted/KolektorSDD2/test/20604_GT.png,False,228,625,0,0.0
test,test-20605,data/extracted/KolektorSDD2/test/20605.png,data/extracted/KolektorSDD2/test/20605_GT.png,False,226,638,0,0.0
test,test-20606,data/extracted/KolektorSDD2/test/20606.png,data/extracted/KolektorSDD2/test/20606_GT.png,False,231,642,0,0.0
test,test-20607,data/extracted/KolektorSDD2/test/20607.png,data/extracted/KolektorSDD2/test/20607_GT.png,False,235,641,0,0.0
test,test-20608,data/extracted/KolektorSDD2/test/20608.png,data/extracted/KolektorSDD2/test/20608_GT.png,False,233,642,0,0.0
test,test-20609,data/extracted/KolektorSDD2/test/20609.png,data/extracted/KolektorSDD2/test/20609_GT.png,False,228,639,0,0.0
test,test-20610,data/extracted/KolektorSDD2/test/20610.png,data/extracted/KolektorSDD2/test/20610_GT.png,False,221,642,0,0.0
test,test-20611,data/extracted/KolektorSDD2/test/20611.png,data/extracted/KolektorSDD2/test/20611_GT.png,False,233,641,0,0.0
test,test-20612,data/extracted/KolektorSDD2/test/20612.png,data/extracted/KolektorSDD2/test/20612_GT.png,False,228,636,0,0.0
test,test-20613,data/extracted/KolektorSDD2/test/20613.png,data/extracted/KolektorSDD2/test/20613_GT.png,False,229,636,0,0.0
test,test-20614,data/extracted/KolektorSDD2/test/20614.png,data/extracted/KolektorSDD2/test/20614_GT.png,False,231,634,0,0.0
test,test-20615,data/extracted/KolektorSDD2/test/20615.png,data/extracted/KolektorSDD2/test/20615_GT.png,False,206,643,0,0.0
test,test-20616,data/extracted/KolektorSDD2/test/20616.png,data/extracted/KolektorSDD2/test/20616_GT.png,False,228,638,0,0.0
test,test-20617,data/extracted/KolektorSDD2/test/20617.png,data/extracted/KolektorSDD2/test/20617_GT.png,False,232,640,0,0.0
test,test-20618,data/extracted/KolektorSDD2/test/20618.png,data/extracted/KolektorSDD2/test/20618_GT.png,False,229,638,0,0.0
test,test-20619,data/extracted/KolektorSDD2/test/20619.png,data/extracted/KolektorSDD2/test/20619_GT.png,False,228,643,0,0.0
test,test-20620,data/extracted/KolektorSDD2/test/20620.png,data/extracted/KolektorSDD2/test/20620_GT.png,False,227,625,0,0.0
test,test-20621,data/extracted/KolektorSDD2/test/20621.png,data/extracted/KolektorSDD2/test/20621_GT.png,False,230,645,0,0.0
test,test-20622,data/extracted/KolektorSDD2/test/20622.png,data/extracted/KolektorSDD2/test/20622_GT.png,False,227,628,0,0.0
test,test-20623,data/extracted/KolektorSDD2/test/20623.png,data/extracted/KolektorSDD2/test/20623_GT.png,False,226,622,0,0.0
test,test-20624,data/extracted/KolektorSDD2/test/20624.png,data/extracted/KolektorSDD2/test/20624_GT.png,True,232,637,4038,0.027323661560114763
test,test-20625,data/extracted/KolektorSDD2/test/20625.png,data/extracted/KolektorSDD2/test/20625_GT.png,True,234,639,3271,0.02187579417626366
test,test-20626,data/extracted/KolektorSDD2/test/20626.png,data/extracted/KolektorSDD2/test/20626_GT.png,False,233,640,0,0.0
test,test-20627,data/extracted/KolektorSDD2/test/20627.png,data/extracted/KolektorSDD2/test/20627_GT.png,False,236,637,0,0.0
test,test-20628,data/extracted/KolektorSDD2/test/20628.png,data/extracted/KolektorSDD2/test/20628_GT.png,False,234,638,0,0.0
test,test-20629,data/extracted/KolektorSDD2/test/20629.png,data/extracted/KolektorSDD2/test/20629_GT.png,False,228,643,0,0.0
test,test-20630,data/extracted/KolektorSDD2/test/20630.png,data/extracted/KolektorSDD2/test/20630_GT.png,False,225,630,0,0.0
test,test-20631,data/extracted/KolektorSDD2/test/20631.png,data/extracted/KolektorSDD2/test/20631_GT.png,False,226,621,0,0.0
test,test-20632,data/extracted/KolektorSDD2/test/20632.png,data/extracted/KolektorSDD2/test/20632_GT.png,True,229,642,870,0.005917642737623964
test,test-20633,data/extracted/KolektorSDD2/test/20633.png,data/extracted/KolektorSDD2/test/20633_GT.png,False,231,641,0,0.0
test,test-20634,data/extracted/KolektorSDD2/test/20634.png,data/extracted/KolektorSDD2/test/20634_GT.png,False,231,630,0,0.0
test,test-20635,data/extracted/KolektorSDD2/test/20635.png,data/extracted/KolektorSDD2/test/20635_GT.png,False,231,635,0,0.0
test,test-20636,data/extracted/KolektorSDD2/test/20636.png,data/extracted/KolektorSDD2/test/20636_GT.png,False,233,632,0,0.0
test,test-20637,data/extracted/KolektorSDD2/test/20637.png,data/extracted/KolektorSDD2/test/20637_GT.png,False,227,651,0,0.0
test,test-20638,data/extracted/KolektorSDD2/test/20638.png,data/extracted/KolektorSDD2/test/20638_GT.png,False,205,645,0,0.0
test,test-20639,data/extracted/KolektorSDD2/test/20639.png,data/extracted/KolektorSDD2/test/20639_GT.png,False,227,631,0,0.0
test,test-20640,data/extracted/KolektorSDD2/test/20640.png,data/extracted/KolektorSDD2/test/20640_GT.png,True,228,631,1200,0.008340979230961715
test,test-20641,data/extracted/KolektorSDD2/test/20641.png,data/extracted/KolektorSDD2/test/20641_GT.png,False,226,640,0,0.0
test,test-20642,data/extracted/KolektorSDD2/test/20642.png,data/extracted/KolektorSDD2/test/20642_GT.png,False,233,641,0,0.0
test,test-20643,data/extracted/KolektorSDD2/test/20643.png,data/extracted/KolektorSDD2/test/20643_GT.png,False,224,633,0,0.0
test,test-20644,data/extracted/KolektorSDD2/test/20644.png,data/extracted/KolektorSDD2/test/20644_GT.png,False,228,637,0,0.0
test,test-20645,data/extracted/KolektorSDD2/test/20645.png,data/extracted/KolektorSDD2/test/20645_GT.png,False,225,637,0,0.0
test,test-20646,data/extracted/KolektorSDD2/test/20646.png,data/extracted/KolektorSDD2/test/20646_GT.png,True,226,632,2561,0.017930155707404503
test,test-20647,data/extracted/KolektorSDD2/test/20647.png,data/extracted/KolektorSDD2/test/20647_GT.png,False,233,638,0,0.0
test,test-20648,data/extracted/KolektorSDD2/test/20648.png,data/extracted/KolektorSDD2/test/20648_GT.png,False,233,633,0,0.0
test,test-20649,data/extracted/KolektorSDD2/test/20649.png,data/extracted/KolektorSDD2/test/20649_GT.png,False,211,628,0,0.0
test,test-20650,data/extracted/KolektorSDD2/test/20650.png,data/extracted/KolektorSDD2/test/20650_GT.png,False,230,635,0,0.0
test,test-20651,data/extracted/KolektorSDD2/test/20651.png,data/extracted/KolektorSDD2/test/20651_GT.png,False,236,649,0,0.0
test,test-20652,data/extracted/KolektorSDD2/test/20652.png,data/extracted/KolektorSDD2/test/20652_GT.png,False,228,638,0,0.0
test,test-20653,data/extracted/KolektorSDD2/test/20653.png,data/extracted/KolektorSDD2/test/20653_GT.png,False,227,637,0,0.0
test,test-20654,data/extracted/KolektorSDD2/test/20654.png,data/extracted/KolektorSDD2/test/20654_GT.png,False,234,640,0,0.0
test,test-20655,data/extracted/KolektorSDD2/test/20655.png,data/extracted/KolektorSDD2/test/20655_GT.png,False,231,645,0,0.0
test,test-20656,data/extracted/KolektorSDD2/test/20656.png,data/extracted/KolektorSDD2/test/20656_GT.png,False,228,649,0,0.0
test,test-20657,data/extracted/KolektorSDD2/test/20657.png,data/extracted/KolektorSDD2/test/20657_GT.png,False,229,635,0,0.0
test,test-20658,data/extracted/KolektorSDD2/test/20658.png,data/extracted/KolektorSDD2/test/20658_GT.png,False,232,636,0,0.0
test,test-20659,data/extracted/KolektorSDD2/test/20659.png,data/extracted/KolektorSDD2/test/20659_GT.png,False,230,639,0,0.0
test,test-20660,data/extracted/KolektorSDD2/test/20660.png,data/extracted/KolektorSDD2/test/20660_GT.png,True,228,638,2179,0.014979651322664028
test,test-20661,data/extracted/KolektorSDD2/test/20661.png,data/extracted/KolektorSDD2/test/20661_GT.png,False,228,643,0,0.0
test,test-20662,data/extracted/KolektorSDD2/test/20662.png,data/extracted/KolektorSDD2/test/20662_GT.png,False,229,631,0,0.0
test,test-20663,data/extracted/KolektorSDD2/test/20663.png,data/extracted/KolektorSDD2/test/20663_GT.png,False,232,643,0,0.0
test,test-20664,data/extracted/KolektorSDD2/test/20664.png,data/extracted/KolektorSDD2/test/20664_GT.png,False,230,637,0,0.0
test,test-20665,data/extracted/KolektorSDD2/test/20665.png,data/extracted/KolektorSDD2/test/20665_GT.png,True,226,646,3809,0.02608975588372284
test,test-20666,data/extracted/KolektorSDD2/test/20666.png,data/extracted/KolektorSDD2/test/20666_GT.png,False,232,639,0,0.0
test,test-20667,data/extracted/KolektorSDD2/test/20667.png,data/extracted/KolektorSDD2/test/20667_GT.png,True,228,640,886,0.006071820175438596
test,test-20668,data/extracted/KolektorSDD2/test/20668.png,data/extracted/KolektorSDD2/test/20668_GT.png,False,229,633,0,0.0
test,test-20669,data/extracted/KolektorSDD2/test/20669.png,data/extracted/KolektorSDD2/test/20669_GT.png,True,232,641,6938,0.04665393512292216
test,test-20670,data/extracted/KolektorSDD2/test/20670.png,data/extracted/KolektorSDD2/test/20670_GT.png,False,230,635,0,0.0
test,test-20671,data/extracted/KolektorSDD2/test/20671.png,data/extracted/KolektorSDD2/test/20671_GT.png,True,195,630,17763,0.1445909645909646
test,test-20672,data/extracted/KolektorSDD2/test/20672.png,data/extracted/KolektorSDD2/test/20672_GT.png,True,231,638,975,0.0066156414118796565
test,test-20673,data/extracted/KolektorSDD2/test/20673.png,data/extracted/KolektorSDD2/test/20673_GT.png,False,228,633,0,0.0
test,test-20674,data/extracted/KolektorSDD2/test/20674.png,data/extracted/KolektorSDD2/test/20674_GT.png,False,227,633,0,0.0
test,test-20675,data/extracted/KolektorSDD2/test/20675.png,data/extracted/KolektorSDD2/test/20675_GT.png,False,233,634,0,0.0
test,test-20676,data/extracted/KolektorSDD2/test/20676.png,data/extracted/KolektorSDD2/test/20676_GT.png,False,232,634,0,0.0
test,test-20677,data/extracted/KolektorSDD2/test/20677.png,data/extracted/KolektorSDD2/test/20677_GT.png,False,228,641,0,0.0
test,test-20678,data/extracted/KolektorSDD2/test/20678.png,data/extracted/KolektorSDD2/test/20678_GT.png,False,229,639,0,0.0
test,test-20679,data/extracted/KolektorSDD2/test/20679.png,data/extracted/KolektorSDD2/test/20679_GT.png,False,232,631,0,0.0
test,test-20680,data/extracted/KolektorSDD2/test/20680.png,data/extracted/KolektorSDD2/test/20680_GT.png,False,223,641,0,0.0
test,test-20681,data/extracted/KolektorSDD2/test/20681.png,data/extracted/KolektorSDD2/test/20681_GT.png,False,228,638,0,0.0
test,test-20682,data/extracted/KolektorSDD2/test/20682.png,data/extracted/KolektorSDD2/test/20682_GT.png,True,230,629,10410,0.0719568673532868
test,test-20683,data/extracted/KolektorSDD2/test/20683.png,data/extracted/KolektorSDD2/test/20683_GT.png,False,230,643,0,0.0
test,test-20684,data/extracted/KolektorSDD2/test/20684.png,data/extracted/KolektorSDD2/test/20684_GT.png,False,231,630,0,0.0
test,test-20685,data/extracted/KolektorSDD2/test/20685.png,data/extracted/KolektorSDD2/test/20685_GT.png,True,228,627,6066,0.0424326366154621
test,test-20686,data/extracted/KolektorSDD2/test/20686.png,data/extracted/KolektorSDD2/test/20686_GT.png,False,232,641,0,0.0
test,test-20687,data/extracted/KolektorSDD2/test/20687.png,data/extracted/KolektorSDD2/test/20687_GT.png,False,237,646,0,0.0
test,test-20688,data/extracted/KolektorSDD2/test/20688.png,data/extracted/KolektorSDD2/test/20688_GT.png,False,210,640,0,0.0
test,test-20689,data/extracted/KolektorSDD2/test/20689.png,data/extracted/KolektorSDD2/test/20689_GT.png,False,227,631,0,0.0
test,test-20690,data/extracted/KolektorSDD2/test/20690.png,data/extracted/KolektorSDD2/test/20690_GT.png,False,229,632,0,0.0
test,test-20691,data/extracted/KolektorSDD2/test/20691.png,data/extracted/KolektorSDD2/test/20691_GT.png,False,226,634,0,0.0
test,test-20692,data/extracted/KolektorSDD2/test/20692.png,data/extracted/KolektorSDD2/test/20692_GT.png,False,219,629,0,0.0
test,test-20693,data/extracted/KolektorSDD2/test/20693.png,data/extracted/KolektorSDD2/test/20693_GT.png,False,228,630,0,0.0
test,test-20694,data/extracted/KolektorSDD2/test/20694.png,data/extracted/KolektorSDD2/test/20694_GT.png,False,225,636,0,0.0
test,test-20695,data/extracted/KolektorSDD2/test/20695.png,data/extracted/KolektorSDD2/test/20695_GT.png,False,226,635,0,0.0
test,test-20696,data/extracted/KolektorSDD2/test/20696.png,data/extracted/KolektorSDD2/test/20696_GT.png,False,230,642,0,0.0
test,test-20697,data/extracted/KolektorSDD2/test/20697.png,data/extracted/KolektorSDD2/test/20697_GT.png,False,230,639,0,0.0
test,test-20698,data/extracted/KolektorSDD2/test/20698.png,data/extracted/KolektorSDD2/test/20698_GT.png,False,226,638,0,0.0
test,test-20699,data/extracted/KolektorSDD2/test/20699.png,data/extracted/KolektorSDD2/test/20699_GT.png,False,230,632,0,0.0
test,test-20700,data/extracted/KolektorSDD2/test/20700.png,data/extracted/KolektorSDD2/test/20700_GT.png,False,224,625,0,0.0
test,test-20701,data/extracted/KolektorSDD2/test/20701.png,data/extracted/KolektorSDD2/test/20701_GT.png,False,233,633,0,0.0
test,test-20702,data/extracted/KolektorSDD2/test/20702.png,data/extracted/KolektorSDD2/test/20702_GT.png,False,228,628,0,0.0
test,test-20703,data/extracted/KolektorSDD2/test/20703.png,data/extracted/KolektorSDD2/test/20703_GT.png,False,226,628,0,0.0
test,test-20704,data/extracted/KolektorSDD2/test/20704.png,data/extracted/KolektorSDD2/test/20704_GT.png,False,224,632,0,0.0
test,test-20705,data/extracted/KolektorSDD2/test/20705.png,data/extracted/KolektorSDD2/test/20705_GT.png,False,231,636,0,0.0
test,test-20706,data/extracted/KolektorSDD2/test/20706.png,data/extracted/KolektorSDD2/test/20706_GT.png,False,233,636,0,0.0
test,test-20707,data/extracted/KolektorSDD2/test/20707.png,data/extracted/KolektorSDD2/test/20707_GT.png,False,231,650,0,0.0
test,test-20708,data/extracted/KolektorSDD2/test/20708.png,data/extracted/KolektorSDD2/test/20708_GT.png,False,233,640,0,0.0
test,test-20709,data/extracted/KolektorSDD2/test/20709.png,data/extracted/KolektorSDD2/test/20709_GT.png,False,232,644,0,0.0
test,test-20710,data/extracted/KolektorSDD2/test/20710.png,data/extracted/KolektorSDD2/test/20710_GT.png,False,235,632,0,0.0
test,test-20711,data/extracted/KolektorSDD2/test/20711.png,data/extracted/KolektorSDD2/test/20711_GT.png,False,223,633,0,0.0
test,test-20712,data/extracted/KolektorSDD2/test/20712.png,data/extracted/KolektorSDD2/test/20712_GT.png,False,227,629,0,0.0
test,test-20713,data/extracted/KolektorSDD2/test/20713.png,data/extracted/KolektorSDD2/test/20713_GT.png,False,234,630,0,0.0
test,test-20714,data/extracted/KolektorSDD2/test/20714.png,data/extracted/KolektorSDD2/test/20714_GT.png,False,234,644,0,0.0
test,test-20715,data/extracted/KolektorSDD2/test/20715.png,data/extracted/KolektorSDD2/test/20715_GT.png,False,229,638,0,0.0
test,test-20716,data/extracted/KolektorSDD2/test/20716.png,data/extracted/KolektorSDD2/test/20716_GT.png,False,229,645,0,0.0
test,test-20717,data/extracted/KolektorSDD2/test/20717.png,data/extracted/KolektorSDD2/test/20717_GT.png,False,225,639,0,0.0
test,test-20718,data/extracted/KolektorSDD2/test/20718.png,data/extracted/KolektorSDD2/test/20718_GT.png,False,229,640,0,0.0
test,test-20719,data/extracted/KolektorSDD2/test/20719.png,data/extracted/KolektorSDD2/test/20719_GT.png,False,204,641,0,0.0
test,test-20720,data/extracted/KolektorSDD2/test/20720.png,data/extracted/KolektorSDD2/test/20720_GT.png,False,218,633,0,0.0
test,test-20721,data/extracted/KolektorSDD2/test/20721.png,data/extracted/KolektorSDD2/test/20721_GT.png,False,230,640,0,0.0
test,test-20722,data/extracted/KolektorSDD2/test/20722.png,data/extracted/KolektorSDD2/test/20722_GT.png,False,231,635,0,0.0
test,test-20723,data/extracted/KolektorSDD2/test/20723.png,data/extracted/KolektorSDD2/test/20723_GT.png,False,230,636,0,0.0
test,test-20724,data/extracted/KolektorSDD2/test/20724.png,data/extracted/KolektorSDD2/test/20724_GT.png,True,229,639,4172,0.028510705182087186
test,test-20725,data/extracted/KolektorSDD2/test/20725.png,data/extracted/KolektorSDD2/test/20725_GT.png,False,230,638,0,0.0
test,test-20726,data/extracted/KolektorSDD2/test/20726.png,data/extracted/KolektorSDD2/test/20726_GT.png,False,228,633,0,0.0
test,test-20727,data/extracted/KolektorSDD2/test/20727.png,data/extracted/KolektorSDD2/test/20727_GT.png,False,238,643,0,0.0
test,test-20728,data/extracted/KolektorSDD2/test/20728.png,data/extracted/KolektorSDD2/test/20728_GT.png,False,236,635,0,0.0
test,test-20729,data/extracted/KolektorSDD2/test/20729.png,data/extracted/KolektorSDD2/test/20729_GT.png,False,217,636,0,0.0
test,test-20730,data/extracted/KolektorSDD2/test/20730.png,data/extracted/KolektorSDD2/test/20730_GT.png,False,231,642,0,0.0
test,test-20731,data/extracted/KolektorSDD2/test/20731.png,data/extracted/KolektorSDD2/test/20731_GT.png,False,229,637,0,0.0
test,test-20732,data/extracted/KolektorSDD2/test/20732.png,data/extracted/KolektorSDD2/test/20732_GT.png,False,226,628,0,0.0
test,test-20733,data/extracted/KolektorSDD2/test/20733.png,data/extracted/KolektorSDD2/test/20733_GT.png,False,230,637,0,0.0
test,test-20734,data/extracted/KolektorSDD2/test/20734.png,data/extracted/KolektorSDD2/test/20734_GT.png,False,230,629,0,0.0
test,test-20735,data/extracted/KolektorSDD2/test/20735.png,data/extracted/KolektorSDD2/test/20735_GT.png,False,229,636,0,0.0
test,test-20736,data/extracted/KolektorSDD2/test/20736.png,data/extracted/KolektorSDD2/test/20736_GT.png,False,226,636,0,0.0
test,test-20737,data/extracted/KolektorSDD2/test/20737.png,data/extracted/KolektorSDD2/test/20737_GT.png,False,229,635,0,0.0
test,test-20738,data/extracted/KolektorSDD2/test/20738.png,data/extracted/KolektorSDD2/test/20738_GT.png,True,234,647,1383,0.009134863076130465
test,test-20739,data/extracted/KolektorSDD2/test/20739.png,data/extracted/KolektorSDD2/test/20739_GT.png,False,232,642,0,0.0
test,test-20740,data/extracted/KolektorSDD2/test/20740.png,data/extracted/KolektorSDD2/test/20740_GT.png,False,231,630,0,0.0
test,test-20741,data/extracted/KolektorSDD2/test/20741.png,data/extracted/KolektorSDD2/test/20741_GT.png,False,231,634,0,0.0
test,test-20742,data/extracted/KolektorSDD2/test/20742.png,data/extracted/KolektorSDD2/test/20742_GT.png,False,231,637,0,0.0
test,test-20743,data/extracted/KolektorSDD2/test/20743.png,data/extracted/KolektorSDD2/test/20743_GT.png,False,231,640,0,0.0
test,test-20744,data/extracted/KolektorSDD2/test/20744.png,data/extracted/KolektorSDD2/test/20744_GT.png,True,227,640,2823,0.019431442731277532
test,test-20745,data/extracted/KolektorSDD2/test/20745.png,data/extracted/KolektorSDD2/test/20745_GT.png,False,233,642,0,0.0
test,test-20746,data/extracted/KolektorSDD2/test/20746.png,data/extracted/KolektorSDD2/test/20746_GT.png,False,231,638,0,0.0
test,test-20747,data/extracted/KolektorSDD2/test/20747.png,data/extracted/KolektorSDD2/test/20747_GT.png,True,226,631,1657,0.01161942695258264
test,test-20748,data/extracted/KolektorSDD2/test/20748.png,data/extracted/KolektorSDD2/test/20748_GT.png,False,229,627,0,0.0
test,test-20749,data/extracted/KolektorSDD2/test/20749.png,data/extracted/KolektorSDD2/test/20749_GT.png,False,229,612,0,0.0
test,test-20750,data/extracted/KolektorSDD2/test/20750.png,data/extracted/KolektorSDD2/test/20750_GT.png,False,231,646,0,0.0
test,test-20751,data/extracted/KolektorSDD2/test/20751.png,data/extracted/KolektorSDD2/test/20751_GT.png,False,235,646,0,0.0
test,test-20752,data/extracted/KolektorSDD2/test/20752.png,data/extracted/KolektorSDD2/test/20752_GT.png,False,232,641,0,0.0
test,test-20753,data/extracted/KolektorSDD2/test/20753.png,data/extracted/KolektorSDD2/test/20753_GT.png,False,229,640,0,0.0
test,test-20754,data/extracted/KolektorSDD2/test/20754.png,data/extracted/KolektorSDD2/test/20754_GT.png,True,207,636,392,0.002977546865980008
test,test-20755,data/extracted/KolektorSDD2/test/20755.png,data/extracted/KolektorSDD2/test/20755_GT.png,False,226,633,0,0.0
test,test-20756,data/extracted/KolektorSDD2/test/20756.png,data/extracted/KolektorSDD2/test/20756_GT.png,False,232,633,0,0.0
test,test-20757,data/extracted/KolektorSDD2/test/20757.png,data/extracted/KolektorSDD2/test/20757_GT.png,False,232,643,0,0.0
test,test-20758,data/extracted/KolektorSDD2/test/20758.png,data/extracted/KolektorSDD2/test/20758_GT.png,False,233,634,0,0.0
test,test-20759,data/extracted/KolektorSDD2/test/20759.png,data/extracted/KolektorSDD2/test/20759_GT.png,False,230,638,0,0.0
test,test-20760,data/extracted/KolektorSDD2/test/20760.png,data/extracted/KolektorSDD2/test/20760_GT.png,False,231,622,0,0.0
test,test-20761,data/extracted/KolektorSDD2/test/20761.png,data/extracted/KolektorSDD2/test/20761_GT.png,False,233,631,0,0.0
test,test-20762,data/extracted/KolektorSDD2/test/20762.png,data/extracted/KolektorSDD2/test/20762_GT.png,False,229,637,0,0.0
test,test-20763,data/extracted/KolektorSDD2/test/20763.png,data/extracted/KolektorSDD2/test/20763_GT.png,False,228,645,0,0.0
test,test-20764,data/extracted/KolektorSDD2/test/20764.png,data/extracted/KolektorSDD2/test/20764_GT.png,False,228,634,0,0.0
test,test-20765,data/extracted/KolektorSDD2/test/20765.png,data/extracted/KolektorSDD2/test/20765_GT.png,True,228,626,1419,0.009941987556751302
test,test-20766,data/extracted/KolektorSDD2/test/20766.png,data/extracted/KolektorSDD2/test/20766_GT.png,False,233,639,0,0.0
test,test-20767,data/extracted/KolektorSDD2/test/20767.png,data/extracted/KolektorSDD2/test/20767_GT.png,False,231,632,0,0.0
test,test-20768,data/extracted/KolektorSDD2/test/20768.png,data/extracted/KolektorSDD2/test/20768_GT.png,False,233,638,0,0.0
test,test-20769,data/extracted/KolektorSDD2/test/20769.png,data/extracted/KolektorSDD2/test/20769_GT.png,False,229,640,0,0.0
test,test-20770,data/extracted/KolektorSDD2/test/20770.png,data/extracted/KolektorSDD2/test/20770_GT.png,False,228,637,0,0.0
test,test-20771,data/extracted/KolektorSDD2/test/20771.png,data/extracted/KolektorSDD2/test/20771_GT.png,False,231,641,0,0.0
test,test-20772,data/extracted/KolektorSDD2/test/20772.png,data/extracted/KolektorSDD2/test/20772_GT.png,True,230,641,4250,0.028827240046123585
test,test-20773,data/extracted/KolektorSDD2/test/20773.png,data/extracted/KolektorSDD2/test/20773_GT.png,False,229,638,0,0.0
test,test-20774,data/extracted/KolektorSDD2/test/20774.png,data/extracted/KolektorSDD2/test/20774_GT.png,False,229,636,0,0.0
test,test-20775,data/extracted/KolektorSDD2/test/20775.png,data/extracted/KolektorSDD2/test/20775_GT.png,False,230,645,0,0.0
test,test-20776,data/extracted/KolektorSDD2/test/20776.png,data/extracted/KolektorSDD2/test/20776_GT.png,False,236,643,0,0.0
test,test-20777,data/extracted/KolektorSDD2/test/20777.png,data/extracted/KolektorSDD2/test/20777_GT.png,False,233,634,0,0.0
test,test-20778,data/extracted/KolektorSDD2/test/20778.png,data/extracted/KolektorSDD2/test/20778_GT.png,False,229,640,0,0.0
test,test-20779,data/extracted/KolektorSDD2/test/20779.png,data/extracted/KolektorSDD2/test/20779_GT.png,False,230,637,0,0.0
test,test-20780,data/extracted/KolektorSDD2/test/20780.png,data/extracted/KolektorSDD2/test/20780_GT.png,False,236,646,0,0.0
test,test-20781,data/extracted/KolektorSDD2/test/20781.png,data/extracted/KolektorSDD2/test/20781_GT.png,False,235,640,0,0.0
test,test-20782,data/extracted/KolektorSDD2/test/20782.png,data/extracted/KolektorSDD2/test/20782_GT.png,False,230,638,0,0.0
test,test-20783,data/extracted/KolektorSDD2/test/20783.png,data/extracted/KolektorSDD2/test/20783_GT.png,False,232,651,0,0.0
test,test-20784,data/extracted/KolektorSDD2/test/20784.png,data/extracted/KolektorSDD2/test/20784_GT.png,True,230,646,10421,0.07013729977116705
test,test-20785,data/extracted/KolektorSDD2/test/20785.png,data/extracted/KolektorSDD2/test/20785_GT.png,True,227,643,6232,0.04269633669267818
test,test-20786,data/extracted/KolektorSDD2/test/20786.png,data/extracted/KolektorSDD2/test/20786_GT.png,False,231,641,0,0.0
test,test-20787,data/extracted/KolektorSDD2/test/20787.png,data/extracted/KolektorSDD2/test/20787_GT.png,False,234,644,0,0.0
test,test-20788,data/extracted/KolektorSDD2/test/20788.png,data/extracted/KolektorSDD2/test/20788_GT.png,False,227,631,0,0.0
test,test-20789,data/extracted/KolektorSDD2/test/20789.png,data/extracted/KolektorSDD2/test/20789_GT.png,False,228,639,0,0.0
test,test-20790,data/extracted/KolektorSDD2/test/20790.png,data/extracted/KolektorSDD2/test/20790_GT.png,False,231,637,0,0.0
test,test-20791,data/extracted/KolektorSDD2/test/20791.png,data/extracted/KolektorSDD2/test/20791_GT.png,False,228,631,0,0.0
test,test-20792,data/extracted/KolektorSDD2/test/20792.png,data/extracted/KolektorSDD2/test/20792_GT.png,False,229,633,0,0.0
test,test-20793,data/extracted/KolektorSDD2/test/20793.png,data/extracted/KolektorSDD2/test/20793_GT.png,False,230,642,0,0.0
test,test-20794,data/extracted/KolektorSDD2/test/20794.png,data/extracted/KolektorSDD2/test/20794_GT.png,False,228,632,0,0.0
test,test-20795,data/extracted/KolektorSDD2/test/20795.png,data/extracted/KolektorSDD2/test/20795_GT.png,False,228,643,0,0.0
test,test-20796,data/extracted/KolektorSDD2/test/20796.png,data/extracted/KolektorSDD2/test/20796_GT.png,False,229,632,0,0.0
test,test-20797,data/extracted/KolektorSDD2/test/20797.png,data/extracted/KolektorSDD2/test/20797_GT.png,False,230,639,0,0.0
test,test-20798,data/extracted/KolektorSDD2/test/20798.png,data/extracted/KolektorSDD2/test/20798_GT.png,False,231,630,0,0.0
test,test-20799,data/extracted/KolektorSDD2/test/20799.png,data/extracted/KolektorSDD2/test/20799_GT.png,False,230,635,0,0.0
test,test-20800,data/extracted/KolektorSDD2/test/20800.png,data/extracted/KolektorSDD2/test/20800_GT.png,False,231,643,0,0.0
test,test-20801,data/extracted/KolektorSDD2/test/20801.png,data/extracted/KolektorSDD2/test/20801_GT.png,True,227,625,429,0.0030237885462555065
test,test-20802,data/extracted/KolektorSDD2/test/20802.png,data/extracted/KolektorSDD2/test/20802_GT.png,False,233,650,0,0.0
test,test-20803,data/extracted/KolektorSDD2/test/20803.png,data/extracted/KolektorSDD2/test/20803_GT.png,False,231,636,0,0.0
test,test-20804,data/extracted/KolektorSDD2/test/20804.png,data/extracted/KolektorSDD2/test/20804_GT.png,True,229,637,8657,0.05934614356323652
test,test-20805,data/extracted/KolektorSDD2/test/20805.png,data/extracted/KolektorSDD2/test/20805_GT.png,False,231,632,0,0.0
test,test-20806,data/extracted/KolektorSDD2/test/20806.png,data/extracted/KolektorSDD2/test/20806_GT.png,False,231,639,0,0.0
test,test-20807,data/extracted/KolektorSDD2/test/20807.png,data/extracted/KolektorSDD2/test/20807_GT.png,False,228,632,0,0.0
test,test-20808,data/extracted/KolektorSDD2/test/20808.png,data/extracted/KolektorSDD2/test/20808_GT.png,False,225,627,0,0.0
test,test-20809,data/extracted/KolektorSDD2/test/20809.png,data/extracted/KolektorSDD2/test/20809_GT.png,False,225,636,0,0.0
test,test-20810,data/extracted/KolektorSDD2/test/20810.png,data/extracted/KolektorSDD2/test/20810_GT.png,False,226,632,0,0.0
test,test-20811,data/extracted/KolektorSDD2/test/20811.png,data/extracted/KolektorSDD2/test/20811_GT.png,False,223,632,0,0.0
test,test-20812,data/extracted/KolektorSDD2/test/20812.png,data/extracted/KolektorSDD2/test/20812_GT.png,False,230,648,0,0.0
test,test-20813,data/extracted/KolektorSDD2/test/20813.png,data/extracted/KolektorSDD2/test/20813_GT.png,False,228,623,0,0.0
test,test-20814,data/extracted/KolektorSDD2/test/20814.png,data/extracted/KolektorSDD2/test/20814_GT.png,False,226,627,0,0.0
test,test-20815,data/extracted/KolektorSDD2/test/20815.png,data/extracted/KolektorSDD2/test/20815_GT.png,False,229,640,0,0.0
test,test-20816,data/extracted/KolektorSDD2/test/20816.png,data/extracted/KolektorSDD2/test/20816_GT.png,True,229,644,181,0.0012273183433236595
test,test-20817,data/extracted/KolektorSDD2/test/20817.png,data/extracted/KolektorSDD2/test/20817_GT.png,False,232,634,0,0.0
test,test-20818,data/extracted/KolektorSDD2/test/20818.png,data/extracted/KolektorSDD2/test/20818_GT.png,False,229,647,0,0.0
test,test-20819,data/extracted/KolektorSDD2/test/20819.png,data/extracted/KolektorSDD2/test/20819_GT.png,False,221,620,0,0.0
test,test-20820,data/extracted/KolektorSDD2/test/20820.png,data/extracted/KolektorSDD2/test/20820_GT.png,False,232,637,0,0.0
test,test-20821,data/extracted/KolektorSDD2/test/20821.png,data/extracted/KolektorSDD2/test/20821_GT.png,True,231,641,1300,0.008779571962099263
test,test-20822,data/extracted/KolektorSDD2/test/20822.png,data/extracted/KolektorSDD2/test/20822_GT.png,False,232,646,0,0.0
test,test-20823,data/extracted/KolektorSDD2/test/20823.png,data/extracted/KolektorSDD2/test/20823_GT.png,False,229,639,0,0.0
test,test-20824,data/extracted/KolektorSDD2/test/20824.png,data/extracted/KolektorSDD2/test/20824_GT.png,False,231,622,0,0.0
test,test-20825,data/extracted/KolektorSDD2/test/20825.png,data/extracted/KolektorSDD2/test/20825_GT.png,False,226,638,0,0.0
test,test-20826,data/extracted/KolektorSDD2/test/20826.png,data/extracted/KolektorSDD2/test/20826_GT.png,False,231,635,0,0.0
test,test-20827,data/extracted/KolektorSDD2/test/20827.png,data/extracted/KolektorSDD2/test/20827_GT.png,True,230,641,1843,0.012500847860001357
test,test-20828,data/extracted/KolektorSDD2/test/20828.png,data/extracted/KolektorSDD2/test/20828_GT.png,False,231,629,0,0.0
test,test-20829,data/extracted/KolektorSDD2/test/20829.png,data/extracted/KolektorSDD2/test/20829_GT.png,True,230,614,588,0.004163716187508852
test,test-20830,data/extracted/KolektorSDD2/test/20830.png,data/extracted/KolektorSDD2/test/20830_GT.png,False,226,632,0,0.0
test,test-20831,data/extracted/KolektorSDD2/test/20831.png,data/extracted/KolektorSDD2/test/20831_GT.png,False,230,640,0,0.0
test,test-20832,data/extracted/KolektorSDD2/test/20832.png,data/extracted/KolektorSDD2/test/20832_GT.png,False,230,641,0,0.0
test,test-20833,data/extracted/KolektorSDD2/test/20833.png,data/extracted/KolektorSDD2/test/20833_GT.png,False,227,642,0,0.0
test,test-20834,data/extracted/KolektorSDD2/test/20834.png,data/extracted/KolektorSDD2/test/20834_GT.png,True,231,633,5484,0.0375043597792413
test,test-20835,data/extracted/KolektorSDD2/test/20835.png,data/extracted/KolektorSDD2/test/20835_GT.png,False,227,633,0,0.0
test,test-20836,data/extracted/KolektorSDD2/test/20836.png,data/extracted/KolektorSDD2/test/20836_GT.png,False,229,647,0,0.0
test,test-20837,data/extracted/KolektorSDD2/test/20837.png,data/extracted/KolektorSDD2/test/20837_GT.png,False,224,638,0,0.0
test,test-20838,data/extracted/KolektorSDD2/test/20838.png,data/extracted/KolektorSDD2/test/20838_GT.png,False,229,638,0,0.0
test,test-20839,data/extracted/KolektorSDD2/test/20839.png,data/extracted/KolektorSDD2/test/20839_GT.png,False,225,643,0,0.0
test,test-20840,data/extracted/KolektorSDD2/test/20840.png,data/extracted/KolektorSDD2/test/20840_GT.png,False,228,629,0,0.0
test,test-20841,data/extracted/KolektorSDD2/test/20841.png,data/extracted/KolektorSDD2/test/20841_GT.png,False,230,637,0,0.0
test,test-20842,data/extracted/KolektorSDD2/test/20842.png,data/extracted/KolektorSDD2/test/20842_GT.png,False,230,642,0,0.0
test,test-20843,data/extracted/KolektorSDD2/test/20843.png,data/extracted/KolektorSDD2/test/20843_GT.png,False,230,638,0,0.0
test,test-20844,data/extracted/KolektorSDD2/test/20844.png,data/extracted/KolektorSDD2/test/20844_GT.png,False,236,639,0,0.0
test,test-20845,data/extracted/KolektorSDD2/test/20845.png,data/extracted/KolektorSDD2/test/20845_GT.png,False,231,642,0,0.0
test,test-20846,data/extracted/KolektorSDD2/test/20846.png,data/extracted/KolektorSDD2/test/20846_GT.png,False,227,633,0,0.0
test,test-20847,data/extracted/KolektorSDD2/test/20847.png,data/extracted/KolektorSDD2/test/20847_GT.png,False,228,633,0,0.0
test,test-20848,data/extracted/KolektorSDD2/test/20848.png,data/extracted/KolektorSDD2/test/20848_GT.png,True,231,638,8310,0.056385620648943535
test,test-20849,data/extracted/KolektorSDD2/test/20849.png,data/extracted/KolektorSDD2/test/20849_GT.png,False,230,639,0,0.0
test,test-20850,data/extracted/KolektorSDD2/test/20850.png,data/extracted/KolektorSDD2/test/20850_GT.png,False,229,636,0,0.0
test,test-20851,data/extracted/KolektorSDD2/test/20851.png,data/extracted/KolektorSDD2/test/20851_GT.png,False,228,628,0,0.0
test,test-20852,data/extracted/KolektorSDD2/test/20852.png,data/extracted/KolektorSDD2/test/20852_GT.png,False,229,630,0,0.0
test,test-20853,data/extracted/KolektorSDD2/test/20853.png,data/extracted/KolektorSDD2/test/20853_GT.png,False,227,638,0,0.0
test,test-20854,data/extracted/KolektorSDD2/test/20854.png,data/extracted/KolektorSDD2/test/20854_GT.png,False,227,626,0,0.0
test,test-20855,data/extracted/KolektorSDD2/test/20855.png,data/extracted/KolektorSDD2/test/20855_GT.png,False,230,636,0,0.0
test,test-20856,data/extracted/KolektorSDD2/test/20856.png,data/extracted/KolektorSDD2/test/20856_GT.png,False,232,638,0,0.0
test,test-20857,data/extracted/KolektorSDD2/test/20857.png,data/extracted/KolektorSDD2/test/20857_GT.png,True,231,646,5224,0.035007304357149556
test,test-20858,data/extracted/KolektorSDD2/test/20858.png,data/extracted/KolektorSDD2/test/20858_GT.png,False,230,634,0,0.0
test,test-20859,data/extracted/KolektorSDD2/test/20859.png,data/extracted/KolektorSDD2/test/20859_GT.png,False,231,643,0,0.0
test,test-20860,data/extracted/KolektorSDD2/test/20860.png,data/extracted/KolektorSDD2/test/20860_GT.png,False,230,654,0,0.0
test,test-20861,data/extracted/KolektorSDD2/test/20861.png,data/extracted/KolektorSDD2/test/20861_GT.png,False,231,627,0,0.0
test,test-20862,data/extracted/KolektorSDD2/test/20862.png,data/extracted/KolektorSDD2/test/20862_GT.png,False,230,641,0,0.0
test,test-20863,data/extracted/KolektorSDD2/test/20863.png,data/extracted/KolektorSDD2/test/20863_GT.png,False,232,638,0,0.0
test,test-20864,data/extracted/KolektorSDD2/test/20864.png,data/extracted/KolektorSDD2/test/20864_GT.png,False,231,627,0,0.0
test,test-20865,data/extracted/KolektorSDD2/test/20865.png,data/extracted/KolektorSDD2/test/20865_GT.png,False,230,639,0,0.0
test,test-20866,data/extracted/KolektorSDD2/test/20866.png,data/extracted/KolektorSDD2/test/20866_GT.png,False,229,625,0,0.0
test,test-20867,data/extracted/KolektorSDD2/test/20867.png,data/extracted/KolektorSDD2/test/20867_GT.png,False,230,636,0,0.0
test,test-20868,data/extracted/KolektorSDD2/test/20868.png,data/extracted/KolektorSDD2/test/20868_GT.png,False,233,630,0,0.0
test,test-20869,data/extracted/KolektorSDD2/test/20869.png,data/extracted/KolektorSDD2/test/20869_GT.png,False,229,640,0,0.0
test,test-20870,data/extracted/KolektorSDD2/test/20870.png,data/extracted/KolektorSDD2/test/20870_GT.png,True,230,641,5926,0.04019534694431256
test,test-20871,data/extracted/KolektorSDD2/test/20871.png,data/extracted/KolektorSDD2/test/20871_GT.png,False,229,647,0,0.0
test,test-20872,data/extracted/KolektorSDD2/test/20872.png,data/extracted/KolektorSDD2/test/20872_GT.png,False,229,631,0,0.0
test,test-20873,data/extracted/KolektorSDD2/test/20873.png,data/extracted/KolektorSDD2/test/20873_GT.png,False,229,608,0,0.0
test,test-20874,data/extracted/KolektorSDD2/test/20874.png,data/extracted/KolektorSDD2/test/20874_GT.png,False,230,632,0,0.0
test,test-20875,data/extracted/KolektorSDD2/test/20875.png,data/extracted/KolektorSDD2/test/20875_GT.png,False,229,641,0,0.0
test,test-20876,data/extracted/KolektorSDD2/test/20876.png,data/extracted/KolektorSDD2/test/20876_GT.png,False,230,634,0,0.0
test,test-20877,data/extracted/KolektorSDD2/test/20877.png,data/extracted/KolektorSDD2/test/20877_GT.png,False,231,640,0,0.0
test,test-20878,data/extracted/KolektorSDD2/test/20878.png,data/extracted/KolektorSDD2/test/20878_GT.png,False,229,632,0,0.0
test,test-20879,data/extracted/KolektorSDD2/test/20879.png,data/extracted/KolektorSDD2/test/20879_GT.png,False,230,627,0,0.0
test,test-20880,data/extracted/KolektorSDD2/test/20880.png,data/extracted/KolektorSDD2/test/20880_GT.png,False,229,632,0,0.0
test,test-20881,data/extracted/KolektorSDD2/test/20881.png,data/extracted/KolektorSDD2/test/20881_GT.png,True,228,638,8582,0.05899741516801408
test,test-20882,data/extracted/KolektorSDD2/test/20882.png,data/extracted/KolektorSDD2/test/20882_GT.png,True,228,615,11973,0.0853872486093282
test,test-20883,data/extracted/KolektorSDD2/test/20883.png,data/extracted/KolektorSDD2/test/20883_GT.png,False,228,645,0,0.0
test,test-20884,data/extracted/KolektorSDD2/test/20884.png,data/extracted/KolektorSDD2/test/20884_GT.png,True,230,642,31725,0.21485168630637952
test,test-20885,data/extracted/KolektorSDD2/test/20885.png,data/extracted/KolektorSDD2/test/20885_GT.png,False,230,642,0,0.0
test,test-20886,data/extracted/KolektorSDD2/test/20886.png,data/extracted/KolektorSDD2/test/20886_GT.png,False,229,613,0,0.0
test,test-20887,data/extracted/KolektorSDD2/test/20887.png,data/extracted/KolektorSDD2/test/20887_GT.png,False,233,643,0,0.0
test,test-20888,data/extracted/KolektorSDD2/test/20888.png,data/extracted/KolektorSDD2/test/20888_GT.png,False,232,638,0,0.0
test,test-20889,data/extracted/KolektorSDD2/test/20889.png,data/extracted/KolektorSDD2/test/20889_GT.png,False,229,638,0,0.0
test,test-20890,data/extracted/KolektorSDD2/test/20890.png,data/extracted/KolektorSDD2/test/20890_GT.png,False,228,639,0,0.0
test,test-20891,data/extracted/KolektorSDD2/test/20891.png,data/extracted/KolektorSDD2/test/20891_GT.png,True,228,635,1073,0.007411244647050698
test,test-20892,data/extracted/KolektorSDD2/test/20892.png,data/extracted/KolektorSDD2/test/20892_GT.png,True,233,633,1949,0.013214544813511517
test,test-20893,data/extracted/KolektorSDD2/test/20893.png,data/extracted/KolektorSDD2/test/20893_GT.png,False,229,630,0,0.0
test,test-20894,data/extracted/KolektorSDD2/test/20894.png,data/extracted/KolektorSDD2/test/20894_GT.png,False,230,638,0,0.0
test,test-20895,data/extracted/KolektorSDD2/test/20895.png,data/extracted/KolektorSDD2/test/20895_GT.png,True,230,644,1517,0.010241695922225224
test,test-20896,data/extracted/KolektorSDD2/test/20896.png,data/extracted/KolektorSDD2/test/20896_GT.png,False,230,614,0,0.0
test,test-20897,data/extracted/KolektorSDD2/test/20897.png,data/extracted/KolektorSDD2/test/20897_GT.png,False,229,636,0,0.0
test,test-20898,data/extracted/KolektorSDD2/test/20898.png,data/extracted/KolektorSDD2/test/20898_GT.png,False,207,630,0,0.0
test,test-20899,data/extracted/KolektorSDD2/test/20899.png,data/extracted/KolektorSDD2/test/20899_GT.png,False,230,635,0,0.0
test,test-20900,data/extracted/KolektorSDD2/test/20900.png,data/extracted/KolektorSDD2/test/20900_GT.png,False,230,640,0,0.0
test,test-20901,data/extracted/KolektorSDD2/test/20901.png,data/extracted/KolektorSDD2/test/20901_GT.png,False,230,642,0,0.0
test,test-20902,data/extracted/KolektorSDD2/test/20902.png,data/extracted/KolektorSDD2/test/20902_GT.png,True,229,638,3980,0.0272412424196794
test,test-20903,data/extracted/KolektorSDD2/test/20903.png,data/extracted/KolektorSDD2/test/20903_GT.png,False,227,640,0,0.0
test,test-20904,data/extracted/KolektorSDD2/test/20904.png,data/extracted/KolektorSDD2/test/20904_GT.png,False,230,633,0,0.0
test,test-20905,data/extracted/KolektorSDD2/test/20905.png,data/extracted/KolektorSDD2/test/20905_GT.png,False,230,627,0,0.0
test,test-20906,data/extracted/KolektorSDD2/test/20906.png,data/extracted/KolektorSDD2/test/20906_GT.png,False,211,632,0,0.0
test,test-20907,data/extracted/KolektorSDD2/test/20907.png,data/extracted/KolektorSDD2/test/20907_GT.png,False,230,638,0,0.0
test,test-20908,data/extracted/KolektorSDD2/test/20908.png,data/extracted/KolektorSDD2/test/20908_GT.png,False,229,602,0,0.0
test,test-20909,data/extracted/KolektorSDD2/test/20909.png,data/extracted/KolektorSDD2/test/20909_GT.png,False,231,638,0,0.0
test,test-20910,data/extracted/KolektorSDD2/test/20910.png,data/extracted/KolektorSDD2/test/20910_GT.png,False,226,629,0,0.0
test,test-20911,data/extracted/KolektorSDD2/test/20911.png,data/extracted/KolektorSDD2/test/20911_GT.png,False,230,626,0,0.0
test,test-20912,data/extracted/KolektorSDD2/test/20912.png,data/extracted/KolektorSDD2/test/20912_GT.png,True,229,632,1356,0.009369299651760544
test,test-20913,data/extracted/KolektorSDD2/test/20913.png,data/extracted/KolektorSDD2/test/20913_GT.png,False,229,629,0,0.0
test,test-20914,data/extracted/KolektorSDD2/test/20914.png,data/extracted/KolektorSDD2/test/20914_GT.png,False,230,629,0,0.0
test,test-20915,data/extracted/KolektorSDD2/test/20915.png,data/extracted/KolektorSDD2/test/20915_GT.png,False,230,645,0,0.0
test,test-20916,data/extracted/KolektorSDD2/test/20916.png,data/extracted/KolektorSDD2/test/20916_GT.png,False,230,637,0,0.0
test,test-20917,data/extracted/KolektorSDD2/test/20917.png,data/extracted/KolektorSDD2/test/20917_GT.png,False,229,629,0,0.0
test,test-20918,data/extracted/KolektorSDD2/test/20918.png,data/extracted/KolektorSDD2/test/20918_GT.png,False,229,638,0,0.0
test,test-20919,data/extracted/KolektorSDD2/test/20919.png,data/extracted/KolektorSDD2/test/20919_GT.png,False,228,635,0,0.0
test,test-20920,data/extracted/KolektorSDD2/test/20920.png,data/extracted/KolektorSDD2/test/20920_GT.png,False,229,622,0,0.0
test,test-20921,data/extracted/KolektorSDD2/test/20921.png,data/extracted/KolektorSDD2/test/20921_GT.png,False,230,641,0,0.0
test,test-20922,data/extracted/KolektorSDD2/test/20922.png,data/extracted/KolektorSDD2/test/20922_GT.png,True,230,601,2534,0.01833176589741735
test,test-20923,data/extracted/KolektorSDD2/test/20923.png,data/extracted/KolektorSDD2/test/20923_GT.png,False,229,637,0,0.0
test,test-20924,data/extracted/KolektorSDD2/test/20924.png,data/extracted/KolektorSDD2/test/20924_GT.png,False,230,642,0,0.0
test,test-20925,data/extracted/KolektorSDD2/test/20925.png,data/extracted/KolektorSDD2/test/20925_GT.png,False,230,642,0,0.0
test,test-20926,data/extracted/KolektorSDD2/test/20926.png,data/extracted/KolektorSDD2/test/20926_GT.png,False,230,643,0,0.0
test,test-20927,data/extracted/KolektorSDD2/test/20927.png,data/extracted/KolektorSDD2/test/20927_GT.png,False,229,633,0,0.0
test,test-20928,data/extracted/KolektorSDD2/test/20928.png,data/extracted/KolektorSDD2/test/20928_GT.png,False,231,630,0,0.0
test,test-20929,data/extracted/KolektorSDD2/test/20929.png,data/extracted/KolektorSDD2/test/20929_GT.png,False,228,634,0,0.0
test,test-20930,data/extracted/KolektorSDD2/test/20930.png,data/extracted/KolektorSDD2/test/20930_GT.png,False,229,637,0,0.0
test,test-20931,data/extracted/KolektorSDD2/test/20931.png,data/extracted/KolektorSDD2/test/20931_GT.png,False,229,626,0,0.0
test,test-20932,data/extracted/KolektorSDD2/test/20932.png,data/extracted/KolektorSDD2/test/20932_GT.png,False,229,620,0,0.0
test,test-20933,data/extracted/KolektorSDD2/test/20933.png,data/extracted/KolektorSDD2/test/20933_GT.png,False,229,636,0,0.0
test,test-20934,data/extracted/KolektorSDD2/test/20934.png,data/extracted/KolektorSDD2/test/20934_GT.png,False,229,625,0,0.0
test,test-20935,data/extracted/KolektorSDD2/test/20935.png,data/extracted/KolektorSDD2/test/20935_GT.png,False,227,636,0,0.0
test,test-20936,data/extracted/KolektorSDD2/test/20936.png,data/extracted/KolektorSDD2/test/20936_GT.png,False,229,626,0,0.0
test,test-20937,data/extracted/KolektorSDD2/test/20937.png,data/extracted/KolektorSDD2/test/20937_GT.png,False,230,634,0,0.0
test,test-20938,data/extracted/KolektorSDD2/test/20938.png,data/extracted/KolektorSDD2/test/20938_GT.png,False,227,618,0,0.0
test,test-20939,data/extracted/KolektorSDD2/test/20939.png,data/extracted/KolektorSDD2/test/20939_GT.png,False,230,632,0,0.0
test,test-20940,data/extracted/KolektorSDD2/test/20940.png,data/extracted/KolektorSDD2/test/20940_GT.png,False,227,622,0,0.0
test,test-20941,data/extracted/KolektorSDD2/test/20941.png,data/extracted/KolektorSDD2/test/20941_GT.png,True,231,638,1577,0.01070037590413766
test,test-20942,data/extracted/KolektorSDD2/test/20942.png,data/extracted/KolektorSDD2/test/20942_GT.png,True,228,622,294,0.002073108817058724
test,test-20943,data/extracted/KolektorSDD2/test/20943.png,data/extracted/KolektorSDD2/test/20943_GT.png,False,217,641,0,0.0
test,test-20944,data/extracted/KolektorSDD2/test/20944.png,data/extracted/KolektorSDD2/test/20944_GT.png,False,231,641,0,0.0
test,test-20945,data/extracted/KolektorSDD2/test/20945.png,data/extracted/KolektorSDD2/test/20945_GT.png,False,230,626,0,0.0
test,test-20946,data/extracted/KolektorSDD2/test/20946.png,data/extracted/KolektorSDD2/test/20946_GT.png,False,229,636,0,0.0
test,test-20947,data/extracted/KolektorSDD2/test/20947.png,data/extracted/KolektorSDD2/test/20947_GT.png,False,230,625,0,0.0
test,test-20948,data/extracted/KolektorSDD2/test/20948.png,data/extracted/KolektorSDD2/test/20948_GT.png,False,230,637,0,0.0
test,test-20949,data/extracted/KolektorSDD2/test/20949.png,data/extracted/KolektorSDD2/test/20949_GT.png,False,229,643,0,0.0
test,test-20950,data/extracted/KolektorSDD2/test/20950.png,data/extracted/KolektorSDD2/test/20950_GT.png,False,228,642,0,0.0
test,test-20951,data/extracted/KolektorSDD2/test/20951.png,data/extracted/KolektorSDD2/test/20951_GT.png,False,230,649,0,0.0
test,test-20952,data/extracted/KolektorSDD2/test/20952.png,data/extracted/KolektorSDD2/test/20952_GT.png,True,230,628,9748,0.06748823040708946
test,test-20953,data/extracted/KolektorSDD2/test/20953.png,data/extracted/KolektorSDD2/test/20953_GT.png,False,230,639,0,0.0
test,test-20954,data/extracted/KolektorSDD2/test/20954.png,data/extracted/KolektorSDD2/test/20954_GT.png,False,228,600,0,0.0
test,test-20955,data/extracted/KolektorSDD2/test/20955.png,data/extracted/KolektorSDD2/test/20955_GT.png,False,229,644,0,0.0
test,test-20956,data/extracted/KolektorSDD2/test/20956.png,data/extracted/KolektorSDD2/test/20956_GT.png,True,229,631,2336,0.016166201842227283
test,test-20957,data/extracted/KolektorSDD2/test/20957.png,data/extracted/KolektorSDD2/test/20957_GT.png,False,229,623,0,0.0
test,test-20958,data/extracted/KolektorSDD2/test/20958.png,data/extracted/KolektorSDD2/test/20958_GT.png,False,229,623,0,0.0
test,test-20959,data/extracted/KolektorSDD2/test/20959.png,data/extracted/KolektorSDD2/test/20959_GT.png,True,231,636,2063,0.014042037626943287
test,test-20960,data/extracted/KolektorSDD2/test/20960.png,data/extracted/KolektorSDD2/test/20960_GT.png,False,230,635,0,0.0
test,test-20961,data/extracted/KolektorSDD2/test/20961.png,data/extracted/KolektorSDD2/test/20961_GT.png,False,229,639,0,0.0
test,test-20962,data/extracted/KolektorSDD2/test/20962.png,data/extracted/KolektorSDD2/test/20962_GT.png,False,230,622,0,0.0
test,test-20963,data/extracted/KolektorSDD2/test/20963.png,data/extracted/KolektorSDD2/test/20963_GT.png,False,232,627,0,0.0
test,test-20964,data/extracted/KolektorSDD2/test/20964.png,data/extracted/KolektorSDD2/test/20964_GT.png,False,229,633,0,0.0
test,test-20965,data/extracted/KolektorSDD2/test/20965.png,data/extracted/KolektorSDD2/test/20965_GT.png,False,213,639,0,0.0
test,test-20966,data/extracted/KolektorSDD2/test/20966.png,data/extracted/KolektorSDD2/test/20966_GT.png,False,228,636,0,0.0
test,test-20967,data/extracted/KolektorSDD2/test/20967.png,data/extracted/KolektorSDD2/test/20967_GT.png,False,229,597,0,0.0
test,test-20968,data/extracted/KolektorSDD2/test/20968.png,data/extracted/KolektorSDD2/test/20968_GT.png,False,228,627,0,0.0
test,test-20969,data/extracted/KolektorSDD2/test/20969.png,data/extracted/KolektorSDD2/test/20969_GT.png,True,227,619,3390,0.024125881591027163
test,test-20970,data/extracted/KolektorSDD2/test/20970.png,data/extracted/KolektorSDD2/test/20970_GT.png,False,229,637,0,0.0
test,test-20971,data/extracted/KolektorSDD2/test/20971.png,data/extracted/KolektorSDD2/test/20971_GT.png,False,230,631,0,0.0
test,test-20972,data/extracted/KolektorSDD2/test/20972.png,data/extracted/KolektorSDD2/test/20972_GT.png,False,230,636,0,0.0
test,test-20973,data/extracted/KolektorSDD2/test/20973.png,data/extracted/KolektorSDD2/test/20973_GT.png,False,232,633,0,0.0
test,test-20974,data/extracted/KolektorSDD2/test/20974.png,data/extracted/KolektorSDD2/test/20974_GT.png,False,230,625,0,0.0
test,test-20975,data/extracted/KolektorSDD2/test/20975.png,data/extracted/KolektorSDD2/test/20975_GT.png,False,229,636,0,0.0
test,test-20976,data/extracted/KolektorSDD2/test/20976.png,data/extracted/KolektorSDD2/test/20976_GT.png,False,229,639,0,0.0
test,test-20977,data/extracted/KolektorSDD2/test/20977.png,data/extracted/KolektorSDD2/test/20977_GT.png,False,231,636,0,0.0
test,test-20978,data/extracted/KolektorSDD2/test/20978.png,data/extracted/KolektorSDD2/test/20978_GT.png,False,229,647,0,0.0
test,test-20979,data/extracted/KolektorSDD2/test/20979.png,data/extracted/KolektorSDD2/test/20979_GT.png,False,229,634,0,0.0
test,test-20980,data/extracted/KolektorSDD2/test/20980.png,data/extracted/KolektorSDD2/test/20980_GT.png,False,230,646,0,0.0
test,test-20981,data/extracted/KolektorSDD2/test/20981.png,data/extracted/KolektorSDD2/test/20981_GT.png,False,231,650,0,0.0
test,test-20982,data/extracted/KolektorSDD2/test/20982.png,data/extracted/KolektorSDD2/test/20982_GT.png,False,229,624,0,0.0
test,test-20983,data/extracted/KolektorSDD2/test/20983.png,data/extracted/KolektorSDD2/test/20983_GT.png,False,230,637,0,0.0
test,test-20984,data/extracted/KolektorSDD2/test/20984.png,data/extracted/KolektorSDD2/test/20984_GT.png,False,229,646,0,0.0
test,test-20985,data/extracted/KolektorSDD2/test/20985.png,data/extracted/KolektorSDD2/test/20985_GT.png,False,229,639,0,0.0
test,test-20986,data/extracted/KolektorSDD2/test/20986.png,data/extracted/KolektorSDD2/test/20986_GT.png,False,230,636,0,0.0
test,test-20987,data/extracted/KolektorSDD2/test/20987.png,data/extracted/KolektorSDD2/test/20987_GT.png,False,229,635,0,0.0
test,test-20988,data/extracted/KolektorSDD2/test/20988.png,data/extracted/KolektorSDD2/test/20988_GT.png,False,231,632,0,0.0
test,test-20989,data/extracted/KolektorSDD2/test/20989.png,data/extracted/KolektorSDD2/test/20989_GT.png,False,229,627,0,0.0
test,test-20990,data/extracted/KolektorSDD2/test/20990.png,data/extracted/KolektorSDD2/test/20990_GT.png,False,230,625,0,0.0
test,test-20991,data/extracted/KolektorSDD2/test/20991.png,data/extracted/KolektorSDD2/test/20991_GT.png,False,232,637,0,0.0
test,test-20992,data/extracted/KolektorSDD2/test/20992.png,data/extracted/KolektorSDD2/test/20992_GT.png,False,231,641,0,0.0
test,test-20993,data/extracted/KolektorSDD2/test/20993.png,data/extracted/KolektorSDD2/test/20993_GT.png,False,230,633,0,0.0
test,test-20994,data/extracted/KolektorSDD2/test/20994.png,data/extracted/KolektorSDD2/test/20994_GT.png,False,230,627,0,0.0
test,test-20995,data/extracted/KolektorSDD2/test/20995.png,data/extracted/KolektorSDD2/test/20995_GT.png,False,229,640,0,0.0
test,test-20996,data/extracted/KolektorSDD2/test/20996.png,data/extracted/KolektorSDD2/test/20996_GT.png,False,228,642,0,0.0
test,test-20997,data/extracted/KolektorSDD2/test/20997.png,data/extracted/KolektorSDD2/test/20997_GT.png,False,229,631,0,0.0
test,test-20998,data/extracted/KolektorSDD2/test/20998.png,data/extracted/KolektorSDD2/test/20998_GT.png,False,232,636,0,0.0
test,test-20999,data/extracted/KolektorSDD2/test/20999.png,data/extracted/KolektorSDD2/test/20999_GT.png,False,230,643,0,0.0
test,test-21000,data/extracted/KolektorSDD2/test/21000.png,data/extracted/KolektorSDD2/test/21000_GT.png,False,232,641,0,0.0
test,test-21001,data/extracted/KolektorSDD2/test/21001.png,data/extracted/KolektorSDD2/test/21001_GT.png,False,229,645,0,0.0
test,test-21002,data/extracted/KolektorSDD2/test/21002.png,data/extracted/KolektorSDD2/test/21002_GT.png,False,229,626,0,0.0
test,test-21003,data/extracted/KolektorSDD2/test/21003.png,data/extracted/KolektorSDD2/test/21003_GT.png,False,229,634,0,0.0
