sample_id,official_split,development_split,image_path,mask_path,has_defect,image_sha256
train-10000,train,train,data/extracted/KolektorSDD2/train/10000.png,data/extracted/KolektorSDD2/train/10000_GT.png,False,03863c70fe3c6f59c5165a5cb24611c48c5bb7e36d2e7d1cce071279afc212dc
train-10001,train,train,data/extracted/KolektorSDD2/train/10001.png,data/extracted/KolektorSDD2/train/10001_GT.png,False,7b2002a72a8f73a52a488e167c3369cb57a73ae37d479186f52a21a1eba953ad
train-10002,train,train,data/extracted/KolektorSDD2/train/10002.png,data/extracted/KolektorSDD2/train/10002_GT.png,False,3609270dfd5b46991f365ce586f608d753874227737641d256ae27dc67f1b5ca
train-10003,train,train,data/extracted/KolektorSDD2/train/10003.png,data/extracted/KolektorSDD2/train/10003_GT.png,False,8a5be59c82782c0755771178339c552aba6f09c3e091e7e721cbda28ddf3d68d
train-10004,train,train,data/extracted/KolektorSDD2/train/10004.png,data/extracted/KolektorSDD2/train/10004_GT.png,False,04c7b19d065da2b85fbb43382dde417af57a6c8a2f8dab81d1b5009e485976a7
train-10005,train,train,data/extracted/KolektorSDD2/train/10005.png,data/extracted/KolektorSDD2/train/10005_GT.png,False,2fa4fc73bbd1f0339e4328d0dc73d2071f0e5a395369e54a1ae7e28afbfbe556
train-10006,train,train,data/extracted/KolektorSDD2/train/10006.png,data/extracted/KolektorSDD2/train/10006_GT.png,False,dcdc6fa8b35c7afa6360454316f07f53bef7fe7369131fd789b0751dbdcfec80
train-10007,train,train,data/extracted/KolektorSDD2/train/10007.png,data/extracted/KolektorSDD2/train/10007_GT.png,False,6a5fc7724c4ca3d90a7fee922665ddc186b0aad9437c35325d5f3de9b1393960
train-10008,train,train,data/extracted/KolektorSDD2/train/10008.png,data/extracted/KolektorSDD2/train/10008_GT.png,False,4f8c22f3d02ce40681d5022fa2c0ad4311c704ffe730743e8ac03b47097d693b
train-10009,train,train,data/extracted/KolektorSDD2/train/10009.png,data/extracted/KolektorSDD2/train/10009_GT.png,False,be2fae570271af9d88252107e5784fbe7ca0221467f8f9079cce625451c9c1c3
train-10010,train,train,data/extracted/KolektorSDD2/train/10010.png,data/extracted/KolektorSDD2/train/10010_GT.png,False,314a1a24bdf61e560c87e785c96d212202d06be1968787d542cc7fb91b12baeb
train-10011,train,train,data/extracted/KolektorSDD2/train/10011.png,data/extracted/KolektorSDD2/train/10011_GT.png,False,e501e0f4d5675f5b82779213347aff8b11a3beb4ae19270dfd9100337ac43f22
train-10012,train,validation,data/extracted/KolektorSDD2/train/10012.png,data/extracted/KolektorSDD2/train/10012_GT.png,False,b9ee7d2b4a0837dd77cc4763c3b53e296ecd6977a109b1921fcfba3dbb388609
train-10013,train,validation,data/extracted/KolektorSDD2/train/10013.png,data/extracted/KolektorSDD2/train/10013_GT.png,False,dd05b73487b84ae91e89a5a11f48c68c71c4b35a42d6578160bf7cc0e6e4e327
train-10014,train,train,data/extracted/KolektorSDD2/train/10014.png,data/extracted/KolektorSDD2/train/10014_GT.png,False,ddde30f43e92421ba000db465066a989bbae34aa253089340704f4bb0ab9a93d
train-10015,train,train,data/extracted/KolektorSDD2/train/10015.png,data/extracted/KolektorSDD2/train/10015_GT.png,False,9a643f25e49f87da0f8691df1239a1d71d6fc2597d9c1f74456a7a6b1fa008fc
train-10016,train,train,data/extracted/KolektorSDD2/train/10016.png,data/extracted/KolektorSDD2/train/10016_GT.png,False,9328ea6981bb1b4cb8442b6f578e03b734c28e123a9d4914c3b50162e5474e28
train-10017,train,train,data/extracted/KolektorSDD2/train/10017.png,data/extracted/KolektorSDD2/train/10017_GT.png,False,840c574bb7e3cf44f9f33f5908b37bfa8bd2f3d58155c6389ab2c53dd4de5667
train-10018,train,train,data/extracted/KolektorSDD2/train/10018.png,data/extracted/KolektorSDD2/train/10018_GT.png,False,37b2f1349ca5f0e15ae825e75ac70397709990e88db138052e4274e7997ecb5c
train-10019,train,validation,data/extracted/KolektorSDD2/train/10019.png,data/extracted/KolektorSDD2/train/10019_GT.png,False,38192358385a1bb48e8e73bc9c2048d88e3d22904bcdf4add241b475ac21b59e
train-10020,train,train,data/extracted/KolektorSDD2/train/10020.png,data/extracted/KolektorSDD2/train/10020_GT.png,False,f593529957b461f6073c4fbc0ea564127f15a8bf37f95504fc66df2704f56d8f
train-10021,train,train,data/extracted/KolektorSDD2/train/10021.png,data/extracted/KolektorSDD2/train/10021_GT.png,True,a33acfe86da9f75b7b1d4f69dd694fde207878b07f7e5be703add3bc6984ebb5
train-10022,train,train,data/extracted/KolektorSDD2/train/10022.png,data/extracted/KolektorSDD2/train/10022_GT.png,False,e2ed0f230f2c8304ae26c2eb4b9c3884d0e3668b927b9517ec3d07d14fe154d7
train-10023,train,train,data/extracted/KolektorSDD2/train/10023.png,data/extracted/KolektorSDD2/train/10023_GT.png,False,3f26c4b5960642ebe1fbe9152b8fbe4991a11f6982e0a944366ac5549bfbb93b
train-10024,train,validation,data/extracted/KolektorSDD2/train/10024.png,data/extracted/KolektorSDD2/train/10024_GT.png,False,f2d2951cb269af716e6da8494ea90bed9f7eddda3c7d239f142bba781dd891a0
train-10025,train,train,data/extracted/KolektorSDD2/train/10025.png,data/extracted/KolektorSDD2/train/10025_GT.png,False,1de4bcc94f0437867b1dab36943b043f003c40a2afbbf8871edb1a6accaf3b3e
train-10026,train,validation,data/extracted/KolektorSDD2/train/10026.png,data/extracted/KolektorSDD2/train/10026_GT.png,False,cce63d2cf8c11c9a5c613dbf430dbece1c27782ae909afd6c1401ac7b05b2af8
train-10027,train,train,data/extracted/KolektorSDD2/train/10027.png,data/extracted/KolektorSDD2/train/10027_GT.png,False,b8ec59c799fcd8045d0c1766b535b70fae46331d320b9e04fcd1508d6aa2bde5
train-10028,train,train,data/extracted/KolektorSDD2/train/10028.png,data/extracted/KolektorSDD2/train/10028_GT.png,True,18d3157a3e6b26f30d793709eb6f5268be225129757126b95606f18b5f33c387
train-10029,train,train,data/extracted/KolektorSDD2/train/10029.png,data/extracted/KolektorSDD2/train/10029_GT.png,False,eb2de52f1d549bae9ad2c70a6ec49116668f690fa7775d3593ca8067df0d8077
train-10030,train,validation,data/extracted/KolektorSDD2/train/10030.png,data/extracted/KolektorSDD2/train/10030_GT.png,False,71d8f221ad73855eb3501ac776f380819fcf23c18067f1ef3bdbadf4ca14f032
train-10031,train,train,data/extracted/KolektorSDD2/train/10031.png,data/extracted/KolektorSDD2/train/10031_GT.png,False,eba453471f6ab43a574eb97a154c9c154e749112a1dbfb79ed601a08ee72712c
train-10032,train,validation,data/extracted/KolektorSDD2/train/10032.png,data/extracted/KolektorSDD2/train/10032_GT.png,False,4c070863a953fdb036bb3fe99ed9195b9c15175370b1b3d76a71f42157251552
train-10033,train,train,data/extracted/KolektorSDD2/train/10033.png,data/extracted/KolektorSDD2/train/10033_GT.png,False,68d2cc9d13c8d0a2fb56d7d93cc4b77e27ca3ca47e813779ad6cf4c64e09d352
train-10034,train,train,data/extracted/KolektorSDD2/train/10034.png,data/extracted/KolektorSDD2/train/10034_GT.png,False,9198f531b7deda8431993fd2c242e0d55d058146d4f49d6e9800202ef2c6c8e0
train-10035,train,train,data/extracted/KolektorSDD2/train/10035.png,data/extracted/KolektorSDD2/train/10035_GT.png,False,d2c4fc7b6a349f0aa9d28927f40db5c7af5292d050c160d2badeab61c3a55f17
train-10036,train,validation,data/extracted/KolektorSDD2/train/10036.png,data/extracted/KolektorSDD2/train/10036_GT.png,False,35292b4a59aa1aea5f5a9316531041e3125cfa96cba5a1b135219a14c09ed71c
train-10037,train,train,data/extracted/KolektorSDD2/train/10037.png,data/extracted/KolektorSDD2/train/10037_GT.png,False,341835845e18e979a52f9df32e242b1a214d5acb6294965ec0250d8347cf79db
train-10038,train,validation,data/extracted/KolektorSDD2/train/10038.png,data/extracted/KolektorSDD2/train/10038_GT.png,False,1f4f199e8bb04598aff1876476911a90ce3f188e8f218efa6a38c9313fc8bf60
train-10039,train,train,data/extracted/KolektorSDD2/train/10039.png,data/extracted/KolektorSDD2/train/10039_GT.png,False,41f8e8c360aa22967f6b88c2336695c3b219afff6f774ae124f5a9b3489f28f9
train-10040,train,train,data/extracted/KolektorSDD2/train/10040.png,data/extracted/KolektorSDD2/train/10040_GT.png,False,df909a6f82379d8f6c755e9bf38b2625f18a6e8cdcf6b49abe0e9d48d91746ab
train-10041,train,train,data/extracted/KolektorSDD2/train/10041.png,data/extracted/KolektorSDD2/train/10041_GT.png,False,809057f17ef01882e1d6f4890c0c04a5d863b3de34867f498e3676aecfc4a0e5
train-10042,train,train,data/extracted/KolektorSDD2/train/10042.png,data/extracted/KolektorSDD2/train/10042_GT.png,False,496eba4a42efa4b999fdb5500b7007c7dc713f0ef38ff916ab58f07693f67d22
train-10043,train,validation,data/extracted/KolektorSDD2/train/10043.png,data/extracted/KolektorSDD2/train/10043_GT.png,False,bd6b602a04f8e0def9074a9c4e6b5dd7c8b94e08e3850880f9c7e692d4fdacfc
train-10044,train,train,data/extracted/KolektorSDD2/train/10044.png,data/extracted/KolektorSDD2/train/10044_GT.png,False,56b81beeb124619169b5391bc81088778f4af667a83d47fe1fd93d6f1a1f0cb7
train-10045,train,train,data/extracted/KolektorSDD2/train/10045.png,data/extracted/KolektorSDD2/train/10045_GT.png,True,a72094299cec4428a6be82b00840a3a646ea2b7d2e630cfd85fa4bdf362421de
train-10046,train,train,data/extracted/KolektorSDD2/train/10046.png,data/extracted/KolektorSDD2/train/10046_GT.png,False,b2bd8167fb5350bcb2eb79317a4f597106171d55373153b14945c200351cc180
train-10047,train,train,data/extracted/KolektorSDD2/train/10047.png,data/extracted/KolektorSDD2/train/10047_GT.png,True,f7730d2e3880824b03405bb49f8251e0a79708804da1381c1ba97bc06d03ffe9
train-10048,train,train,data/extracted/KolektorSDD2/train/10048.png,data/extracted/KolektorSDD2/train/10048_GT.png,False,67a64b9bf82a6cc4e061686572e7a6a7af38764a9148a87eb35e408120b6bb99
train-10049,train,train,data/extracted/KolektorSDD2/train/10049.png,data/extracted/KolektorSDD2/train/10049_GT.png,False,1aeb42ee940cea2d4afedec41e9b25450740610d56ab09ae1a86a6f0122c615c
train-10050,train,train,data/extracted/KolektorSDD2/train/10050.png,data/extracted/KolektorSDD2/train/10050_GT.png,False,81f5e4cc37373a4b8247f0c1ce737caeddd9b7cd9bc18253ccc586c2739b3165
train-10051,train,train,data/extracted/KolektorSDD2/train/10051.png,data/extracted/KolektorSDD2/train/10051_GT.png,False,d166d463a169cd35de13f9edd57f35b241c1594d4daef51cd80325dc1070aa15
train-10052,train,validation,data/extracted/KolektorSDD2/train/10052.png,data/extracted/KolektorSDD2/train/10052_GT.png,False,201a66329bad48db85c1d6c85b8ed8b580ee0f5251e93705c80aaf28acdfc155
train-10053,train,train,data/extracted/KolektorSDD2/train/10053.png,data/extracted/KolektorSDD2/train/10053_GT.png,False,abb2827f8c3ec3acdccd7b2cd07fd6323681cd6e9ad9d2bd31bc1d9afc442e63
train-10054,train,train,data/extracted/KolektorSDD2/train/10054.png,data/extracted/KolektorSDD2/train/10054_GT.png,False,fbab93987eaddbfe2258d3e53287f542392d29c10dd3ee6cbb926d261fa05946
train-10055,train,train,data/extracted/KolektorSDD2/train/10055.png,data/extracted/KolektorSDD2/train/10055_GT.png,False,daf6a4f8dd4625b969f73cdef8404021d94277ee08a9235ac57c48b2d799bfd4
train-10056,train,train,data/extracted/KolektorSDD2/train/10056.png,data/extracted/KolektorSDD2/train/10056_GT.png,False,8a503eb5516abf21a1e9196ab90d10a01cf18a38d344c581a8748deda72d53a8
train-10057,train,train,data/extracted/KolektorSDD2/train/10057.png,data/extracted/KolektorSDD2/train/10057_GT.png,True,6ded7251e1073d92197c5b8834a9293e824ce1e69774d8a3534dcdfd85392651
train-10058,train,train,data/extracted/KolektorSDD2/train/10058.png,data/extracted/KolektorSDD2/train/10058_GT.png,False,f959ada28ac9a026929ab674ec75e970a773367e9f72ac95ba57860f653d6e82
train-10059,train,train,data/extracted/KolektorSDD2/train/10059.png,data/extracted/KolektorSDD2/train/10059_GT.png,False,e63ee7f6f3b8ad691a075306afd6f91ffff705c6a1dc63d4a28d93920f22e9a1
train-10060,train,train,data/extracted/KolektorSDD2/train/10060.png,data/extracted/KolektorSDD2/train/10060_GT.png,True,9bb9ee952622490cbf0b5e9e4b8514fbb6acb8e5be43b8a5eab51ac60541bf22
train-10061,train,validation,data/extracted/KolektorSDD2/train/10061.png,data/extracted/KolektorSDD2/train/10061_GT.png,False,c0bd1eaa5e04ad411543558c1a14cc4c6895bc7326f1a2015eff822d677d6972
train-10062,train,train,data/extracted/KolektorSDD2/train/10062.png,data/extracted/KolektorSDD2/train/10062_GT.png,False,9b5955e2d6e4f79228a69603dd67aec7fbb21b6008afec7fb03fdd67469a83ad
train-10063,train,train,data/extracted/KolektorSDD2/train/10063.png,data/extracted/KolektorSDD2/train/10063_GT.png,False,6bbf2ac79d239cd2641d0deb148bc5f8eb99e9820a704f7b8407f2c783b483e1
train-10064,train,train,data/extracted/KolektorSDD2/train/10064.png,data/extracted/KolektorSDD2/train/10064_GT.png,False,27bc31593d80c88e1385932c0de5766fb5f6655ead1333cba67f21c1ce0dc186
train-10065,train,train,data/extracted/KolektorSDD2/train/10065.png,data/extracted/KolektorSDD2/train/10065_GT.png,True,4350854b4eae00af73233783385574f8b904b4ffa8cc4a8fa4fdee24ded3e300
train-10066,train,train,data/extracted/KolektorSDD2/train/10066.png,data/extracted/KolektorSDD2/train/10066_GT.png,False,3d7cf40e32c53ae9d5d64841c859e07f36197369049ddd424c9a73e24c55e556
train-10067,train,train,data/extracted/KolektorSDD2/train/10067.png,data/extracted/KolektorSDD2/train/10067_GT.png,False,ea0cc109711cf956f4631361b45a6327960403ce289ba383a1b50b8e8e63bf1f
train-10068,train,train,data/extracted/KolektorSDD2/train/10068.png,data/extracted/KolektorSDD2/train/10068_GT.png,False,a10c1b98e83314557e45dd7e464ce36576f38580e2959100b9d06b741ba8daf2
train-10069,train,train,data/extracted/KolektorSDD2/train/10069.png,data/extracted/KolektorSDD2/train/10069_GT.png,False,93a4cdee3d03033b694f030e2240ddb756d24f4c0df3e45b84020b36a7f88fc9
train-10070,train,train,data/extracted/KolektorSDD2/train/10070.png,data/extracted/KolektorSDD2/train/10070_GT.png,False,f5a8e2d058e5284b3e4096e9ada7e33d9498c00ea2544a1d0e4bac395029cd61
train-10071,train,train,data/extracted/KolektorSDD2/train/10071.png,data/extracted/KolektorSDD2/train/10071_GT.png,False,86b8578da55d0c2de2a13c842298edcb7995756d385f2d1d04ccdadbdef889c8
train-10072,train,train,data/extracted/KolektorSDD2/train/10072.png,data/extracted/KolektorSDD2/train/10072_GT.png,False,039da828942ab63edf22d10c263a089234046d51b76fca10f160b0b644246a5d
train-10073,train,validation,data/extracted/KolektorSDD2/train/10073.png,data/extracted/KolektorSDD2/train/10073_GT.png,False,709ab1206f12789bdba483f220cada4678574434fe21e34a1661a52dc01cf520
train-10074,train,train,data/extracted/KolektorSDD2/train/10074.png,data/extracted/KolektorSDD2/train/10074_GT.png,False,69556c2da4fc30d93435451d4706ec8a95736ef698255f550d3c3a5b9390e95f
train-10075,train,train,data/extracted/KolektorSDD2/train/10075.png,data/extracted/KolektorSDD2/train/10075_GT.png,False,40ac4750694d26ec3b86c145fdccd795c7f94b57452501e45bae264f30c2fd04
train-10076,train,validation,data/extracted/KolektorSDD2/train/10076.png,data/extracted/KolektorSDD2/train/10076_GT.png,False,914d593cf0bba9e193ad2a0acc0cddbb506694625f14c51781683ac1d15a8c9f
train-10077,train,train,data/extracted/KolektorSDD2/train/10077.png,data/extracted/KolektorSDD2/train/10077_GT.png,False,d8868e7ec77870d25e483c201eb4f2893a2ea4c90633063ad32ff4b7f34d8291
train-10078,train,train,data/extracted/KolektorSDD2/train/10078.png,data/extracted/KolektorSDD2/train/10078_GT.png,False,6023f0373ef67e3dfa7f38672cc2549f81cc0e71fdf443adc332237da220d277
train-10079,train,train,data/extracted/KolektorSDD2/train/10079.png,data/extracted/KolektorSDD2/train/10079_GT.png,False,04a88893d815960c5ca3f9161a15376c2ed0a3da3aae371d2da87610a4c6a5ce
train-10080,train,validation,data/extracted/KolektorSDD2/train/10080.png,data/extracted/KolektorSDD2/train/10080_GT.png,False,a68bffa372be6ca235c3f44f11ca915b8cd799d5ca8af44ab7a87e1a30295492
train-10081,train,validation,data/extracted/KolektorSDD2/train/10081.png,data/extracted/KolektorSDD2/train/10081_GT.png,False,e93a9ea3e7140bd4c3f27d8d549c95c7cd7e60740f2e71a9dd86beebcfad705d
train-10082,train,validation,data/extracted/KolektorSDD2/train/10082.png,data/extracted/KolektorSDD2/train/10082_GT.png,False,3c8627730a5debbbe105720679e803b8c1a933590068d6f58b183e7b70e76df6
train-10083,train,train,data/extracted/KolektorSDD2/train/10083.png,data/extracted/KolektorSDD2/train/10083_GT.png,False,00f846bbfe4ad2b3458274cf962d5b99ba514a3a15a2ab6def05e03d6771dcd9
train-10084,train,train,data/extracted/KolektorSDD2/train/10084.png,data/extracted/KolektorSDD2/train/10084_GT.png,True,fcf81b175db58157b90c0d14a3cb3f392534b0073df13a44db44a273cdbb4c9a
train-10085,train,train,data/extracted/KolektorSDD2/train/10085.png,data/extracted/KolektorSDD2/train/10085_GT.png,False,40ec6ee0a61eaba9f1869c9b8ed4eaaf555ecc4cfab0c20473254b6deb16c0ad
train-10086,train,train,data/extracted/KolektorSDD2/train/10086.png,data/extracted/KolektorSDD2/train/10086_GT.png,False,d76dbc416c322eef39428f7af50e5f9829704619521f92b197662ca5cbbd51af
train-10087,train,train,data/extracted/KolektorSDD2/train/10087.png,data/extracted/KolektorSDD2/train/10087_GT.png,False,40c7ebb4cc6a1bbdb024c27913dcd260a53e50f2769bb81d30554bf9c186a947
train-10088,train,train,data/extracted/KolektorSDD2/train/10088.png,data/extracted/KolektorSDD2/train/10088_GT.png,False,85ea27a39d676904d9d3acba99a0daa00c50ede5c946354bcd3b643d059e0d09
train-10089,train,train,data/extracted/KolektorSDD2/train/10089.png,data/extracted/KolektorSDD2/train/10089_GT.png,False,522c5b66d594f1d0612de28cd59858e75a57665a18251a650b51b816b558f381
train-10090,train,train,data/extracted/KolektorSDD2/train/10090.png,data/extracted/KolektorSDD2/train/10090_GT.png,True,46c46568c115987c68e844f382874d01e92237730b9e4ac008a5358ccbc84040
train-10091,train,train,data/extracted/KolektorSDD2/train/10091.png,data/extracted/KolektorSDD2/train/10091_GT.png,False,310a810ec5a6f7afccce569b683d6b2c581f684fc3ec2ab754d5774f8622167d
train-10092,train,train,data/extracted/KolektorSDD2/train/10092.png,data/extracted/KolektorSDD2/train/10092_GT.png,False,0477a066975ead65f5afb848bea0619f79b479e0f85e18bb7b26ca5253cab5cc
train-10093,train,train,data/extracted/KolektorSDD2/train/10093.png,data/extracted/KolektorSDD2/train/10093_GT.png,False,a2d2f4dfa28882c0862d59ecbfd19dc93635fb38ab28678264f12377509cc182
train-10094,train,train,data/extracted/KolektorSDD2/train/10094.png,data/extracted/KolektorSDD2/train/10094_GT.png,False,ad91219116b82f8a1368670983d1f6fa16406d7d637cebddefa2b399a3082ea5
train-10095,train,train,data/extracted/KolektorSDD2/train/10095.png,data/extracted/KolektorSDD2/train/10095_GT.png,False,145a4aa4483089f4a942f70f16a35d5e9f80a189491d0e87bbec3e43506600c4
train-10096,train,train,data/extracted/KolektorSDD2/train/10096.png,data/extracted/KolektorSDD2/train/10096_GT.png,False,2f89427f579723c5675705239a24d5ede47738961fff127d1a43e1efda732daa
train-10097,train,train,data/extracted/KolektorSDD2/train/10097.png,data/extracted/KolektorSDD2/train/10097_GT.png,False,da4a312b9faaa8b519beb41d9fed1e98617ea85ae3cbcef327af61907bdce433
train-10098,train,train,data/extracted/KolektorSDD2/train/10098.png,data/extracted/KolektorSDD2/train/10098_GT.png,False,57b7bb7abb5530bd2147938d82108caa94b22ac2a4716a436dc2f18bd44e1342
train-10099,train,train,data/extracted/KolektorSDD2/train/10099.png,data/extracted/KolektorSDD2/train/10099_GT.png,False,5ab67db1bd3fc2910eb7c9594f27c6d1526ab21e1350556b6ec27f271c6a65e7
train-10100,train,train,data/extracted/KolektorSDD2/train/10100.png,data/extracted/KolektorSDD2/train/10100_GT.png,False,b3a50f4bbc053efc7533a8de30e0836e998ced52c6cffe354e490b9071de5831
train-10101,train,train,data/extracted/KolektorSDD2/train/10101.png,data/extracted/KolektorSDD2/train/10101_GT.png,False,74f2dce73f414b56e4548f1e34b84cd2fbc5bbbbe258c9a57776c94ce1bc4f48
train-10102,train,validation,data/extracted/KolektorSDD2/train/10102.png,data/extracted/KolektorSDD2/train/10102_GT.png,False,22e74397da598cc93dbc80a5d2006f819a6f857ea752fcf397ae38287e5d1e92
train-10103,train,train,data/extracted/KolektorSDD2/train/10103.png,data/extracted/KolektorSDD2/train/10103_GT.png,False,76d2e7def3cb0c4b424f8488a88fef3850857dc29a26f35a6073d67a571d2660
train-10104,train,train,data/extracted/KolektorSDD2/train/10104.png,data/extracted/KolektorSDD2/train/10104_GT.png,False,ca0124a0f650a88aedb1e8625b10cac1ddfcc129977e15411cc1e2f52bdb7d82
train-10105,train,train,data/extracted/KolektorSDD2/train/10105.png,data/extracted/KolektorSDD2/train/10105_GT.png,False,6a436b41b4cf5917db51b45e0ee73616d9b8bfed4074fd67d8ebda6e8b2cbee0
train-10106,train,train,data/extracted/KolektorSDD2/train/10106.png,data/extracted/KolektorSDD2/train/10106_GT.png,False,0c974308364ff19a15ce3710222aeca0f403b14f2e0b9824bf4558b44e7ad9d5
train-10107,train,train,data/extracted/KolektorSDD2/train/10107.png,data/extracted/KolektorSDD2/train/10107_GT.png,False,bb5a9201fc0dedbb0c937fb01e4d0dd6891d3ee559055bdf6f4038641c9575a9
train-10108,train,train,data/extracted/KolektorSDD2/train/10108.png,data/extracted/KolektorSDD2/train/10108_GT.png,False,969c8767975bca9e9b1eb6ec9cc9c8f4102083f2a28367a363bc4bdf94cc3d85
train-10109,train,validation,data/extracted/KolektorSDD2/train/10109.png,data/extracted/KolektorSDD2/train/10109_GT.png,False,ffb59378404527e76c618cad2db15a413dfa5b302cd08391033a1f9b5e3104fa
train-10110,train,train,data/extracted/KolektorSDD2/train/10110.png,data/extracted/KolektorSDD2/train/10110_GT.png,False,c998abf9336d02a340195c0cbac136c269baa97d7e0a37e59a5811969910f056
train-10111,train,train,data/extracted/KolektorSDD2/train/10111.png,data/extracted/KolektorSDD2/train/10111_GT.png,False,d91b26bc3fcb68d2b1c9c33f72f58d933340dd137a4e2abf5e96fe4786b903a5
train-10112,train,train,data/extracted/KolektorSDD2/train/10112.png,data/extracted/KolektorSDD2/train/10112_GT.png,False,fb2d1beefda934b7e3eef19490e53aa66c356f4304967dcdde817043306a0e8f
train-10113,train,train,data/extracted/KolektorSDD2/train/10113.png,data/extracted/KolektorSDD2/train/10113_GT.png,False,3b95adfe757c717b20ae2c1e8a6f9773cd8d00633ee9fb59f439bfc4511c7d1f
train-10114,train,train,data/extracted/KolektorSDD2/train/10114.png,data/extracted/KolektorSDD2/train/10114_GT.png,False,a22ea3eeeb43a00831a8d27d16679d9115239609a5283a0298531c238685c526
train-10115,train,train,data/extracted/KolektorSDD2/train/10115.png,data/extracted/KolektorSDD2/train/10115_GT.png,False,6a5cf667ffc5fd118b0c048b189e2bd0c2eabf738918e1698b052d054723ccf5
train-10116,train,validation,data/extracted/KolektorSDD2/train/10116.png,data/extracted/KolektorSDD2/train/10116_GT.png,False,8d6e14f98701eeaea5cc6a623b1060d4a7e396f2fbf6585007716a9d42a6145f
train-10117,train,train,data/extracted/KolektorSDD2/train/10117.png,data/extracted/KolektorSDD2/train/10117_GT.png,False,293bf9e5a2a2755125769c1eae2a0d63aaf8e24d84b453d20dfa26a2937742bf
train-10118,train,train,data/extracted/KolektorSDD2/train/10118.png,data/extracted/KolektorSDD2/train/10118_GT.png,False,37a5a3018ceda50ade25a8a9b2e5de4ae17ca1cc744a056c80f758fec171d13c
train-10119,train,train,data/extracted/KolektorSDD2/train/10119.png,data/extracted/KolektorSDD2/train/10119_GT.png,False,851d846cd961761788e03d9d4d3565f9bc278d811b8e54a05e1c5054b71319ec
train-10120,train,train,data/extracted/KolektorSDD2/train/10120.png,data/extracted/KolektorSDD2/train/10120_GT.png,False,67c5cc3866272fb9e53e8bca37af96c630ad011d5a7c440980716a81a484bfd0
train-10121,train,train,data/extracted/KolektorSDD2/train/10121.png,data/extracted/KolektorSDD2/train/10121_GT.png,False,a2789c51b09de152843c06576ac257c1bdf1a9a917a63863c2ce4928c654950e
train-10122,train,train,data/extracted/KolektorSDD2/train/10122.png,data/extracted/KolektorSDD2/train/10122_GT.png,False,5e5086776683d8703c473f6b95893e49e3d2dbc7eb75a28a37c2fac8a5986b59
train-10123,train,train,data/extracted/KolektorSDD2/train/10123.png,data/extracted/KolektorSDD2/train/10123_GT.png,False,037b5867d7e8aaaa7b95fda4280118114dbe37db3f0a185f8f612085d147d9b7
train-10124,train,train,data/extracted/KolektorSDD2/train/10124.png,data/extracted/KolektorSDD2/train/10124_GT.png,False,ac38f9ffd76e1bf27df4deca70e312835a6a54ca6b209e5992173864eb9ac37d
train-10125,train,validation,data/extracted/KolektorSDD2/train/10125.png,data/extracted/KolektorSDD2/train/10125_GT.png,False,615976ae4a324bec6c00a7b19dec9467e41f2aabcf673d23a54987c3321776eb
train-10126,train,validation,data/extracted/KolektorSDD2/train/10126.png,data/extracted/KolektorSDD2/train/10126_GT.png,False,adbe48f994e1f5c06ba49a097860b272acee2069c91ce31dbf11bbe7f2150617
train-10127,train,train,data/extracted/KolektorSDD2/train/10127.png,data/extracted/KolektorSDD2/train/10127_GT.png,False,f5d879647bfa1e14899f9d75f5ff5cc70a940023ad5b1b1929720db77e0049cd
train-10128,train,train,data/extracted/KolektorSDD2/train/10128.png,data/extracted/KolektorSDD2/train/10128_GT.png,False,06582c59f90f6bf6b5fd79f4c2f90ad906ba01f64f01c33885c94e771d48e293
train-10129,train,validation,data/extracted/KolektorSDD2/train/10129.png,data/extracted/KolektorSDD2/train/10129_GT.png,False,73e4d5e054d1fc47f50f9896d491df725c4abf7528e42f4817e7f6ce6339ce41
train-10130,train,validation,data/extracted/KolektorSDD2/train/10130.png,data/extracted/KolektorSDD2/train/10130_GT.png,False,31ae7cbc5ffd02e86c9b7eff34e38c3402c77a269b479f72285565756a469477
train-10131,train,train,data/extracted/KolektorSDD2/train/10131.png,data/extracted/KolektorSDD2/train/10131_GT.png,False,916294d021a6678ab715927f6b3dc6df82aeea45d4889e958a77ccafb3f94e34
train-10132,train,train,data/extracted/KolektorSDD2/train/10132.png,data/extracted/KolektorSDD2/train/10132_GT.png,False,4b234ff5676863914470b0fe752cf5babe3c715dda89377300bfe24c8ec7f6ca
train-10133,train,train,data/extracted/KolektorSDD2/train/10133.png,data/extracted/KolektorSDD2/train/10133_GT.png,False,7851485c4f51353ed44697d4762507fbab51a01d12a2c40628a40c3da803a569
train-10134,train,validation,data/extracted/KolektorSDD2/train/10134.png,data/extracted/KolektorSDD2/train/10134_GT.png,False,9eaf99e10bde92deab4ca14140cf1c0d6d42412b9b527ae8a8db5ad69e486312
train-10135,train,train,data/extracted/KolektorSDD2/train/10135.png,data/extracted/KolektorSDD2/train/10135_GT.png,True,6bbef9fe4f697b9ad41736ad1220868f58d99545a865157a98a4acc78a1f0bc5
train-10136,train,train,data/extracted/KolektorSDD2/train/10136.png,data/extracted/KolektorSDD2/train/10136_GT.png,False,523954eb665978ee388728f3c39ee99cd3c12eceaa9470dac997ddb49d7381d2
train-10137,train,train,data/extracted/KolektorSDD2/train/10137.png,data/extracted/KolektorSDD2/train/10137_GT.png,False,5aeecabf7b64d069b51948066a746264295f70bc03d04e820fc2df738681ba99
train-10138,train,train,data/extracted/KolektorSDD2/train/10138.png,data/extracted/KolektorSDD2/train/10138_GT.png,False,95b6a490757ab418083d4b1fabf2876e317472e1ced2e1db471843b29cd77f41
train-10139,train,train,data/extracted/KolektorSDD2/train/10139.png,data/extracted/KolektorSDD2/train/10139_GT.png,False,119f68a949daac684f3800e3d93860ad0b3afae437498381f3b442bdbf4c15b6
train-10140,train,train,data/extracted/KolektorSDD2/train/10140.png,data/extracted/KolektorSDD2/train/10140_GT.png,False,40a0ccf88dabbc837644c13dd95555fbb44f6a64b41b162f88344c6efc5b602c
train-10141,train,train,data/extracted/KolektorSDD2/train/10141.png,data/extracted/KolektorSDD2/train/10141_GT.png,False,ae134719eb99c98055ed601be55bcb004cee7fcf04e8272168a25b7440d0d06c
train-10142,train,train,data/extracted/KolektorSDD2/train/10142.png,data/extracted/KolektorSDD2/train/10142_GT.png,False,c2d1603a93b39e28cddcb75b1b306e66a487a8f9740e9941234b4329372d743f
train-10143,train,train,data/extracted/KolektorSDD2/train/10143.png,data/extracted/KolektorSDD2/train/10143_GT.png,False,b2387b19605f96e537918fe993f5f0a07412a6ee584e66a42ab4d9c24f9cc5d1
train-10144,train,validation,data/extracted/KolektorSDD2/train/10144.png,data/extracted/KolektorSDD2/train/10144_GT.png,False,b0dcbb506796fbc1680388f9646b91029b1ff22eb4a173cfc921fc75cf95c6a2
train-10145,train,train,data/extracted/KolektorSDD2/train/10145.png,data/extracted/KolektorSDD2/train/10145_GT.png,True,f0d4775e85f7ffcf6003d33732d51dcb2914ab494b72b7fe908c4b96096a03c3
train-10146,train,train,data/extracted/KolektorSDD2/train/10146.png,data/extracted/KolektorSDD2/train/10146_GT.png,False,059ce2bf1ad51ab14291f5e00610b0095d605400dc7bf6dce4f47cef50f27884
train-10147,train,train,data/extracted/KolektorSDD2/train/10147.png,data/extracted/KolektorSDD2/train/10147_GT.png,False,68f02b724717b19b9c937f5c0150bdae231f0df7649c36deae822cbf9a8ac350
train-10148,train,train,data/extracted/KolektorSDD2/train/10148.png,data/extracted/KolektorSDD2/train/10148_GT.png,False,7780a69c67043a4b69d3701db4d6fa3368b9aa665901ff29914843f554a413ac
train-10149,train,train,data/extracted/KolektorSDD2/train/10149.png,data/extracted/KolektorSDD2/train/10149_GT.png,False,07373fafc1713962bd7a23aeee163e2d6def40de403b38939f4817c84f8401e7
train-10150,train,validation,data/extracted/KolektorSDD2/train/10150.png,data/extracted/KolektorSDD2/train/10150_GT.png,False,78b58830d8272c1cb638e94677ea300eb25399d9c145c4f15d481c5b4b00169c
train-10151,train,train,data/extracted/KolektorSDD2/train/10151.png,data/extracted/KolektorSDD2/train/10151_GT.png,False,a807f82e9111eb544ba6fe1910aa4430a4adccff30eac06aded0cd18bb6fcf9c
train-10152,train,train,data/extracted/KolektorSDD2/train/10152.png,data/extracted/KolektorSDD2/train/10152_GT.png,False,af015036d9865e1b3dd4417a458f5cf905f8070d515d2669d4e1426e39970183
train-10153,train,train,data/extracted/KolektorSDD2/train/10153.png,data/extracted/KolektorSDD2/train/10153_GT.png,False,43252fad13931d6efd33d6b8df59190de970e1b4252c36e7f8b9af89ec298230
train-10154,train,train,data/extracted/KolektorSDD2/train/10154.png,data/extracted/KolektorSDD2/train/10154_GT.png,False,a6b3ab01c3c4e7d8e049789dff9d6321b18fdb05f8900251a2c8782046a94795
train-10155,train,train,data/extracted/KolektorSDD2/train/10155.png,data/extracted/KolektorSDD2/train/10155_GT.png,False,6518deeae8f14aebd0e3b7add7b9d4cb4800546acaea3e8e5b22c1a073aa4e5c
train-10156,train,validation,data/extracted/KolektorSDD2/train/10156.png,data/extracted/KolektorSDD2/train/10156_GT.png,False,1734393a277eb0a222094f1801c52ad6a094501e0ef557a52b223ff133cdf1eb
train-10157,train,train,data/extracted/KolektorSDD2/train/10157.png,data/extracted/KolektorSDD2/train/10157_GT.png,True,6ba5c301f7eb7be2a759ab4586259b70ff261ebac284e4276b74501bc7f632eb
train-10158,train,train,data/extracted/KolektorSDD2/train/10158.png,data/extracted/KolektorSDD2/train/10158_GT.png,False,aad3c1061d6a993159a04d826e2765ecfa9894bd7247de518374d6d6ba290cfa
train-10159,train,train,data/extracted/KolektorSDD2/train/10159.png,data/extracted/KolektorSDD2/train/10159_GT.png,True,dc201be0e9ec0e57897ffa06e99e5c2c8570560bd26e7339f6261deaf9435ed9
train-10160,train,train,data/extracted/KolektorSDD2/train/10160.png,data/extracted/KolektorSDD2/train/10160_GT.png,False,c3af3d9615a24471a6721c1a431fbfc6de51d5c452b059936c1c9e08468882e7
train-10161,train,train,data/extracted/KolektorSDD2/train/10161.png,data/extracted/KolektorSDD2/train/10161_GT.png,False,d58790643a2420e02843408f7541dca87d691aeeebbf346da3e59ae9fb27cf1c
train-10162,train,train,data/extracted/KolektorSDD2/train/10162.png,data/extracted/KolektorSDD2/train/10162_GT.png,False,159ed4ac2046d99657a3fa36e4f12225a6dab8f90d8bb8b0040d4dd16cbbec3e
train-10163,train,train,data/extracted/KolektorSDD2/train/10163.png,data/extracted/KolektorSDD2/train/10163_GT.png,False,e7587b02e6d3130abdf00a76dce6272947a3d24f73f7c49b109aac8e625351f8
train-10164,train,train,data/extracted/KolektorSDD2/train/10164.png,data/extracted/KolektorSDD2/train/10164_GT.png,False,cbab8d341dd44636407b9eb6523876f39cd9f19437ea3420b01869e29eae286e
train-10165,train,train,data/extracted/KolektorSDD2/train/10165.png,data/extracted/KolektorSDD2/train/10165_GT.png,False,ed2f48343115632337df833e9c266071c363681a803d9cc44183a32760cfb451
train-10166,train,train,data/extracted/KolektorSDD2/train/10166.png,data/extracted/KolektorSDD2/train/10166_GT.png,False,bf4a8d5a10ca98a3133cf97603b9e57d948becb79fd36c3c57bbac0e98f2b081
train-10167,train,train,data/extracted/KolektorSDD2/train/10167.png,data/extracted/KolektorSDD2/train/10167_GT.png,False,36a5704130f3bca3362be073278e7004f5060bb532f4d330862dde25ae536e73
train-10168,train,validation,data/extracted/KolektorSDD2/train/10168.png,data/extracted/KolektorSDD2/train/10168_GT.png,False,39a94a3e1ed8b0e29974ed28bb890ae8f2237a19f91b1dcb728d9b9865211c56
train-10169,train,train,data/extracted/KolektorSDD2/train/10169.png,data/extracted/KolektorSDD2/train/10169_GT.png,False,b4042407b174aa117917915b43abb26d48ceaffd3c9c3f06d022d1e6f86a6285
train-10170,train,train,data/extracted/KolektorSDD2/train/10170.png,data/extracted/KolektorSDD2/train/10170_GT.png,False,08dffe076686724efcff9d353b1452a238255bd24c308b62e4138c809cf04cdb
train-10171,train,train,data/extracted/KolektorSDD2/train/10171.png,data/extracted/KolektorSDD2/train/10171_GT.png,False,efcdea83ab6109581ae7c9deadab913b71bbf19ec02a495fb9bfbc6a54ae7eaf
train-10172,train,validation,data/extracted/KolektorSDD2/train/10172.png,data/extracted/KolektorSDD2/train/10172_GT.png,False,244f7cdaabe71913d0f51f7336f8bcbea0a6134f28c86ef2dcbb75a621655587
train-10173,train,train,data/extracted/KolektorSDD2/train/10173.png,data/extracted/KolektorSDD2/train/10173_GT.png,False,5be77c9a6d4685242f8d3f359eac04bfa88c8abfaaadc0b5a2ae54b59f714a99
train-10174,train,train,data/extracted/KolektorSDD2/train/10174.png,data/extracted/KolektorSDD2/train/10174_GT.png,False,0b3120a825911552290299a3d8f378e3fa8a5bd548f3e2d64fb65a25a14b4163
train-10175,train,validation,data/extracted/KolektorSDD2/train/10175.png,data/extracted/KolektorSDD2/train/10175_GT.png,False,e66d3c7cd06288464daeb18cdd7bd698509e81cf0181c720d7a2fa6aa86631b7
train-10176,train,train,data/extracted/KolektorSDD2/train/10176.png,data/extracted/KolektorSDD2/train/10176_GT.png,False,cbb6135ab62e3e114cfd65debff754c6ee2d235679886a338f9b757ec4695430
train-10177,train,train,data/extracted/KolektorSDD2/train/10177.png,data/extracted/KolektorSDD2/train/10177_GT.png,False,6f71d31152d52bdfe9d8a77a1b61f062ca8daf5d9a797dd08d43f5aa80cdeb95
train-10178,train,validation,data/extracted/KolektorSDD2/train/10178.png,data/extracted/KolektorSDD2/train/10178_GT.png,False,cef4411057f62be02f1ac28e691fade9396aa1fee33f9f5d10a1dd2589007a5c
train-10179,train,validation,data/extracted/KolektorSDD2/train/10179.png,data/extracted/KolektorSDD2/train/10179_GT.png,False,a85da37515bc9ed73bf8551c1ff2121126c768180e20989b41db69a579dc533d
train-10180,train,train,data/extracted/KolektorSDD2/train/10180.png,data/extracted/KolektorSDD2/train/10180_GT.png,False,d5f9536e85fcd70bf32c610e520be1666979e20e47688c7d156cdbc2d72a1948
train-10181,train,train,data/extracted/KolektorSDD2/train/10181.png,data/extracted/KolektorSDD2/train/10181_GT.png,False,419088f72585c070f4ad589f0c4d3784e3a0e1e09c33a0fd67d02f9f99996dee
train-10182,train,train,data/extracted/KolektorSDD2/train/10182.png,data/extracted/KolektorSDD2/train/10182_GT.png,False,f1ff58de59314084e7e25b39b3fd8539bdab72c097a7c6ecd041e068a9f4f8f7
train-10183,train,train,data/extracted/KolektorSDD2/train/10183.png,data/extracted/KolektorSDD2/train/10183_GT.png,False,e9656b95ed5c6c24ac5c8a90744d4dceaf2cfee53bbefe525fa916acc61deedd
train-10184,train,validation,data/extracted/KolektorSDD2/train/10184.png,data/extracted/KolektorSDD2/train/10184_GT.png,False,59911b0c369224a0ea002f968ff369f66bafd2bf1eb2a58c8fbce378ea156c33
train-10185,train,train,data/extracted/KolektorSDD2/train/10185.png,data/extracted/KolektorSDD2/train/10185_GT.png,False,2673411c2b1f6515421225ef38f83c26e9b5e60055e8446d7b362082bb391cb6
train-10186,train,train,data/extracted/KolektorSDD2/train/10186.png,data/extracted/KolektorSDD2/train/10186_GT.png,False,b371bb43d9390c18878833c9e8939dd59533b7f195ec7e6f1fa8f3fe95beaeee
train-10187,train,train,data/extracted/KolektorSDD2/train/10187.png,data/extracted/KolektorSDD2/train/10187_GT.png,False,5b2dd38df991d99aba200e60d9a0d46ad727fd083084a2103c337bea0f2eaf7b
train-10188,train,validation,data/extracted/KolektorSDD2/train/10188.png,data/extracted/KolektorSDD2/train/10188_GT.png,False,1107ba952b7c3e9985cd0eab1145cb008c45a2fb1f11cadcf035e7f5b8e5f74d
train-10189,train,train,data/extracted/KolektorSDD2/train/10189.png,data/extracted/KolektorSDD2/train/10189_GT.png,False,9adff71ef9578f0ed51bf458b6093cd1184c1ba11f5f2bbf41b5d15ba3cc05db
train-10190,train,validation,data/extracted/KolektorSDD2/train/10190.png,data/extracted/KolektorSDD2/train/10190_GT.png,False,700287fa167f28fa06e96adbea9dfc2280660a9a9dd182be407d7a70977cc017
train-10191,train,train,data/extracted/KolektorSDD2/train/10191.png,data/extracted/KolektorSDD2/train/10191_GT.png,False,afbd452d761e7ce946931eb8b4c38ae41b656869ff05850ba620701cd773e6c9
train-10192,train,train,data/extracted/KolektorSDD2/train/10192.png,data/extracted/KolektorSDD2/train/10192_GT.png,False,169861c2abed49d69c74dd169155ae104e99bb25b0b7c5339e87cd04210ba29f
train-10193,train,train,data/extracted/KolektorSDD2/train/10193.png,data/extracted/KolektorSDD2/train/10193_GT.png,False,d607154a86e7ac1411ae4b3a0754307d9831ef3743b6381447f65d922f90d9a2
train-10194,train,train,data/extracted/KolektorSDD2/train/10194.png,data/extracted/KolektorSDD2/train/10194_GT.png,False,295c915f8df3dd8524d460ef602950f8d6b967eec4b7079c2db4ac956576886a
train-10195,train,validation,data/extracted/KolektorSDD2/train/10195.png,data/extracted/KolektorSDD2/train/10195_GT.png,False,6434458aa2f3445a4433e0f5ed472daaa94f67eaed1ecd197f57b2426a3a472f
train-10196,train,train,data/extracted/KolektorSDD2/train/10196.png,data/extracted/KolektorSDD2/train/10196_GT.png,False,d2a7149e91012207deb68d6740343cd889e24260f1a1850a439be1a2f233e1f9
train-10197,train,train,data/extracted/KolektorSDD2/train/10197.png,data/extracted/KolektorSDD2/train/10197_GT.png,False,2c44fe08410c87091a2d238e344d922d5f12b29df18a7b67a5fd26e306bbb74d
train-10198,train,train,data/extracted/KolektorSDD2/train/10198.png,data/extracted/KolektorSDD2/train/10198_GT.png,False,aa67d07cd66566751e9ebdf8f9cacca6c18ff9eb17c7c85848c6db89aef6632b
train-10199,train,validation,data/extracted/KolektorSDD2/train/10199.png,data/extracted/KolektorSDD2/train/10199_GT.png,False,b1108d33ce1d2e7044be27861aa5a8cb1440452883c4e3add7c931d05d994899
train-10200,train,validation,data/extracted/KolektorSDD2/train/10200.png,data/extracted/KolektorSDD2/train/10200_GT.png,False,4bb612ba033bf193734681d80fdfd7d8b4361805cf024edfeec2a7b3ee0086a5
train-10201,train,train,data/extracted/KolektorSDD2/train/10201.png,data/extracted/KolektorSDD2/train/10201_GT.png,True,ab93708c4560be7cc49bdeaca8084da877984616388dd893fb23a6321f0e10d7
train-10202,train,train,data/extracted/KolektorSDD2/train/10202.png,data/extracted/KolektorSDD2/train/10202_GT.png,False,b2edec47585fa4c4b684ff7f0cd3cb09f49db3d0cc85840d52e4cb78fd5b70e9
train-10203,train,train,data/extracted/KolektorSDD2/train/10203.png,data/extracted/KolektorSDD2/train/10203_GT.png,False,795a1a79912c1aeb1f140562c7b4af3c7bffe85bd3fd46fd4c77602c43e5baf2
train-10204,train,train,data/extracted/KolektorSDD2/train/10204.png,data/extracted/KolektorSDD2/train/10204_GT.png,False,102dc689cd6177e1ae1714d868f20dde7529d4fca3fd2caa42db0f95a5b92544
train-10205,train,train,data/extracted/KolektorSDD2/train/10205.png,data/extracted/KolektorSDD2/train/10205_GT.png,False,fe446ddaf64ad1f2b22d931b672f0b088c1508f78366353ef5d7bf209f2d2d9f
train-10206,train,train,data/extracted/KolektorSDD2/train/10206.png,data/extracted/KolektorSDD2/train/10206_GT.png,True,e3429494d50c7fcbc06b5e61eb63352fe38b5f9aa78cad3042f0584142223929
train-10207,train,train,data/extracted/KolektorSDD2/train/10207.png,data/extracted/KolektorSDD2/train/10207_GT.png,False,a2679a30acf4fbcdc70d6e8d3d09a9c994891a2046656fb6fae2a2fd898825f0
train-10208,train,train,data/extracted/KolektorSDD2/train/10208.png,data/extracted/KolektorSDD2/train/10208_GT.png,True,de8bd6f8b73b8c2d6c6e9e96bdab54e0b534a28760d396ecfb03e953fada6e97
train-10209,train,train,data/extracted/KolektorSDD2/train/10209.png,data/extracted/KolektorSDD2/train/10209_GT.png,False,3779fadfb42117322583a76a39f9b04a564bd5c3a59f57efa1e2520d3a4cf9a4
train-10210,train,validation,data/extracted/KolektorSDD2/train/10210.png,data/extracted/KolektorSDD2/train/10210_GT.png,False,32da94b77704c754558ccf7c6f9cc15c944949392949604aa1842899be3ac493
train-10211,train,train,data/extracted/KolektorSDD2/train/10211.png,data/extracted/KolektorSDD2/train/10211_GT.png,False,0c421a56ba12e7dd84f6863a3d5f24d283e75ee9c996d23a1eab63dc406b3654
train-10212,train,train,data/extracted/KolektorSDD2/train/10212.png,data/extracted/KolektorSDD2/train/10212_GT.png,False,3337eabaeba22a90bbe5e6a0721f800dff04d34adaa27c1a835ee962c6a8c5d4
train-10213,train,train,data/extracted/KolektorSDD2/train/10213.png,data/extracted/KolektorSDD2/train/10213_GT.png,False,5e2d60ccbae7c5e69da4c126d0853b519b5c0a24470236f4266d6143e012dc61
train-10214,train,train,data/extracted/KolektorSDD2/train/10214.png,data/extracted/KolektorSDD2/train/10214_GT.png,False,a8fdcd2ec2ea89dc1502b1c78b51ee384eb4d1f27a937e6fd04f619492c7faf5
train-10215,train,validation,data/extracted/KolektorSDD2/train/10215.png,data/extracted/KolektorSDD2/train/10215_GT.png,False,d88621d230d4395c6b7374e057083f5abb287884e67818dc967e7d076b57904c
train-10216,train,train,data/extracted/KolektorSDD2/train/10216.png,data/extracted/KolektorSDD2/train/10216_GT.png,False,5d21c05f7acb81b48f315babcc9f56a994d18204322e2866a22e1ca0cdba10a7
train-10217,train,train,data/extracted/KolektorSDD2/train/10217.png,data/extracted/KolektorSDD2/train/10217_GT.png,False,71446c2d7ab1144f7175525fd7bed5713fb82badea8eaf3294232f36613c6a8a
train-10218,train,train,data/extracted/KolektorSDD2/train/10218.png,data/extracted/KolektorSDD2/train/10218_GT.png,False,8f0854384d6de9ee9166e820d3b9751eecb7911e307954b106b46bcf7ca8c530
train-10219,train,validation,data/extracted/KolektorSDD2/train/10219.png,data/extracted/KolektorSDD2/train/10219_GT.png,False,4fac799ab6315b52c4aa023717b18f085ffffa376f25da0a6dd658564958f29a
train-10220,train,train,data/extracted/KolektorSDD2/train/10220.png,data/extracted/KolektorSDD2/train/10220_GT.png,False,81c594d8dd90e402e602f841174ed6799f2ab8d3d8cb4500cf8edbbb8c610442
train-10221,train,train,data/extracted/KolektorSDD2/train/10221.png,data/extracted/KolektorSDD2/train/10221_GT.png,False,516d18d8f5d5168f2b5ffc742f7abdd6444fe3861a413560da26fe6e884d4502
train-10222,train,train,data/extracted/KolektorSDD2/train/10222.png,data/extracted/KolektorSDD2/train/10222_GT.png,False,6fdbbd98dcefe24358292f9512692da3a5676c8dc2e957e0484518bbe19a2e29
train-10223,train,train,data/extracted/KolektorSDD2/train/10223.png,data/extracted/KolektorSDD2/train/10223_GT.png,True,9d8d0a44a4de770626a633c0a76f758d3126859982804d893f551f6170dbebaa
train-10224,train,validation,data/extracted/KolektorSDD2/train/10224.png,data/extracted/KolektorSDD2/train/10224_GT.png,False,55ff304730ac4d85386e546c2b7ea60eb4d5e3c9a08ad35c86324677d36d615b
train-10225,train,validation,data/extracted/KolektorSDD2/train/10225.png,data/extracted/KolektorSDD2/train/10225_GT.png,False,da0827c44456d5df6be9ff98877790a7c18e889bc43fabb68e29514bb528f1c9
train-10226,train,validation,data/extracted/KolektorSDD2/train/10226.png,data/extracted/KolektorSDD2/train/10226_GT.png,False,73117931d8ac902e2ba3df74f1880ff955827a25f6e1d3b80a3983d7c8ad85e2
train-10227,train,train,data/extracted/KolektorSDD2/train/10227.png,data/extracted/KolektorSDD2/train/10227_GT.png,False,688fc7656331ac78eb5c1eb041d2af8131436946025cfe7f288091812aec4e47
train-10228,train,train,data/extracted/KolektorSDD2/train/10228.png,data/extracted/KolektorSDD2/train/10228_GT.png,False,13319ff6f52453773d8d2c178f139dd27b95b494ef448b3e46571c91594d643c
train-10229,train,train,data/extracted/KolektorSDD2/train/10229.png,data/extracted/KolektorSDD2/train/10229_GT.png,False,c073dea0ce88c09b465f6e445a711586a8383d3d72715679f9d8aed6df99ff7e
train-10230,train,train,data/extracted/KolektorSDD2/train/10230.png,data/extracted/KolektorSDD2/train/10230_GT.png,False,ec90e36f9a58a1457d8672f66626a242e8b79838238bd81d4132fae1af3fcf86
train-10231,train,train,data/extracted/KolektorSDD2/train/10231.png,data/extracted/KolektorSDD2/train/10231_GT.png,False,1d5f15c4c405b2821888c755b15411e60f87d611470236e91764d4583516b317
train-10232,train,train,data/extracted/KolektorSDD2/train/10232.png,data/extracted/KolektorSDD2/train/10232_GT.png,False,7e83cc3a2bc209f1038082a97e77a74fe13918399b94bf4f767c8232ef245d62
train-10233,train,train,data/extracted/KolektorSDD2/train/10233.png,data/extracted/KolektorSDD2/train/10233_GT.png,False,d21e2658d006322d28d8c60a9da6d6277290c8d34fa885fb7ab8c7b005b455f5
train-10234,train,train,data/extracted/KolektorSDD2/train/10234.png,data/extracted/KolektorSDD2/train/10234_GT.png,False,b024932e66643f6e001bb45da7d96f4d2704ebf0fca7e7b3fa692f61215c1ef2
train-10235,train,train,data/extracted/KolektorSDD2/train/10235.png,data/extracted/KolektorSDD2/train/10235_GT.png,True,3b084aeff8f17bb9141538a16ef491beb8b64fd6dc6792945a8e6c6f9ddc853f
train-10236,train,validation,data/extracted/KolektorSDD2/train/10236.png,data/extracted/KolektorSDD2/train/10236_GT.png,False,e0b4ae3855d2a9920b4718df5407045dea47f37e561c14c8318950ebf65f71ec
train-10237,train,train,data/extracted/KolektorSDD2/train/10237.png,data/extracted/KolektorSDD2/train/10237_GT.png,False,62b350734679eb2bb7294609ebc35497fb6401e1b80c748952bf454e16db6b2e
train-10238,train,train,data/extracted/KolektorSDD2/train/10238.png,data/extracted/KolektorSDD2/train/10238_GT.png,False,d7f72d11e4dd10a487a7e57e44ed6b2023dfc6c95eb3aafa80f93575bb46d00e
train-10239,train,train,data/extracted/KolektorSDD2/train/10239.png,data/extracted/KolektorSDD2/train/10239_GT.png,False,f48001e3a615238c21a6b810dfafb96edd1e45199fd5b671f0afddc442068f8b
train-10240,train,train,data/extracted/KolektorSDD2/train/10240.png,data/extracted/KolektorSDD2/train/10240_GT.png,False,2eeb4450942bdd9a704eaa73fb3e9c41f0fc1b092cb3e2130076108f1fc4a02a
train-10241,train,train,data/extracted/KolektorSDD2/train/10241.png,data/extracted/KolektorSDD2/train/10241_GT.png,False,11020872c72f74c768cadeef99becc65ee80f4efbb1ddf3486a6ae0df015b151
train-10242,train,train,data/extracted/KolektorSDD2/train/10242.png,data/extracted/KolektorSDD2/train/10242_GT.png,False,ad71d7d9295e6bb42c26850554765cd9dceb7bd4857897914cc20ce8f66f5b5f
train-10243,train,train,data/extracted/KolektorSDD2/train/10243.png,data/extracted/KolektorSDD2/train/10243_GT.png,False,f3c888269917547f2a6d12a305841181344dc389cbc2c3efd3f8bc7b1339e011
train-10244,train,train,data/extracted/KolektorSDD2/train/10244.png,data/extracted/KolektorSDD2/train/10244_GT.png,True,e109eb3be5819278e17189257726570ac0ed9df7f0aafb90909efe1865f206dc
train-10245,train,train,data/extracted/KolektorSDD2/train/10245.png,data/extracted/KolektorSDD2/train/10245_GT.png,False,965c177954602b69fd1a967b9fa00dcbb232786cfe4ef295faff850b923ac303
train-10246,train,train,data/extracted/KolektorSDD2/train/10246.png,data/extracted/KolektorSDD2/train/10246_GT.png,False,9c7dc717957f27ad1b06e31a17a6a2425a09ddcfd55eece4f1ab03d682044bc3
train-10247,train,train,data/extracted/KolektorSDD2/train/10247.png,data/extracted/KolektorSDD2/train/10247_GT.png,True,56a531cd17863947c2be5de02c57a1f17e4a76fac88d66f3ca6b05e8f35cd938
train-10248,train,validation,data/extracted/KolektorSDD2/train/10248.png,data/extracted/KolektorSDD2/train/10248_GT.png,False,006bceae040b32071483e43df35fba606c99f8a6f9213e1115ea90380343e59d
train-10249,train,train,data/extracted/KolektorSDD2/train/10249.png,data/extracted/KolektorSDD2/train/10249_GT.png,False,48a895b0d0893a1f53b2cda9b100dee91bdf175361e8b7a5c34b4249ca377234
train-10250,train,train,data/extracted/KolektorSDD2/train/10250.png,data/extracted/KolektorSDD2/train/10250_GT.png,False,9106ea70c65c7cc5839c1e6f6a0fb85b82785dac043bff16c1e1c46261d03401
train-10251,train,train,data/extracted/KolektorSDD2/train/10251.png,data/extracted/KolektorSDD2/train/10251_GT.png,False,c52cd9cb8594ed2e78bfc7a61dbcf44327e5e52f0f85057606ee5cbd31849d4c
train-10252,train,train,data/extracted/KolektorSDD2/train/10252.png,data/extracted/KolektorSDD2/train/10252_GT.png,False,cd4c9896002473887032eb28f6038b3faa9ceb985731d264f4ef43bcdc6175ea
train-10253,train,train,data/extracted/KolektorSDD2/train/10253.png,data/extracted/KolektorSDD2/train/10253_GT.png,False,0670ab11fe8bf78e6391511476d697045710dc90c08da9b8c972097d48c88f41
train-10254,train,train,data/extracted/KolektorSDD2/train/10254.png,data/extracted/KolektorSDD2/train/10254_GT.png,True,5d2dddb3d6ec60565ea8f0f2399b803178f2e92cfd79a2c447520e7a3d8ad4c3
train-10255,train,train,data/extracted/KolektorSDD2/train/10255.png,data/extracted/KolektorSDD2/train/10255_GT.png,False,f55eb0d149b322494bb7142952a1282506834823d49c6ea8568b4e81edfd062b
train-10256,train,validation,data/extracted/KolektorSDD2/train/10256.png,data/extracted/KolektorSDD2/train/10256_GT.png,False,0795db122b0d719645dad3b03341e066bbef994ebf37100529daf4fb2672d79f
train-10257,train,train,data/extracted/KolektorSDD2/train/10257.png,data/extracted/KolektorSDD2/train/10257_GT.png,False,0988558b606bd022d946ed43331eb2e5f693ee92334ec018c22af91553a0f8f0
train-10258,train,train,data/extracted/KolektorSDD2/train/10258.png,data/extracted/KolektorSDD2/train/10258_GT.png,True,55c8f54fc791cb2cc91afe48ba7457bd9ee9f886ff6711c3530150fa11178a07
train-10259,train,train,data/extracted/KolektorSDD2/train/10259.png,data/extracted/KolektorSDD2/train/10259_GT.png,False,4ce57b9ca88e0314010ae53a91c869d2e5d42e9293eee0e9ac19c35bbfb13b03
train-10260,train,train,data/extracted/KolektorSDD2/train/10260.png,data/extracted/KolektorSDD2/train/10260_GT.png,False,ccec3d97f387b9e635ffb1da5360fc34149df3c1920565726392da551c118027
train-10261,train,train,data/extracted/KolektorSDD2/train/10261.png,data/extracted/KolektorSDD2/train/10261_GT.png,False,156254b22dc06e3af7194b26eea43bf7a7e66da3d6158425ee15e47516b2c23d
train-10262,train,train,data/extracted/KolektorSDD2/train/10262.png,data/extracted/KolektorSDD2/train/10262_GT.png,False,8aafae5fdf6b6714f9dd1e493961c6683515367f4a41aaf1838a2c225159e652
train-10263,train,train,data/extracted/KolektorSDD2/train/10263.png,data/extracted/KolektorSDD2/train/10263_GT.png,False,af83dac79965a5c8bacac392e668a09ae2cef950801bf8d3367a8c5fb53deec3
train-10264,train,train,data/extracted/KolektorSDD2/train/10264.png,data/extracted/KolektorSDD2/train/10264_GT.png,False,b88dbc5f0a7100cc504233505cc8f0ab822dce1dc020ca0ea90c74bd39f7b4a0
train-10265,train,validation,data/extracted/KolektorSDD2/train/10265.png,data/extracted/KolektorSDD2/train/10265_GT.png,False,b65b0c61580e1791d2db58c341f5635a11a0a7afa5ea5b744f07785d4eb9f40f
train-10266,train,train,data/extracted/KolektorSDD2/train/10266.png,data/extracted/KolektorSDD2/train/10266_GT.png,True,acf43051569711a38ba158cdeba62c1db07aa7966f4f4f98dba707a289969152
train-10267,train,train,data/extracted/KolektorSDD2/train/10267.png,data/extracted/KolektorSDD2/train/10267_GT.png,False,b7b2d56189f214c67ff1adfe7f4cce2773f33749724e5315215806e01f09a049
train-10268,train,validation,data/extracted/KolektorSDD2/train/10268.png,data/extracted/KolektorSDD2/train/10268_GT.png,False,c3371b091f341fe6fc8a02fdfa0c4b87458e03fa2ff81e47777269de4a753e94
train-10269,train,train,data/extracted/KolektorSDD2/train/10269.png,data/extracted/KolektorSDD2/train/10269_GT.png,False,0a169e999b34f9c663550888ffdfa7e9cec4b07127cc768d42782e0e819fde01
train-10270,train,train,data/extracted/KolektorSDD2/train/10270.png,data/extracted/KolektorSDD2/train/10270_GT.png,False,2718937cca1778a4922b8509edfa24d81e15e04fa3fbcbddfadda88ed2a377b6
train-10271,train,validation,data/extracted/KolektorSDD2/train/10271.png,data/extracted/KolektorSDD2/train/10271_GT.png,False,a4cf534227d80276acd1f73fa8f6f1583d7741d5c8f8a9a7112fb7862ba449a8
train-10272,train,train,data/extracted/KolektorSDD2/train/10272.png,data/extracted/KolektorSDD2/train/10272_GT.png,False,f182449c3b829aca5ef5cd651829d920b3efd440b1db75ff4edaf913a91824dc
train-10273,train,train,data/extracted/KolektorSDD2/train/10273.png,data/extracted/KolektorSDD2/train/10273_GT.png,True,8f56d8dcea6b89eb458b80138a8441713da6034a32590e00c968ce7016cb4329
train-10274,train,validation,data/extracted/KolektorSDD2/train/10274.png,data/extracted/KolektorSDD2/train/10274_GT.png,False,aafc55708e03ab824ebdb7d20a40c4e888317a24c9530d14689b6cf1a3163089
train-10275,train,train,data/extracted/KolektorSDD2/train/10275.png,data/extracted/KolektorSDD2/train/10275_GT.png,False,1700d7e6439b1312f2f9c6a9fd238fdca5beb4c6c1cebe43b2a8b1debfcded2b
train-10276,train,train,data/extracted/KolektorSDD2/train/10276.png,data/extracted/KolektorSDD2/train/10276_GT.png,False,3de0d426580a0d4359e7353847ec20fb0d0babbbd3fe9c0f75c7450955ced414
train-10277,train,validation,data/extracted/KolektorSDD2/train/10277.png,data/extracted/KolektorSDD2/train/10277_GT.png,False,aecf4ee29269b398b1059dc6e7a5695dac8fe29822d494b167a62763cb247ced
train-10278,train,train,data/extracted/KolektorSDD2/train/10278.png,data/extracted/KolektorSDD2/train/10278_GT.png,False,f2dc874c7e52b037395502e90ab34f782875da70c184a77a5e2c457bdb811c4f
train-10279,train,train,data/extracted/KolektorSDD2/train/10279.png,data/extracted/KolektorSDD2/train/10279_GT.png,False,176318e769be0b7655a2215b8534f487b4d32f6c51d4543277ac83f31c451c6e
train-10280,train,train,data/extracted/KolektorSDD2/train/10280.png,data/extracted/KolektorSDD2/train/10280_GT.png,False,4f0f393bc6d0d6a0499d2e86449fd1cd262d1be04b4894c7925928b08d888626
train-10281,train,train,data/extracted/KolektorSDD2/train/10281.png,data/extracted/KolektorSDD2/train/10281_GT.png,True,46574eb5a52da340d0b60b3d168b63bbafb2262514a4c9796ea30f05f357da88
train-10282,train,train,data/extracted/KolektorSDD2/train/10282.png,data/extracted/KolektorSDD2/train/10282_GT.png,False,21e7f2b38a471b7a0d901c2ad9a688bc954e4f698437c72454220f44e7f221a8
train-10283,train,train,data/extracted/KolektorSDD2/train/10283.png,data/extracted/KolektorSDD2/train/10283_GT.png,False,01c8772be0e3f2dc55fdc79e9dc86abe4d857249d574ecd407f9dfb6b8c3ea1d
train-10284,train,validation,data/extracted/KolektorSDD2/train/10284.png,data/extracted/KolektorSDD2/train/10284_GT.png,False,fc3d9636010fb0c9a41538e38eba96888e0cc7f7b2f907bbc7c2a834e5a41920
train-10285,train,train,data/extracted/KolektorSDD2/train/10285.png,data/extracted/KolektorSDD2/train/10285_GT.png,False,f7f996f0ac1a59df65ea30664a4e002c8821f7010e381e77ebbdbb850365cb71
train-10286,train,validation,data/extracted/KolektorSDD2/train/10286.png,data/extracted/KolektorSDD2/train/10286_GT.png,False,84eb3364bab37b1906f0c81d7ce0a91bc839f50a6f1206d072b29084d6150851
train-10287,train,train,data/extracted/KolektorSDD2/train/10287.png,data/extracted/KolektorSDD2/train/10287_GT.png,False,0672eebd6b34659ac63ed5a6d4e81fa319fce1a60c7eba879d7b3651266e54f8
train-10288,train,validation,data/extracted/KolektorSDD2/train/10288.png,data/extracted/KolektorSDD2/train/10288_GT.png,False,27e7a49dbf5788b62d3ba5cdd8299cc7510d02c5c9229c59b043a2a28caa974c
train-10289,train,train,data/extracted/KolektorSDD2/train/10289.png,data/extracted/KolektorSDD2/train/10289_GT.png,False,4530aacfca550c9a355aad8547b6fcc77a2af8f0bba38480f018ab413de6c37d
train-10290,train,train,data/extracted/KolektorSDD2/train/10290.png,data/extracted/KolektorSDD2/train/10290_GT.png,False,6488d3c363e7d00d300ac9c326d703c5c5123ba6b407c6fbcaf53c8a7ff0ddac
train-10291,train,train,data/extracted/KolektorSDD2/train/10291.png,data/extracted/KolektorSDD2/train/10291_GT.png,False,bf93a581587429ee3a8f2381d0dac380a605487ae8dad4015238bbbd6f925a83
train-10292,train,train,data/extracted/KolektorSDD2/train/10292.png,data/extracted/KolektorSDD2/train/10292_GT.png,False,d07a06e1a44fceb9ade1b2419f5dfdcd488f19504e8032b95c0aa531a7270073
train-10293,train,train,data/extracted/KolektorSDD2/train/10293.png,data/extracted/KolektorSDD2/train/10293_GT.png,False,8d755f4fc25bfd4f789792c9d05ea5407c4b394b2fa9993e7d15b8642c697d9b
train-10294,train,validation,data/extracted/KolektorSDD2/train/10294.png,data/extracted/KolektorSDD2/train/10294_GT.png,False,b77301cc2c302ea4bc3b55bc6f670f596b8fa52bbc7d6000b87b0ea539a606da
train-10295,train,train,data/extracted/KolektorSDD2/train/10295.png,data/extracted/KolektorSDD2/train/10295_GT.png,False,42ad64a2e769ed36ead11f0ddf61ecb93cab9b951a8d0da8f1e85c925addfde7
train-10296,train,train,data/extracted/KolektorSDD2/train/10296.png,data/extracted/KolektorSDD2/train/10296_GT.png,False,5ded8eb94fec2592f0b37d13d87b629cdf5fb57799be0cc27da1bdd7bb21a636
train-10297,train,train,data/extracted/KolektorSDD2/train/10297.png,data/extracted/KolektorSDD2/train/10297_GT.png,False,009f1c77c1e8bb771b70a00b10b52976f2bc2bfcb8bc73ef78be41d96b7bdb52
train-10298,train,validation,data/extracted/KolektorSDD2/train/10298.png,data/extracted/KolektorSDD2/train/10298_GT.png,False,52c53ccfbb11f88e3f6607be731b2e6f9e215cff376df73343cfaf9ede20ec63
train-10299,train,train,data/extracted/KolektorSDD2/train/10299.png,data/extracted/KolektorSDD2/train/10299_GT.png,False,5fc45d7a1c96fcafc137d4752748505359a164e5953a6f4392cca4f13eb251f9
train-10300,train,train,data/extracted/KolektorSDD2/train/10300.png,data/extracted/KolektorSDD2/train/10300_GT.png,False,7ef0093212b1646956d5476f90b4c9f4d39c7afb59c7687cdfdd610db71dfe63
train-10301,train,train,data/extracted/KolektorSDD2/train/10301.png,data/extracted/KolektorSDD2/train/10301_GT.png,True,29ceeb9311153c1526ca7e623912d6f25da072738ffa62a8ccb37e2a7535403e
train-10302,train,train,data/extracted/KolektorSDD2/train/10302.png,data/extracted/KolektorSDD2/train/10302_GT.png,False,c8d20f6abfea48932effe846a4c3d618d21d32e1e6f292cb11200442bef3f5e0
train-10303,train,train,data/extracted/KolektorSDD2/train/10303.png,data/extracted/KolektorSDD2/train/10303_GT.png,False,066976fee069e8cb3a112b4c75667f79ec226329d035e200de60caac89090044
train-10304,train,train,data/extracted/KolektorSDD2/train/10304.png,data/extracted/KolektorSDD2/train/10304_GT.png,True,d4225cfebd572b865cad803c6f0883c144c45ad39fb5dd2b3ef643fbba53f8c5
train-10305,train,train,data/extracted/KolektorSDD2/train/10305.png,data/extracted/KolektorSDD2/train/10305_GT.png,False,2655e89fd1f53bd3d51830d27cc9560175b33eb614071f4d05b3ca239f9d9162
train-10306,train,train,data/extracted/KolektorSDD2/train/10306.png,data/extracted/KolektorSDD2/train/10306_GT.png,True,7fe1f1024c2ef6158e354d2a413f40bf1934aa48585b377f7cdb6ca28ab6ac03
train-10307,train,train,data/extracted/KolektorSDD2/train/10307.png,data/extracted/KolektorSDD2/train/10307_GT.png,False,e0b77e96108a58e8a19d5eba38de73d2501e62712d24cca46e9d890c8d46d921
train-10308,train,train,data/extracted/KolektorSDD2/train/10308.png,data/extracted/KolektorSDD2/train/10308_GT.png,True,67256efd30c8c4d5901c507094158ace3942095db0bda49982dba2f63bcc9787
train-10309,train,validation,data/extracted/KolektorSDD2/train/10309.png,data/extracted/KolektorSDD2/train/10309_GT.png,True,04b2f8728f00884bff54a9e9e648bcfece914e91db3f06ae3d4d52555c9ab53e
train-10310,train,train,data/extracted/KolektorSDD2/train/10310.png,data/extracted/KolektorSDD2/train/10310_GT.png,False,d2a6c8568da37cfab9b762bfafcc326dea42a3e4941839b26b23524273252b7e
train-10311,train,train,data/extracted/KolektorSDD2/train/10311.png,data/extracted/KolektorSDD2/train/10311_GT.png,False,d90dd8301777c3c85b5669b2cb147f8e8102869ce8ff787ab47d993007c434b6
train-10312,train,train,data/extracted/KolektorSDD2/train/10312.png,data/extracted/KolektorSDD2/train/10312_GT.png,True,3c34dc42ae969b977affe0e326cf432bfd37a0749524e41a52b8867b1b897583
train-10313,train,train,data/extracted/KolektorSDD2/train/10313.png,data/extracted/KolektorSDD2/train/10313_GT.png,False,22e7a5fca2c18495f041df0b341f7ff9299fb5c66f1b1abbcafc2ffe63ed37e5
train-10314,train,validation,data/extracted/KolektorSDD2/train/10314.png,data/extracted/KolektorSDD2/train/10314_GT.png,False,97dde27a694be2741017d3bba0e391f0f656d9f3461cf2afe7d052c6122d4a3d
train-10315,train,train,data/extracted/KolektorSDD2/train/10315.png,data/extracted/KolektorSDD2/train/10315_GT.png,False,09bb5ab42980947dc4a2aa45e937c5d39de3f4ead8d430034a361a8683295d33
train-10316,train,train,data/extracted/KolektorSDD2/train/10316.png,data/extracted/KolektorSDD2/train/10316_GT.png,False,27e6c4a318a7d389f0fd381c070e5469076e0994fcd57254d4d08b1e4680acbc
train-10317,train,train,data/extracted/KolektorSDD2/train/10317.png,data/extracted/KolektorSDD2/train/10317_GT.png,False,213915237a0ab7d7e2a7dd20c0b8907cf7e0352f8a5b81718b73cbb3d480eb6d
train-10318,train,train,data/extracted/KolektorSDD2/train/10318.png,data/extracted/KolektorSDD2/train/10318_GT.png,False,5a8bdb217d517e9f7aabd4cbe1a54b5e40325f7fc5f4c3253c901e7301429d6f
train-10319,train,train,data/extracted/KolektorSDD2/train/10319.png,data/extracted/KolektorSDD2/train/10319_GT.png,False,ffb4388ea2acb937d9024be6b94f3fd8a5d23d985579f0e6d1ff8963059c83c7
train-10320,train,train,data/extracted/KolektorSDD2/train/10320.png,data/extracted/KolektorSDD2/train/10320_GT.png,False,982f67b9898ddfbbe3bcf1257f9aae7903f0254b7b478e2aaab76a203a3b3672
train-10321,train,train,data/extracted/KolektorSDD2/train/10321.png,data/extracted/KolektorSDD2/train/10321_GT.png,False,c5e2138d8c4859d505f88035f2d9bfed06328377db22a6ad2f17a78aba77065e
train-10322,train,validation,data/extracted/KolektorSDD2/train/10322.png,data/extracted/KolektorSDD2/train/10322_GT.png,False,5ed6e33ca825c2c8cb656b0af1ed0eadc93f15bac6bbfd1470b7c34a910224fa
train-10323,train,train,data/extracted/KolektorSDD2/train/10323.png,data/extracted/KolektorSDD2/train/10323_GT.png,False,9ed8ee8c7678a2edfa7ab49574f4aa3f391f0da662abf2becb03e1b9b02953ad
train-10324,train,train,data/extracted/KolektorSDD2/train/10324.png,data/extracted/KolektorSDD2/train/10324_GT.png,False,afa7cdf6a177347061db43e04089f8d4be4998a08c0313a2e1230c8aad995e28
train-10325,train,train,data/extracted/KolektorSDD2/train/10325.png,data/extracted/KolektorSDD2/train/10325_GT.png,False,a81f282594965577c0ae2cdd515b3b2ed73e903155fe2475fc3bc7709620dd77
train-10326,train,train,data/extracted/KolektorSDD2/train/10326.png,data/extracted/KolektorSDD2/train/10326_GT.png,False,c16e60e7e80d337e133594d218418c6d3afd9394444d250a2efc7c0606e53870
train-10327,train,train,data/extracted/KolektorSDD2/train/10327.png,data/extracted/KolektorSDD2/train/10327_GT.png,False,5e12207b8987ea499ff5f5abf4ea77a16e02bb1bf890b6d821cca2195d92da2a
train-10328,train,train,data/extracted/KolektorSDD2/train/10328.png,data/extracted/KolektorSDD2/train/10328_GT.png,False,168622536f9dded6c3493c798e8e3c48139baf7213d1d51b191a24f640767714
train-10329,train,train,data/extracted/KolektorSDD2/train/10329.png,data/extracted/KolektorSDD2/train/10329_GT.png,False,9a61f86755995636eb2b6cfdedc8f7f66e92bbe12441a45762e219aab666cc05
train-10330,train,train,data/extracted/KolektorSDD2/train/10330.png,data/extracted/KolektorSDD2/train/10330_GT.png,False,c752103a3299dbf05773795221cedf3ee43acdfe057ec27e862b1e81af1bc919
train-10331,train,train,data/extracted/KolektorSDD2/train/10331.png,data/extracted/KolektorSDD2/train/10331_GT.png,False,14be5f2f7ba1ac7621026bc66b4680bc7d847d2c40eebdbc2f5920643d1c8af5
train-10332,train,train,data/extracted/KolektorSDD2/train/10332.png,data/extracted/KolektorSDD2/train/10332_GT.png,False,ae50aad1ca603c65811909d0557a9e2515ececd3e29279aeda97afe1cc7fc329
train-10333,train,validation,data/extracted/KolektorSDD2/train/10333.png,data/extracted/KolektorSDD2/train/10333_GT.png,False,27392d621389773fb261b1b1998e723b5b5800a700d90f90b33bda5b95ac5cbe
train-10334,train,train,data/extracted/KolektorSDD2/train/10334.png,data/extracted/KolektorSDD2/train/10334_GT.png,False,6aeab0d87d1734c76e8fde84b2b526c7c0ad3b869fa02c903362be819d4ac1c4
train-10335,train,train,data/extracted/KolektorSDD2/train/10335.png,data/extracted/KolektorSDD2/train/10335_GT.png,True,8c55fe3a4e370298c6db1389ed03ab975ee00450264724b3d32110384498bc2e
train-10336,train,validation,data/extracted/KolektorSDD2/train/10336.png,data/extracted/KolektorSDD2/train/10336_GT.png,False,21edaaf58998e5058a236157280632d82336bc5c3fb5f86309b57dd84950708c
train-10337,train,train,data/extracted/KolektorSDD2/train/10337.png,data/extracted/KolektorSDD2/train/10337_GT.png,True,17a59a968c5f3aedf4c3e7b6131d952b200b178808e152d1b0988c10f3d9a792
train-10338,train,train,data/extracted/KolektorSDD2/train/10338.png,data/extracted/KolektorSDD2/train/10338_GT.png,False,49f6a0caa44f647af0f4274efa3b8c52cbbd3654e99fbe2ee531334ff014a254
train-10339,train,train,data/extracted/KolektorSDD2/train/10339.png,data/extracted/KolektorSDD2/train/10339_GT.png,False,96d97cdfb10ca567b2c29bb7c5b05e7be3c2d09137ed116e35fab502fbe82f28
train-10340,train,train,data/extracted/KolektorSDD2/train/10340.png,data/extracted/KolektorSDD2/train/10340_GT.png,False,6f702f29b95c6abd98b73a83c18663824b4745d7b99fc256ae8336953f9323c0
train-10341,train,train,data/extracted/KolektorSDD2/train/10341.png,data/extracted/KolektorSDD2/train/10341_GT.png,False,82f196a63dfb30051c5e2b572672b07c61f6db82375a8277805e95bcafb99929
train-10342,train,train,data/extracted/KolektorSDD2/train/10342.png,data/extracted/KolektorSDD2/train/10342_GT.png,False,b28baf8986c88e69c59357c8ec6407720cb3dd063dc1870fd0c74b2a829e4f88
train-10343,train,train,data/extracted/KolektorSDD2/train/10343.png,data/extracted/KolektorSDD2/train/10343_GT.png,False,afa5f82da3f6b8c3a238de5ae34cafdfdfe2b26b3da68f4abc5f0dbdd8e622e7
train-10344,train,validation,data/extracted/KolektorSDD2/train/10344.png,data/extracted/KolektorSDD2/train/10344_GT.png,True,5d4056b0b09ff7ff9b7d5078a6557aaae7fe494d804b4f0b871ae5fdfbf50eee
train-10345,train,train,data/extracted/KolektorSDD2/train/10345.png,data/extracted/KolektorSDD2/train/10345_GT.png,True,cc64e1c2ed15dfb358af65376f793ae852ec585807eb9cfa90db2e88c7650f00
train-10346,train,train,data/extracted/KolektorSDD2/train/10346.png,data/extracted/KolektorSDD2/train/10346_GT.png,False,e03332f4761c9ec1a1638e2b6aff43d37334d93406ecc016842a3bed09c3e1af
train-10347,train,train,data/extracted/KolektorSDD2/train/10347.png,data/extracted/KolektorSDD2/train/10347_GT.png,False,5decc649cd7a61e6606a527505f9e2edbeb6e1ddf2ad76b8c26f22e2b84197d6
train-10348,train,train,data/extracted/KolektorSDD2/train/10348.png,data/extracted/KolektorSDD2/train/10348_GT.png,False,4a8d52607aa9d2767de12f3d8029de86e9299962e1556b0d9cff3a459d14f113
train-10349,train,train,data/extracted/KolektorSDD2/train/10349.png,data/extracted/KolektorSDD2/train/10349_GT.png,False,8d4fe1cdcdc1e7c98fefc782d70c3efa349dd42105f26770cb70a037ffbafddb
train-10350,train,train,data/extracted/KolektorSDD2/train/10350.png,data/extracted/KolektorSDD2/train/10350_GT.png,False,3f9e5451c4041eb1adc673bc0ab9bfcdc6b4ed8a4a2ac7f9e9d7fe0ddb261264
train-10351,train,train,data/extracted/KolektorSDD2/train/10351.png,data/extracted/KolektorSDD2/train/10351_GT.png,False,e1d7247f5597f7a9f2c0a1e7d51bd980248dcd8028d81222354c21219e4b0130
train-10352,train,train,data/extracted/KolektorSDD2/train/10352.png,data/extracted/KolektorSDD2/train/10352_GT.png,True,a21a05f385d9c222422ddf1ad12087e10d53e0a775e72480cbadeb02e1c2fda0
train-10353,train,train,data/extracted/KolektorSDD2/train/10353.png,data/extracted/KolektorSDD2/train/10353_GT.png,False,d4351697f3f862995f8ec89ffae3245b8621ddae6e8e0a717fb70b9d5e9aed81
train-10354,train,train,data/extracted/KolektorSDD2/train/10354.png,data/extracted/KolektorSDD2/train/10354_GT.png,True,d08d323799715408ff3129f468e78e6e73863ffbb4a9f74baf5dcf5afd8cdab8
train-10355,train,train,data/extracted/KolektorSDD2/train/10355.png,data/extracted/KolektorSDD2/train/10355_GT.png,False,f8210cbf7b24e6ac3879e33d7fa158bc11eb95ae15841d87a124eb9a5e5d24a6
train-10356,train,train,data/extracted/KolektorSDD2/train/10356.png,data/extracted/KolektorSDD2/train/10356_GT.png,False,ce6e63c036e36cd828dbcd594324bbb9e0d424118caa13775e52c5f9e5ea38f0
train-10357,train,validation,data/extracted/KolektorSDD2/train/10357.png,data/extracted/KolektorSDD2/train/10357_GT.png,False,f8967d142e2a62528428e48e06c987cbf4e69bf9c5abf5c7ff98fd661795d18b
train-10358,train,validation,data/extracted/KolektorSDD2/train/10358.png,data/extracted/KolektorSDD2/train/10358_GT.png,False,935ae1a61d7c4811df6244fab1eba2cf3fddb0b810b2c888a58b8973a32452d4
train-10359,train,train,data/extracted/KolektorSDD2/train/10359.png,data/extracted/KolektorSDD2/train/10359_GT.png,False,7cb42c42fd0a56d7bf482682ee70cf863b7ff5ba0ef0c66edb2cedf84545268c
train-10360,train,train,data/extracted/KolektorSDD2/train/10360.png,data/extracted/KolektorSDD2/train/10360_GT.png,False,cb9bbaa6982378634330aa81fa70f7698bdee31919fac79e7e5639e3a2c0c422
train-10361,train,validation,data/extracted/KolektorSDD2/train/10361.png,data/extracted/KolektorSDD2/train/10361_GT.png,False,84b92ee98dc428311ec190626cec44dbba3e4fc74d71fd64043462eb2468179c
train-10362,train,train,data/extracted/KolektorSDD2/train/10362.png,data/extracted/KolektorSDD2/train/10362_GT.png,False,34813225129a63f24c61ff2406b6c176ce2243da28058aa0e29570903e6d1d36
train-10363,train,train,data/extracted/KolektorSDD2/train/10363.png,data/extracted/KolektorSDD2/train/10363_GT.png,False,423fe029156375ff7869c105a2b518229c918891a764bb94425f79121f6da9cd
train-10364,train,validation,data/extracted/KolektorSDD2/train/10364.png,data/extracted/KolektorSDD2/train/10364_GT.png,False,d17cb64dce5abb28f55df91a21d5e8bfc1aec7b3db945c54ac3ef8ae4fea3403
train-10365,train,train,data/extracted/KolektorSDD2/train/10365.png,data/extracted/KolektorSDD2/train/10365_GT.png,False,a0faae82ac9a561e8ab77d8dab54b2b99beb673712179a8bde0fddc66e96f8df
train-10366,train,train,data/extracted/KolektorSDD2/train/10366.png,data/extracted/KolektorSDD2/train/10366_GT.png,False,638185f1631c19d0124307cdbfab260a8019bd985418789db9d4bdc759037c4b
train-10367,train,train,data/extracted/KolektorSDD2/train/10367.png,data/extracted/KolektorSDD2/train/10367_GT.png,True,71b46599f3e6e7212a889b0ce7b67b64502e4377c158de864ef5f28ab3b5103b
train-10368,train,train,data/extracted/KolektorSDD2/train/10368.png,data/extracted/KolektorSDD2/train/10368_GT.png,False,db6121eba0f34a84f38d5c821884f731712ffd2541eb17b9e9fea4aa3f29a573
train-10369,train,train,data/extracted/KolektorSDD2/train/10369.png,data/extracted/KolektorSDD2/train/10369_GT.png,False,ab8436b59927569d3ca3627c18977162d75a006d7b8b8013f610d5750380902c
train-10370,train,validation,data/extracted/KolektorSDD2/train/10370.png,data/extracted/KolektorSDD2/train/10370_GT.png,False,af39981a22f785cea9a676a8624f7fd741c55dbf96e8754082fa099aa86c9c47
train-10371,train,train,data/extracted/KolektorSDD2/train/10371.png,data/extracted/KolektorSDD2/train/10371_GT.png,False,da09f46a6e92c73bd9e5abdab7904d34957a9196187c0349a63384535c16a947
train-10372,train,train,data/extracted/KolektorSDD2/train/10372.png,data/extracted/KolektorSDD2/train/10372_GT.png,False,4b3a1f33565f73ff7b4bc0698bc2fa8fde2fa238ca7a0b93f47db61c31d41a17
train-10373,train,train,data/extracted/KolektorSDD2/train/10373.png,data/extracted/KolektorSDD2/train/10373_GT.png,False,cdff471a58d16d9a142594d7ebf975040836ddab518a9540e07474dac2270a71
train-10374,train,train,data/extracted/KolektorSDD2/train/10374.png,data/extracted/KolektorSDD2/train/10374_GT.png,False,5229fea17f90bf7fcb6edee936539f383d6a7bd7a2c9fb81c36e99e7f6d2cf1a
train-10375,train,validation,data/extracted/KolektorSDD2/train/10375.png,data/extracted/KolektorSDD2/train/10375_GT.png,False,cc895afc2cb43a2799362471958a1780677220635f6fe5ac29f83cf2068b1102
train-10376,train,train,data/extracted/KolektorSDD2/train/10376.png,data/extracted/KolektorSDD2/train/10376_GT.png,False,f40cb63ffd4ad573c732671a099145dbca77e31d14bab649b34e73e2d1ad800f
train-10377,train,train,data/extracted/KolektorSDD2/train/10377.png,data/extracted/KolektorSDD2/train/10377_GT.png,False,39f81d58ef2b97b2434d33b859fd5354ba936c43b5f051611e782df55f59de83
train-10378,train,train,data/extracted/KolektorSDD2/train/10378.png,data/extracted/KolektorSDD2/train/10378_GT.png,False,b3034d2393d8374d24c929fa80cba1d600caa22e04fd7bdcea0e07299719194d
train-10379,train,train,data/extracted/KolektorSDD2/train/10379.png,data/extracted/KolektorSDD2/train/10379_GT.png,False,8c6bdcc05c41bbbf2265ff9f2f2434ddfc973ba572836e50488b9a2f2fd4a1ef
train-10380,train,train,data/extracted/KolektorSDD2/train/10380.png,data/extracted/KolektorSDD2/train/10380_GT.png,False,254e2446d159f4f06013350ca4da66d84c181e4d5608dc1070e3091c158fef0a
train-10381,train,train,data/extracted/KolektorSDD2/train/10381.png,data/extracted/KolektorSDD2/train/10381_GT.png,False,34bef506b692630831875fdc0172e8d189966eead030f2f527b964ca88a3d2e8
train-10382,train,train,data/extracted/KolektorSDD2/train/10382.png,data/extracted/KolektorSDD2/train/10382_GT.png,True,a5545867b87a827f368a47990038c2e42955a347bf0202575ab19e744b4568a2
train-10383,train,train,data/extracted/KolektorSDD2/train/10383.png,data/extracted/KolektorSDD2/train/10383_GT.png,True,fbe648f4bee9a9296fcd4214ab37829e1a78ddddf18ce60ba5ecc7aab651aeb3
train-10384,train,train,data/extracted/KolektorSDD2/train/10384.png,data/extracted/KolektorSDD2/train/10384_GT.png,False,a9eff281078b078ebb3cec79ad3936e35f7cb83d7718ec4e1d1d029b0e08c685
train-10385,train,train,data/extracted/KolektorSDD2/train/10385.png,data/extracted/KolektorSDD2/train/10385_GT.png,False,7d2980d51104546281efcbc2cfec7ed4bcdf9c88c5c63c2f69f89ed185055b84
train-10386,train,train,data/extracted/KolektorSDD2/train/10386.png,data/extracted/KolektorSDD2/train/10386_GT.png,False,54c29df9b9aebf617f023f0a974a20898f901d5d64e6ad37d19ec81d80bbfb87
train-10387,train,train,data/extracted/KolektorSDD2/train/10387.png,data/extracted/KolektorSDD2/train/10387_GT.png,False,f0a3bd810a205099b1d68e7bdc8d3fed9acefe6467f9280e975c99a3ddf3b892
train-10388,train,train,data/extracted/KolektorSDD2/train/10388.png,data/extracted/KolektorSDD2/train/10388_GT.png,False,c134894875c31ebd6f6f79c3f2c06be0c63f8d88fbb51a40fd1aa379271e5c9a
train-10389,train,train,data/extracted/KolektorSDD2/train/10389.png,data/extracted/KolektorSDD2/train/10389_GT.png,False,d022b671c45053d2a87ed3a7cafbf6fe1fd0f136c2d3021eaa762222ec2ae516
train-10390,train,train,data/extracted/KolektorSDD2/train/10390.png,data/extracted/KolektorSDD2/train/10390_GT.png,False,939c99c5b45b47b8afe3e62e50d183aa8f7400884e04a34dee4083a26c519ab9
train-10391,train,train,data/extracted/KolektorSDD2/train/10391.png,data/extracted/KolektorSDD2/train/10391_GT.png,False,fcee235aef5a6d77f6c4688de986a058affca36b32abf91e15975f508d6b3bdf
train-10392,train,train,data/extracted/KolektorSDD2/train/10392.png,data/extracted/KolektorSDD2/train/10392_GT.png,False,0c899235b855d213b1385fdf40faad3f7baea0c92c5e0c20e1f51ac4b9085f11
train-10393,train,train,data/extracted/KolektorSDD2/train/10393.png,data/extracted/KolektorSDD2/train/10393_GT.png,False,26b592dd3a4796557736b4eb9bf546e0beb34a700fc392f91f9b69d3d75d6a4d
train-10394,train,train,data/extracted/KolektorSDD2/train/10394.png,data/extracted/KolektorSDD2/train/10394_GT.png,False,72054a088ecf0a3d52aae48a93877d8fb928ebae1beb71c89770f408d894a41e
train-10395,train,train,data/extracted/KolektorSDD2/train/10395.png,data/extracted/KolektorSDD2/train/10395_GT.png,False,3d3c6bf6a3c4cced328fde8ce9ba0710f6b01b197e3f7b0c7d28fa2cd3acd78a
train-10396,train,train,data/extracted/KolektorSDD2/train/10396.png,data/extracted/KolektorSDD2/train/10396_GT.png,True,a349587d8f1c02939acfc5f250e625c4743bb909e43250deb244b1d5db868939
train-10397,train,validation,data/extracted/KolektorSDD2/train/10397.png,data/extracted/KolektorSDD2/train/10397_GT.png,False,0739062d6938cc88116050f0bbe5cec464f361d5fdfde70cae1ab3a00ff64303
train-10398,train,train,data/extracted/KolektorSDD2/train/10398.png,data/extracted/KolektorSDD2/train/10398_GT.png,False,430a9dde23fd633209876f162a16da4f76940c3ae7ab2f5c2825fc34df025caa
train-10399,train,validation,data/extracted/KolektorSDD2/train/10399.png,data/extracted/KolektorSDD2/train/10399_GT.png,False,cfa958706924aada4fdeb841bdb6b4ba3c1977712793417bd8919616ba4b141f
train-10400,train,train,data/extracted/KolektorSDD2/train/10400.png,data/extracted/KolektorSDD2/train/10400_GT.png,False,6f835424ed094421f7a456dddf3b07207e9b3a4a5e1f733b8f46d63e151202be
train-10401,train,train,data/extracted/KolektorSDD2/train/10401.png,data/extracted/KolektorSDD2/train/10401_GT.png,True,d7c1a316d8063ff214ca09e7601a47a40ca58522488b0f3f0a63d88d26d5e284
train-10402,train,train,data/extracted/KolektorSDD2/train/10402.png,data/extracted/KolektorSDD2/train/10402_GT.png,True,016f593a453bbff5c33e840dfea4b882164dd93d6608494740b6f455e1317603
train-10403,train,train,data/extracted/KolektorSDD2/train/10403.png,data/extracted/KolektorSDD2/train/10403_GT.png,True,362b081a989a3baef4dd418c87d0bfb76871291811c42e98a08217899c5abdf5
train-10404,train,train,data/extracted/KolektorSDD2/train/10404.png,data/extracted/KolektorSDD2/train/10404_GT.png,False,a684f2f3cf50dc3c4476592e87b3276198f7211fa1fbf90fde6d7f0d5d8f48ee
train-10405,train,train,data/extracted/KolektorSDD2/train/10405.png,data/extracted/KolektorSDD2/train/10405_GT.png,False,f812faac451fa99c63422a82e985fa7aa4bf16a857eb96ded7b7d159c40c498b
train-10406,train,train,data/extracted/KolektorSDD2/train/10406.png,data/extracted/KolektorSDD2/train/10406_GT.png,False,c0b7dcefbb942f209e7781468fa17d225f00c994292de613aa2a7e947482bb36
train-10407,train,train,data/extracted/KolektorSDD2/train/10407.png,data/extracted/KolektorSDD2/train/10407_GT.png,False,6ad9f4e86f32616dd62e02b734a096d49f0a81dfb5c8bdb5e095bd42ed15678e
train-10408,train,validation,data/extracted/KolektorSDD2/train/10408.png,data/extracted/KolektorSDD2/train/10408_GT.png,False,134d8d74cc320ddf765150238c8d794cb341b4512ac316cf36609274b853b75e
train-10409,train,train,data/extracted/KolektorSDD2/train/10409.png,data/extracted/KolektorSDD2/train/10409_GT.png,False,06580acb814e2e71d39657aa8768dc4a53fd1038d6139dc9bdd92aff7c3237ea
train-10410,train,validation,data/extracted/KolektorSDD2/train/10410.png,data/extracted/KolektorSDD2/train/10410_GT.png,False,f3a13d763e1f3fd97a989d5802f3e93e8116482f32c081de1a3ed8cb2b4c210d
train-10411,train,validation,data/extracted/KolektorSDD2/train/10411.png,data/extracted/KolektorSDD2/train/10411_GT.png,False,c5c005bcbad96ce413211861457652b3e0342c4c510975c437c0f77c2e8458bf
train-10412,train,train,data/extracted/KolektorSDD2/train/10412.png,data/extracted/KolektorSDD2/train/10412_GT.png,False,df43662997653e639acae65d6034259d7cf18411638f9f63a05041c6713b417b
train-10413,train,train,data/extracted/KolektorSDD2/train/10413.png,data/extracted/KolektorSDD2/train/10413_GT.png,False,bae945c95cc06b93ccee2578d944ec710d737547e70603d79d3c4c323c533f49
train-10414,train,train,data/extracted/KolektorSDD2/train/10414.png,data/extracted/KolektorSDD2/train/10414_GT.png,True,1e2ebc70b3f9983446e08e1a8b52f8cc8aaacd87dbbc9b353639a288c538b51e
train-10415,train,validation,data/extracted/KolektorSDD2/train/10415.png,data/extracted/KolektorSDD2/train/10415_GT.png,False,b0aa22f829d30a37c450c56e19e06b6d66c4570a3073d391d2140261f06bccfe
train-10416,train,train,data/extracted/KolektorSDD2/train/10416.png,data/extracted/KolektorSDD2/train/10416_GT.png,False,abb4ee1cd781b82ffbed18c0e2e1441303d543ea2d869086028f39edf250252b
train-10417,train,train,data/extracted/KolektorSDD2/train/10417.png,data/extracted/KolektorSDD2/train/10417_GT.png,False,01513715439147c19c04ff605b825b98cc5cea95957ac701eb94e7fbd087b53c
train-10418,train,train,data/extracted/KolektorSDD2/train/10418.png,data/extracted/KolektorSDD2/train/10418_GT.png,False,73fdaffe37ebe90bdb2a497499f8277027ec6e65239019a2e1d8fc496bf3f2dc
train-10419,train,train,data/extracted/KolektorSDD2/train/10419.png,data/extracted/KolektorSDD2/train/10419_GT.png,False,6f2f76ebc0273d8f643127781d13e9717c1d9e0c5a18e15a245b7cb7182a16d6
train-10420,train,train,data/extracted/KolektorSDD2/train/10420.png,data/extracted/KolektorSDD2/train/10420_GT.png,False,4b3640b67000210f14c1390230c9258f3aef340a25b892be365ca76b7e912545
train-10421,train,train,data/extracted/KolektorSDD2/train/10421.png,data/extracted/KolektorSDD2/train/10421_GT.png,True,663ead6ae1dd4e11360cc34ad8a0ae3fc03b0a35477fdec0c4b1ce87bb2819a9
train-10422,train,train,data/extracted/KolektorSDD2/train/10422.png,data/extracted/KolektorSDD2/train/10422_GT.png,False,c07e649e025bde7b722823d3a989c35e41fefafbb6f467374198b109cb59f74a
train-10423,train,validation,data/extracted/KolektorSDD2/train/10423.png,data/extracted/KolektorSDD2/train/10423_GT.png,True,7d4cb6b573b3591301019b7870209d8d35bc8169cade5e9fdc88d8dd4250fb28
train-10424,train,train,data/extracted/KolektorSDD2/train/10424.png,data/extracted/KolektorSDD2/train/10424_GT.png,False,3b770542907c47bf9cfa5fa4e835b2c262a73f73a1c3b6347fdcbda7c7aba524
train-10425,train,train,data/extracted/KolektorSDD2/train/10425.png,data/extracted/KolektorSDD2/train/10425_GT.png,False,68521c6db9cc1c18d260a7825588b120e751ff6141ac284d9d5763928573eed4
train-10426,train,validation,data/extracted/KolektorSDD2/train/10426.png,data/extracted/KolektorSDD2/train/10426_GT.png,True,e35fcdccc551e491d675e81a6141293da0b3043e5ec5b98b1a25eab6fdd435ef
train-10427,train,train,data/extracted/KolektorSDD2/train/10427.png,data/extracted/KolektorSDD2/train/10427_GT.png,False,232e2dcb3f0f18ae965e26a4c7c5b99cf79137b9fd211d71c05635189f999aa2
train-10428,train,train,data/extracted/KolektorSDD2/train/10428.png,data/extracted/KolektorSDD2/train/10428_GT.png,False,cf4e164cf1fd5aa57b39b2b3852cad633445f846a7d75eeabdafdc33fd6b7457
train-10429,train,train,data/extracted/KolektorSDD2/train/10429.png,data/extracted/KolektorSDD2/train/10429_GT.png,False,e1150ef8849948a1b9a0c65aa237364a56c355ebc3e21652cd34c908340abb95
train-10430,train,train,data/extracted/KolektorSDD2/train/10430.png,data/extracted/KolektorSDD2/train/10430_GT.png,False,3863650e7124681bc7780aba4979bf1d6608a65588457942316bf9688b4f5de6
train-10431,train,validation,data/extracted/KolektorSDD2/train/10431.png,data/extracted/KolektorSDD2/train/10431_GT.png,False,12edf71d055576e9532ea212fcf258d66992d721fd8d959c7232875af623fd08
train-10432,train,train,data/extracted/KolektorSDD2/train/10432.png,data/extracted/KolektorSDD2/train/10432_GT.png,False,a463428484122e32905b8bad9ec8968fed16cacb7a01cdf18f5b6c2c2a7bb253
train-10433,train,train,data/extracted/KolektorSDD2/train/10433.png,data/extracted/KolektorSDD2/train/10433_GT.png,False,26e46d71312178281dd3fa720b39bd4a3b287634e100c5b2e7f2a5a763e7d681
train-10434,train,train,data/extracted/KolektorSDD2/train/10434.png,data/extracted/KolektorSDD2/train/10434_GT.png,False,c74fa8aa6a47981e1f08959a438714dabcb18f94544a0bf04606954864e918d5
train-10435,train,train,data/extracted/KolektorSDD2/train/10435.png,data/extracted/KolektorSDD2/train/10435_GT.png,False,e6d13aaea3f5941dfdc0e10f0bb65e0542bfc2bc40a67974c9d5123043f83c52
train-10436,train,train,data/extracted/KolektorSDD2/train/10436.png,data/extracted/KolektorSDD2/train/10436_GT.png,False,49d4bd3ad1b067f650bce098d24ce27840bf44635d6990c0c96cc45d4eace4ea
train-10437,train,train,data/extracted/KolektorSDD2/train/10437.png,data/extracted/KolektorSDD2/train/10437_GT.png,False,88be8f5da0aeef7935d543e32b795d3e308e4d9b08d12af8e26df4ae81c6b111
train-10438,train,train,data/extracted/KolektorSDD2/train/10438.png,data/extracted/KolektorSDD2/train/10438_GT.png,False,d95095f671fa0f3979c31580387e69ce1eee6679e1045b4f2cc19fb62f8a6606
train-10439,train,train,data/extracted/KolektorSDD2/train/10439.png,data/extracted/KolektorSDD2/train/10439_GT.png,False,585b3f019b4a48ed28c5717fec9048796d69ed3676ad9a95765cb2b2223a21dc
train-10440,train,validation,data/extracted/KolektorSDD2/train/10440.png,data/extracted/KolektorSDD2/train/10440_GT.png,False,e2003452b12363d0036e18eb9a566d8aaf4573bbd666e6d95b7b623b999daab6
train-10441,train,validation,data/extracted/KolektorSDD2/train/10441.png,data/extracted/KolektorSDD2/train/10441_GT.png,False,380877c793562d4b5b4f958ca749f5fe8569bb6e8f5d5eef58e26dad9aa0a7b1
train-10442,train,train,data/extracted/KolektorSDD2/train/10442.png,data/extracted/KolektorSDD2/train/10442_GT.png,False,22d00e2da801a596ecbbced2bbde19ed9c5896b53ecf46d07de1e33826960487
train-10443,train,validation,data/extracted/KolektorSDD2/train/10443.png,data/extracted/KolektorSDD2/train/10443_GT.png,False,7b73ef11a4993fa258b62cdfc1b8adc61e2062faa464e0815ed143a1ed5c8a29
train-10444,train,train,data/extracted/KolektorSDD2/train/10444.png,data/extracted/KolektorSDD2/train/10444_GT.png,False,289691c0dc43573a72c961f5fd98e48e7370c99befad25d1ab7ee9156f3da7f9
train-10445,train,train,data/extracted/KolektorSDD2/train/10445.png,data/extracted/KolektorSDD2/train/10445_GT.png,False,072bd0c4399c0de7ee3ae8156d65f66926fc80d7fd71c0ab463b48696d85833b
train-10446,train,train,data/extracted/KolektorSDD2/train/10446.png,data/extracted/KolektorSDD2/train/10446_GT.png,False,dbe19ebe6a05edd3adeaa5ae30bbc2900424fdfbc2b7be5c835e323c754d5000
train-10447,train,train,data/extracted/KolektorSDD2/train/10447.png,data/extracted/KolektorSDD2/train/10447_GT.png,False,2254b33677493fb90936fdd52c101f3e42aedac143fdb3ff8140bfa86870013b
train-10448,train,train,data/extracted/KolektorSDD2/train/10448.png,data/extracted/KolektorSDD2/train/10448_GT.png,False,6937898228d26fab742f10d6f4ec1b2264e3cccb94d0db7dca67ca6edac6d4d0
train-10449,train,train,data/extracted/KolektorSDD2/train/10449.png,data/extracted/KolektorSDD2/train/10449_GT.png,False,8f14bd3462c2058cff6877bb568a56ef84a9ad4bd27a5b5468dbe540b57d5a57
train-10450,train,train,data/extracted/KolektorSDD2/train/10450.png,data/extracted/KolektorSDD2/train/10450_GT.png,False,ce2a0003d768ff2e7b4e4aafebdc03ee483f0c1f0da1c52f847e5cea2c90f1ff
train-10451,train,train,data/extracted/KolektorSDD2/train/10451.png,data/extracted/KolektorSDD2/train/10451_GT.png,False,08d0429a3e56dc3175ab46d56a0c05c74f399b68e93f1d33d2ecd80be721d718
train-10452,train,train,data/extracted/KolektorSDD2/train/10452.png,data/extracted/KolektorSDD2/train/10452_GT.png,False,f181c5e40920fd596e85518ce35836238d40bdadc5416f9cd599709d5e5b60ac
train-10453,train,train,data/extracted/KolektorSDD2/train/10453.png,data/extracted/KolektorSDD2/train/10453_GT.png,False,d621d2d6cb7264e62ff199d4aea46ea8fe2225edcb69e362915cdb84e7cd8999
train-10454,train,train,data/extracted/KolektorSDD2/train/10454.png,data/extracted/KolektorSDD2/train/10454_GT.png,False,d005e44b9a01bc2ae2e8724d8ea226718fd7ea371471c6d6433a4805ba33ab17
train-10455,train,train,data/extracted/KolektorSDD2/train/10455.png,data/extracted/KolektorSDD2/train/10455_GT.png,False,8e7c011ada5958c7d7616173b2aa37ba040b37d8c1a451ce592253fb93801ca4
train-10456,train,train,data/extracted/KolektorSDD2/train/10456.png,data/extracted/KolektorSDD2/train/10456_GT.png,False,a1d489348dfc6cef628829049aaf38098d5bb97a1c754e71a583c64c429d0a73
train-10457,train,train,data/extracted/KolektorSDD2/train/10457.png,data/extracted/KolektorSDD2/train/10457_GT.png,True,e1ec0e831d83e54e37d4e079699f5a4ee664ae6cb1e2f3a7cdd3e46bb3270576
train-10458,train,train,data/extracted/KolektorSDD2/train/10458.png,data/extracted/KolektorSDD2/train/10458_GT.png,False,b7da5caca11bb8ef53ca2a1c623187b9e018da2dcb5d765d5b98622d5ec13d3f
train-10459,train,train,data/extracted/KolektorSDD2/train/10459.png,data/extracted/KolektorSDD2/train/10459_GT.png,False,055b7aa45f5ee0acbf318d3648bfe919a11be991bda0e39a05dfd020382b20b9
train-10460,train,train,data/extracted/KolektorSDD2/train/10460.png,data/extracted/KolektorSDD2/train/10460_GT.png,False,6977ef2bcb16a6b2f5cbeabe028bb9da584461013605db9f09be8bc21d8a708b
train-10461,train,train,data/extracted/KolektorSDD2/train/10461.png,data/extracted/KolektorSDD2/train/10461_GT.png,False,c477dd3229e5be7bf173ef0e78dac1bb78e9db22e20121d70ca2b963a01f9890
train-10462,train,train,data/extracted/KolektorSDD2/train/10462.png,data/extracted/KolektorSDD2/train/10462_GT.png,False,94127fa4b2c09e12dd78e483f5a7f963ed87912fb96a9de6b3ae2c574d8dfd91
train-10463,train,validation,data/extracted/KolektorSDD2/train/10463.png,data/extracted/KolektorSDD2/train/10463_GT.png,False,72705af7d528fd1a8eecea11cdbf8e401dd15fa6e77e46e7a9ef3b03de992a8e
train-10464,train,train,data/extracted/KolektorSDD2/train/10464.png,data/extracted/KolektorSDD2/train/10464_GT.png,False,8957afdd117300bdc351f8a83a3b6650b64b4e2d6b5b093d7ce443227a13a44c
train-10465,train,train,data/extracted/KolektorSDD2/train/10465.png,data/extracted/KolektorSDD2/train/10465_GT.png,False,674c1f0d16fa71e2404c4ea80572269b7d576e1c02de41fda967366f2d25072f
train-10466,train,validation,data/extracted/KolektorSDD2/train/10466.png,data/extracted/KolektorSDD2/train/10466_GT.png,True,91128608bfc9153ecd088cb371d3747e20accd601e48254a7ee3410c4eb0d831
train-10467,train,train,data/extracted/KolektorSDD2/train/10467.png,data/extracted/KolektorSDD2/train/10467_GT.png,False,2693e1b4bc35a665a9685e9432cb34ecbcd06b327d3e8e043139b9082858a0a6
train-10468,train,validation,data/extracted/KolektorSDD2/train/10468.png,data/extracted/KolektorSDD2/train/10468_GT.png,False,fa790052cef441f7b52ca48bf57e8bb935f22fd634f78501a1c5de476a4093ee
train-10469,train,train,data/extracted/KolektorSDD2/train/10469.png,data/extracted/KolektorSDD2/train/10469_GT.png,False,3783c0da557e28cab27113ba8480e4acd56f606f99bf9f2ca78d3cffe5239aba
train-10470,train,train,data/extracted/KolektorSDD2/train/10470.png,data/extracted/KolektorSDD2/train/10470_GT.png,False,f563994576c51783beb700ac859b17e76da590fc0ca30b98d13292e640ecfd72
train-10471,train,train,data/extracted/KolektorSDD2/train/10471.png,data/extracted/KolektorSDD2/train/10471_GT.png,False,8e52f31d825a32188f95255a0cee9cba28ce24dc09f478f54a871b00e549e76d
train-10472,train,train,data/extracted/KolektorSDD2/train/10472.png,data/extracted/KolektorSDD2/train/10472_GT.png,False,b3a4db007d5c7d4d54d3028227da26f3497b10299ffbbf2e90c6dc1a6f6ca26c
train-10473,train,validation,data/extracted/KolektorSDD2/train/10473.png,data/extracted/KolektorSDD2/train/10473_GT.png,False,273ef5a565a2088952e0e48486ddc6a290d94fdb17b4cf563cfb62346ecf9d87
train-10474,train,train,data/extracted/KolektorSDD2/train/10474.png,data/extracted/KolektorSDD2/train/10474_GT.png,False,edcfc19cbd232e1e317c932903df7305f3b1a32b0ca76efe7079273c90082e43
train-10475,train,train,data/extracted/KolektorSDD2/train/10475.png,data/extracted/KolektorSDD2/train/10475_GT.png,False,d4129fab35526f5c32f2b77a07b6adc92fd061f5daeca7f84169ec89140e324d
train-10476,train,train,data/extracted/KolektorSDD2/train/10476.png,data/extracted/KolektorSDD2/train/10476_GT.png,False,62b73bba71f7232a754332d50b27758f12436de0106f1b5750a6cab7f3fa9404
train-10477,train,validation,data/extracted/KolektorSDD2/train/10477.png,data/extracted/KolektorSDD2/train/10477_GT.png,False,456863f007c1a7d8443c41319c068711d637f33d87f7487d65b88139a56a11dc
train-10478,train,train,data/extracted/KolektorSDD2/train/10478.png,data/extracted/KolektorSDD2/train/10478_GT.png,True,2815ee13eff955cd3dac4d09b12414cdb491273f61eeadf01dd71456e1fe46fc
train-10479,train,train,data/extracted/KolektorSDD2/train/10479.png,data/extracted/KolektorSDD2/train/10479_GT.png,False,2850cea4fae2d277863ecde1cbbd14dc32079c1dbd6b3e4c2e3667b083faa4f0
train-10480,train,train,data/extracted/KolektorSDD2/train/10480.png,data/extracted/KolektorSDD2/train/10480_GT.png,False,aaff94f5d988a778501b58719db0f2594c9011d2571d269b2b7afb1d611cadfb
train-10481,train,train,data/extracted/KolektorSDD2/train/10481.png,data/extracted/KolektorSDD2/train/10481_GT.png,False,3511c58c6f916a0a411d19bbf40cf3c1205a28e5f89ffe1a18bb7285f923f667
train-10482,train,train,data/extracted/KolektorSDD2/train/10482.png,data/extracted/KolektorSDD2/train/10482_GT.png,False,1d996963177a861da338ef5f94120061e4d85491c787f3651dc3600d194adfd1
train-10483,train,train,data/extracted/KolektorSDD2/train/10483.png,data/extracted/KolektorSDD2/train/10483_GT.png,False,8829ab8d0fdac4e340197cce1e8e5663c670e9845b84e0eb33369cc9f40b9f29
train-10484,train,train,data/extracted/KolektorSDD2/train/10484.png,data/extracted/KolektorSDD2/train/10484_GT.png,False,90894c5a2bb496fc9dea47140e60b29c35101ea8e0b2f2377e6e064ad9ac3688
train-10485,train,train,data/extracted/KolektorSDD2/train/10485.png,data/extracted/KolektorSDD2/train/10485_GT.png,False,b17370219d26a4d760cf183d3a5660acf3ce2d0325f54893232d5385a662bb18
train-10486,train,train,data/extracted/KolektorSDD2/train/10486.png,data/extracted/KolektorSDD2/train/10486_GT.png,False,2d7baf46f7684db6a636543b48f0c110e04c52e3507838efc2d6cd7cf4cb19a8
train-10487,train,train,data/extracted/KolektorSDD2/train/10487.png,data/extracted/KolektorSDD2/train/10487_GT.png,True,0d011ccb563c4e8255d5e1d962ca0d634ebb6f3878b85afb763ed464475dd19d
train-10488,train,train,data/extracted/KolektorSDD2/train/10488.png,data/extracted/KolektorSDD2/train/10488_GT.png,False,dd0f344f844343f1a2afa8a05bf624c458baff03901f0dff0c087c125d6f52a2
train-10489,train,train,data/extracted/KolektorSDD2/train/10489.png,data/extracted/KolektorSDD2/train/10489_GT.png,False,5eae2dd29a51bb3ceef4541d20e895f9a4fd391a0049ea6bc83dfa46a651428c
train-10490,train,train,data/extracted/KolektorSDD2/train/10490.png,data/extracted/KolektorSDD2/train/10490_GT.png,False,cc410030270b13f95b22fe0148300e4448c4f4cf37c7bf4afc57bc09bc2aeb4a
train-10491,train,train,data/extracted/KolektorSDD2/train/10491.png,data/extracted/KolektorSDD2/train/10491_GT.png,False,6147f983d9d91d4dc646c3c796863a8b12e4b27cb0dcc024f12d9063f12268c6
train-10492,train,train,data/extracted/KolektorSDD2/train/10492.png,data/extracted/KolektorSDD2/train/10492_GT.png,False,0b1ac96cc047c3b638a644fb5107d2111090585d27c08740625c40633b31c0de
train-10493,train,train,data/extracted/KolektorSDD2/train/10493.png,data/extracted/KolektorSDD2/train/10493_GT.png,False,fae694346cfac1c1216d279a048f2b746e6275b4b54e5fe6de3b41e776953515
train-10494,train,train,data/extracted/KolektorSDD2/train/10494.png,data/extracted/KolektorSDD2/train/10494_GT.png,False,6417ce576f4519371d0921c83bca0c769e8cd17354f706ccc3d9051fe2f59229
train-10495,train,train,data/extracted/KolektorSDD2/train/10495.png,data/extracted/KolektorSDD2/train/10495_GT.png,False,62b2c5ffcd9cad33c9bdf5cb7c455a33500e618a76d687ae78ffc1c1e2d1c947
train-10496,train,validation,data/extracted/KolektorSDD2/train/10496.png,data/extracted/KolektorSDD2/train/10496_GT.png,False,8544b28a2d189d52599abbc3ae99f05c07fa27b5b8d0f809773f6873aee4bc3c
train-10497,train,train,data/extracted/KolektorSDD2/train/10497.png,data/extracted/KolektorSDD2/train/10497_GT.png,False,1723d0c44e2b0a6e7cb7e0678566a98d83d2a25def15600fede6893e83094f7b
train-10498,train,train,data/extracted/KolektorSDD2/train/10498.png,data/extracted/KolektorSDD2/train/10498_GT.png,False,3d7161d374865c8da02969970be74cbfe7a1ef37c0900d0937802ed5db9d1473
train-10499,train,validation,data/extracted/KolektorSDD2/train/10499.png,data/extracted/KolektorSDD2/train/10499_GT.png,True,75748093c77e1cf26af1996c61b5530d67ba75e69da088ec3ff94824b0db0c10
train-10500,train,train,data/extracted/KolektorSDD2/train/10500.png,data/extracted/KolektorSDD2/train/10500_GT.png,False,eb0ba684178b6131be82d545a33b9af4b96fec9798d8d735eee663bcac2a00a9
train-10501,train,train,data/extracted/KolektorSDD2/train/10501.png,data/extracted/KolektorSDD2/train/10501_GT.png,False,0015314f82d87f4db08c21d6738844f62ad2e3e44a35bff8db261057f3199058
train-10502,train,train,data/extracted/KolektorSDD2/train/10502.png,data/extracted/KolektorSDD2/train/10502_GT.png,True,9917863ef36889ba38a668dd8df797634c94732d924c6ba74fcf16aefe8a70c8
train-10503,train,train,data/extracted/KolektorSDD2/train/10503.png,data/extracted/KolektorSDD2/train/10503_GT.png,False,c9b49dbb821fe2b658bbf37933bf1586bbad392cd828d0cf9ca92a752e4e140e
train-10504,train,train,data/extracted/KolektorSDD2/train/10504.png,data/extracted/KolektorSDD2/train/10504_GT.png,False,3cf27e6b17bcda79c4452d746788ad55c7222fb3886220d535354b3375e29513
train-10505,train,train,data/extracted/KolektorSDD2/train/10505.png,data/extracted/KolektorSDD2/train/10505_GT.png,False,9bfbc931d2ad73572ebbea251080ff73f83e5890fd5600f6266bf76a4366f857
train-10506,train,train,data/extracted/KolektorSDD2/train/10506.png,data/extracted/KolektorSDD2/train/10506_GT.png,True,306a53bccd5f6f0bc5bf779aad75ca04d34f60438c66f92765dd1475f8c554b5
train-10507,train,train,data/extracted/KolektorSDD2/train/10507.png,data/extracted/KolektorSDD2/train/10507_GT.png,False,bd9bdb707533b51d25b7d4e8a9c09d90ec402ce791e42dedaf159b9ae1a9e571
train-10508,train,train,data/extracted/KolektorSDD2/train/10508.png,data/extracted/KolektorSDD2/train/10508_GT.png,False,5eed88bafd3d11378cd0e44e7f8b637a56e4660beec0eaffee4e74f4257f92c7
train-10509,train,train,data/extracted/KolektorSDD2/train/10509.png,data/extracted/KolektorSDD2/train/10509_GT.png,False,4f2c3363ec59f8f400feaefddefbf3f9774a648870cebe159708fd8d411beba8
train-10510,train,train,data/extracted/KolektorSDD2/train/10510.png,data/extracted/KolektorSDD2/train/10510_GT.png,False,b543079d25d0dc5e17f99a4afdebff4b42d5d85dd48e5915d79916cdb0a460d3
train-10511,train,train,data/extracted/KolektorSDD2/train/10511.png,data/extracted/KolektorSDD2/train/10511_GT.png,False,5526b8bc7ebef4c2f8b8db7aa629ed25cfe43f906f105d397341538cb4dc9aa8
train-10512,train,train,data/extracted/KolektorSDD2/train/10512.png,data/extracted/KolektorSDD2/train/10512_GT.png,False,47a4d3329dcfcfe91cdc906416b7164fe8b192fe50c8e497eaac336fed3f8013
train-10513,train,train,data/extracted/KolektorSDD2/train/10513.png,data/extracted/KolektorSDD2/train/10513_GT.png,False,8900987e417bbe4864d8f6395a49900f052ad39abc1487e0475306777bb5e760
train-10514,train,train,data/extracted/KolektorSDD2/train/10514.png,data/extracted/KolektorSDD2/train/10514_GT.png,True,365c4a8092a8a8701e3e10b2d9c32de2bfd87e19e90371f53c0778ef04713776
train-10515,train,train,data/extracted/KolektorSDD2/train/10515.png,data/extracted/KolektorSDD2/train/10515_GT.png,False,b9aadf6871279cb0a5028898b8bc2efe6fe4d85faf7a0a6efd108365a32e6e00
train-10516,train,train,data/extracted/KolektorSDD2/train/10516.png,data/extracted/KolektorSDD2/train/10516_GT.png,True,e5aea122913ce01745678fd1cc58ab2ae4238bb5bc0def43a93a3b8b07da920a
train-10517,train,train,data/extracted/KolektorSDD2/train/10517.png,data/extracted/KolektorSDD2/train/10517_GT.png,False,565388a2133f9e896a623204253e61c44fa203e358e0e7ad528fe092c1a336ea
train-10518,train,train,data/extracted/KolektorSDD2/train/10518.png,data/extracted/KolektorSDD2/train/10518_GT.png,False,7ce8b6af22e6d5690115b8655de0fdc89b972c85189ee730c267413488a91b97
train-10519,train,train,data/extracted/KolektorSDD2/train/10519.png,data/extracted/KolektorSDD2/train/10519_GT.png,False,3e6cad871988bb5e20952aeb300d888c8f9c672ed38028642d5ec42fc696cf6f
train-10520,train,train,data/extracted/KolektorSDD2/train/10520.png,data/extracted/KolektorSDD2/train/10520_GT.png,False,f3c1e69f10c97ee89e8f2d51447f75f5720188181fd7ee1a830126b21ea012cf
train-10521,train,train,data/extracted/KolektorSDD2/train/10521.png,data/extracted/KolektorSDD2/train/10521_GT.png,False,83455066428532e073c0342511ecb70b5004572277bfce8e7de289dacbce7236
train-10522,train,train,data/extracted/KolektorSDD2/train/10522.png,data/extracted/KolektorSDD2/train/10522_GT.png,False,827e09e0f57cc176a682b3c6e21d95b2be78b3f82d8f33b59c7db3179f1261c9
train-10523,train,train,data/extracted/KolektorSDD2/train/10523.png,data/extracted/KolektorSDD2/train/10523_GT.png,False,367db0d0eb00b0e28b5b4b547bad89a8dc8706bbdb1782fbbafbb007dc9e831a
train-10524,train,train,data/extracted/KolektorSDD2/train/10524.png,data/extracted/KolektorSDD2/train/10524_GT.png,False,16e1472b014695bc100c1e7762eb4cca564c83be2b6df458c7d85f2409fdba93
train-10525,train,train,data/extracted/KolektorSDD2/train/10525.png,data/extracted/KolektorSDD2/train/10525_GT.png,False,2215ea036fb3441ca9b1f38fe4f174e3785d3bf8dca5c0f14a6e8f83af6cba40
train-10526,train,train,data/extracted/KolektorSDD2/train/10526.png,data/extracted/KolektorSDD2/train/10526_GT.png,False,7ac1d0d199a049d462f22f5535690c5f8069e03c0993365d0e5bc0e79d6ddcbc
train-10527,train,train,data/extracted/KolektorSDD2/train/10527.png,data/extracted/KolektorSDD2/train/10527_GT.png,False,74878990d1364b222d15ccc37bd24c22b3ce9f23ebd0ac2bd48dc568076a8b3e
train-10528,train,validation,data/extracted/KolektorSDD2/train/10528.png,data/extracted/KolektorSDD2/train/10528_GT.png,False,dece59fc8d4d3df457ffe77cc18644306ca613e034b499e62599fbc1f6cc720e
train-10529,train,train,data/extracted/KolektorSDD2/train/10529.png,data/extracted/KolektorSDD2/train/10529_GT.png,False,76f7db9fce0eef8f298fb428bbe1eef70bbd32ab13ca28308126fd68230784a1
train-10530,train,train,data/extracted/KolektorSDD2/train/10530.png,data/extracted/KolektorSDD2/train/10530_GT.png,False,d7747f827a5b2f10a92bfdfd3f0d06c27743b6938a2e03276d1d712323d0787e
train-10531,train,train,data/extracted/KolektorSDD2/train/10531.png,data/extracted/KolektorSDD2/train/10531_GT.png,False,95a219c75bf10220c197eb9f5f99c489cbc18ce3e9149b4707d395fcae370e09
train-10532,train,train,data/extracted/KolektorSDD2/train/10532.png,data/extracted/KolektorSDD2/train/10532_GT.png,False,bf4a0d2d1dec0ebbce43a208216a5700ca3f7ed7e3ffe8d9eabf915e8bc8220f
train-10533,train,train,data/extracted/KolektorSDD2/train/10533.png,data/extracted/KolektorSDD2/train/10533_GT.png,False,0c9cc310bae589aa1b80f71d5f2c51adaefbf32a4f2d47f6d785cf041dbaa6d9
train-10534,train,validation,data/extracted/KolektorSDD2/train/10534.png,data/extracted/KolektorSDD2/train/10534_GT.png,False,3f8e00e670f35c3cab8089ee5b8ff9427b6ee7e4715e0d6af71ddcc1305cff98
train-10535,train,train,data/extracted/KolektorSDD2/train/10535.png,data/extracted/KolektorSDD2/train/10535_GT.png,False,bc5ea8f346111ae9c1719b0dac7759fc25bbfa8e5015da163069ef3ff038925a
train-10536,train,train,data/extracted/KolektorSDD2/train/10536.png,data/extracted/KolektorSDD2/train/10536_GT.png,True,c68c4a41beef4f59447bbaeee75653b3ef2e2d88ca202b2609eb9ed31e7e4b66
train-10537,train,validation,data/extracted/KolektorSDD2/train/10537.png,data/extracted/KolektorSDD2/train/10537_GT.png,False,ac74969dfa793dffe72caebcc7c0b32bf1c98ac919159fbe75d422f228a8583e
train-10538,train,train,data/extracted/KolektorSDD2/train/10538.png,data/extracted/KolektorSDD2/train/10538_GT.png,False,f575d9a9b4b893916cbd28b8378051e24a7ab2bf18aedb51060452b259ce393e
train-10539,train,validation,data/extracted/KolektorSDD2/train/10539.png,data/extracted/KolektorSDD2/train/10539_GT.png,False,b96f708e6b564291321f26748b8027cacba0249349b430eb9c8537780fc34d54
train-10540,train,train,data/extracted/KolektorSDD2/train/10540.png,data/extracted/KolektorSDD2/train/10540_GT.png,False,8293aaf149ce447d0594f71dbb76a6025b254b80a5d0806de5f8d04ae37b2c9c
train-10541,train,train,data/extracted/KolektorSDD2/train/10541.png,data/extracted/KolektorSDD2/train/10541_GT.png,False,685ccec20726dc1267a3b2489f0c06c5b241d08c8a1bfbea7f3aea4d4b0b2c9a
train-10542,train,train,data/extracted/KolektorSDD2/train/10542.png,data/extracted/KolektorSDD2/train/10542_GT.png,False,b263aa2a3a82b1f6f8e0f4076bc7b8d7fa8e15e93e25a6ababcadf3a876b64ac
train-10543,train,train,data/extracted/KolektorSDD2/train/10543.png,data/extracted/KolektorSDD2/train/10543_GT.png,False,e0cba580a7d267d61270f903bb64a378efabeee5f2ac24874872d3925c1023a9
train-10544,train,validation,data/extracted/KolektorSDD2/train/10544.png,data/extracted/KolektorSDD2/train/10544_GT.png,False,1e77a8c9c5a15e5be415da5c63fdffa5c59a661049f2277acd932c2671995243
train-10545,train,train,data/extracted/KolektorSDD2/train/10545.png,data/extracted/KolektorSDD2/train/10545_GT.png,False,641a3fe2c7924ee06f1500499f6ed79adab4fd9c9ba77100f00afe4c61f94dea
train-10546,train,train,data/extracted/KolektorSDD2/train/10546.png,data/extracted/KolektorSDD2/train/10546_GT.png,False,304d0b204efd5e0f68ba72c6b5cf1a04673b341a557a989d98825748f20faa71
train-10547,train,validation,data/extracted/KolektorSDD2/train/10547.png,data/extracted/KolektorSDD2/train/10547_GT.png,False,cccbb893f4f1b579c9a44f2a92efbbdd9172c18295ce80d66893a723ce63859c
train-10548,train,train,data/extracted/KolektorSDD2/train/10548.png,data/extracted/KolektorSDD2/train/10548_GT.png,False,3794b313086551312e3850ec542d3a0efb8b73c75009904c579812e197fe9256
train-10549,train,train,data/extracted/KolektorSDD2/train/10549.png,data/extracted/KolektorSDD2/train/10549_GT.png,False,a924332f7e33972f13b729b461aefa113f02b4d99e9b4b1587468b39dc3315ea
train-10550,train,train,data/extracted/KolektorSDD2/train/10550.png,data/extracted/KolektorSDD2/train/10550_GT.png,False,92c582d445b8ec51aff70070b97fd57174cbe10679574b1b08e01916072f6fdf
train-10551,train,train,data/extracted/KolektorSDD2/train/10551.png,data/extracted/KolektorSDD2/train/10551_GT.png,False,bc9760eb4d3827f77df922ed802e43c1e51ef431ff7ab6c834622ad2bf0af3ef
train-10552,train,train,data/extracted/KolektorSDD2/train/10552.png,data/extracted/KolektorSDD2/train/10552_GT.png,False,022f95e86f56aef834a764b5a798431cdc2df67249201e0605c3d7de641c8226
train-10553,train,train,data/extracted/KolektorSDD2/train/10553.png,data/extracted/KolektorSDD2/train/10553_GT.png,False,fa20c2568a549342cccea1faae262748ef2f0d9c3ef05976cc153778f9bd6631
train-10554,train,train,data/extracted/KolektorSDD2/train/10554.png,data/extracted/KolektorSDD2/train/10554_GT.png,True,0db7a0fe3e4da1dd1d3dee83c38f027f05a3826faaa1ac6a753111d3dca9df78
train-10555,train,validation,data/extracted/KolektorSDD2/train/10555.png,data/extracted/KolektorSDD2/train/10555_GT.png,False,e76d4d3f660b4b9864bdb34c4bc9e47f2212feccaa654232dc76d1bf210f99b1
train-10556,train,train,data/extracted/KolektorSDD2/train/10556.png,data/extracted/KolektorSDD2/train/10556_GT.png,False,b3c9c6c327951c587c4d2e8dfb3a9dd9e668a93561b0d9717fa370dd0f4608fb
train-10557,train,validation,data/extracted/KolektorSDD2/train/10557.png,data/extracted/KolektorSDD2/train/10557_GT.png,True,518c56ed1f062862cdd76402dcf6184316ab7db1a03ea10aa592bc350130a214
train-10558,train,train,data/extracted/KolektorSDD2/train/10558.png,data/extracted/KolektorSDD2/train/10558_GT.png,False,2c72faccffcccb9ce937855845dccaf31e896fa36eb841dc65a78bf005207398
train-10559,train,validation,data/extracted/KolektorSDD2/train/10559.png,data/extracted/KolektorSDD2/train/10559_GT.png,False,fff5356f2981886c057b501d9c260be5a276ae0f05fa7a1dd2bc9c144461542d
train-10560,train,train,data/extracted/KolektorSDD2/train/10560.png,data/extracted/KolektorSDD2/train/10560_GT.png,False,1b94ddd4c8dc47da9b07513de3e94d19b9f7bdab2e9ed7bb42dd96214dc3a264
train-10561,train,train,data/extracted/KolektorSDD2/train/10561.png,data/extracted/KolektorSDD2/train/10561_GT.png,False,a88c0642dfb3d82209bedbb600d19f3e80dc3f8eec5533246dc0472c77a6a832
train-10562,train,validation,data/extracted/KolektorSDD2/train/10562.png,data/extracted/KolektorSDD2/train/10562_GT.png,False,2a1f3647371eaedb193391e05d6e659cfe6117c64c71a9578703f29c536a416f
train-10563,train,validation,data/extracted/KolektorSDD2/train/10563.png,data/extracted/KolektorSDD2/train/10563_GT.png,False,a6969e682dbe6adbd5de190a57bbf1495361e490fcb695bda19bde464bd784ad
train-10564,train,train,data/extracted/KolektorSDD2/train/10564.png,data/extracted/KolektorSDD2/train/10564_GT.png,False,af52fd443f98b37ac027505133069ce396fd8e571097e74ae6a71f7f670e670b
train-10565,train,train,data/extracted/KolektorSDD2/train/10565.png,data/extracted/KolektorSDD2/train/10565_GT.png,False,ab325dee320c9ae2d58a0bfe81c2d211c538a128fcb67285475280157bf4b23e
train-10566,train,train,data/extracted/KolektorSDD2/train/10566.png,data/extracted/KolektorSDD2/train/10566_GT.png,False,c32ab149678d5480be79e124c4c099e15bd6d02a375c9beb423044967d0d9474
train-10567,train,train,data/extracted/KolektorSDD2/train/10567.png,data/extracted/KolektorSDD2/train/10567_GT.png,False,774c289a528a9e0d207bdb30abd7cb7fb1c169a6f4d537ea433dead97490a82f
train-10568,train,train,data/extracted/KolektorSDD2/train/10568.png,data/extracted/KolektorSDD2/train/10568_GT.png,False,dd807483d2a611002bd1dcc398e87a68abc50d33788b5ba28c7d3cc7f27cce87
train-10569,train,train,data/extracted/KolektorSDD2/train/10569.png,data/extracted/KolektorSDD2/train/10569_GT.png,True,429a2a382e91ac90c54149dc530387f8e0718bc9a8a53b6597c7b768157be248
train-10570,train,train,data/extracted/KolektorSDD2/train/10570.png,data/extracted/KolektorSDD2/train/10570_GT.png,False,951906c970ca0a47eecfab198b473505b7f1c66b98491769e3d3553ec3eda939
train-10571,train,train,data/extracted/KolektorSDD2/train/10571.png,data/extracted/KolektorSDD2/train/10571_GT.png,False,d84907cc6454df8f8ec2eaf21a05166fea4152d332f24ddfe579552b47eab573
train-10572,train,train,data/extracted/KolektorSDD2/train/10572.png,data/extracted/KolektorSDD2/train/10572_GT.png,False,d83ff9cf9f866794fac59db90dc545ddb84f205549c1d9001e6dd28fb46b4e74
train-10573,train,train,data/extracted/KolektorSDD2/train/10573.png,data/extracted/KolektorSDD2/train/10573_GT.png,False,28577ef6b46b3ade8bc74e1200a160898811044b302c87569546e1267e70b3a0
train-10574,train,train,data/extracted/KolektorSDD2/train/10574.png,data/extracted/KolektorSDD2/train/10574_GT.png,True,b7a916c9a60563a106495ece329385269a7f2820270ad0f7a7019c63cda37d1b
train-10575,train,train,data/extracted/KolektorSDD2/train/10575.png,data/extracted/KolektorSDD2/train/10575_GT.png,False,392b70990a461d0ec98f98986f25322067c7bb43f093d6a20476786c6da9bc82
train-10576,train,train,data/extracted/KolektorSDD2/train/10576.png,data/extracted/KolektorSDD2/train/10576_GT.png,False,894a76a6094cd50c0d544875ad90ff85eaa03e5e2c0ae3ecfbb9cfc3dddd8319
train-10577,train,train,data/extracted/KolektorSDD2/train/10577.png,data/extracted/KolektorSDD2/train/10577_GT.png,False,bfb50a0a9b16a04e6a91d3644f465d9dfd082cf3c9a0c2516dd62999d36dba14
train-10578,train,train,data/extracted/KolektorSDD2/train/10578.png,data/extracted/KolektorSDD2/train/10578_GT.png,False,153deacc9f1a06b26211f41f1033151f9d2cfe209f1969bce4e19d10a78add5d
train-10579,train,train,data/extracted/KolektorSDD2/train/10579.png,data/extracted/KolektorSDD2/train/10579_GT.png,False,0ccde7826cdd67e28f20bd72d3169971a40459e29cba100e46b35b5bffb83390
train-10580,train,train,data/extracted/KolektorSDD2/train/10580.png,data/extracted/KolektorSDD2/train/10580_GT.png,False,4d849842f1111abbda4c077688cd6819d7cb969bf082019dbd127a502751b22e
train-10581,train,train,data/extracted/KolektorSDD2/train/10581.png,data/extracted/KolektorSDD2/train/10581_GT.png,False,be8f859bfced0d82d6f256c402ac83bb0f8db8a2af7f9fc1da57103e24ccda49
train-10582,train,train,data/extracted/KolektorSDD2/train/10582.png,data/extracted/KolektorSDD2/train/10582_GT.png,False,6f22463cd796b88158ea4c1cd94d0b9aa10df2641f525b444635d288b3a5f369
train-10583,train,train,data/extracted/KolektorSDD2/train/10583.png,data/extracted/KolektorSDD2/train/10583_GT.png,True,2f42510376b79dd913b9a1c4e4cf004ad5a022e2f2e2e5475a835fb9c008b9db
train-10584,train,train,data/extracted/KolektorSDD2/train/10584.png,data/extracted/KolektorSDD2/train/10584_GT.png,False,1471ded056a0cf4b5f330c150811fa95e817428243a7e761210603eb42f3b750
train-10585,train,train,data/extracted/KolektorSDD2/train/10585.png,data/extracted/KolektorSDD2/train/10585_GT.png,True,9d336965d61e4c04bf9a0ea351eae289a889508b9140e698bb49b98843f2af4d
train-10586,train,train,data/extracted/KolektorSDD2/train/10586.png,data/extracted/KolektorSDD2/train/10586_GT.png,False,e278443bf4d1c769c5033689b0a4e2efbd41d2e14390cb5cae93eef64b467e23
train-10587,train,train,data/extracted/KolektorSDD2/train/10587.png,data/extracted/KolektorSDD2/train/10587_GT.png,False,ab58e96bf2ac2c3601e28175a508f79ccac88ffe2983ea978ccb39c393d60aa3
train-10588,train,train,data/extracted/KolektorSDD2/train/10588.png,data/extracted/KolektorSDD2/train/10588_GT.png,False,f8f6a2a82e01dca5dcd0370f9f4fe26e088a41aa0224995735d67c746c1bbea7
train-10589,train,train,data/extracted/KolektorSDD2/train/10589.png,data/extracted/KolektorSDD2/train/10589_GT.png,False,ba52197d4c36b17f94b59906001ff2ab5c060094436639f84982058a66952874
train-10590,train,train,data/extracted/KolektorSDD2/train/10590.png,data/extracted/KolektorSDD2/train/10590_GT.png,False,a85d7812fe69df5b6214f85378cca399a31d6d1bfe2cbc2a7fb9c915babe279f
train-10591,train,train,data/extracted/KolektorSDD2/train/10591.png,data/extracted/KolektorSDD2/train/10591_GT.png,False,12c6c523487377283b35f682889b7d74820160029e4ec4c50b5a03f79b0928bf
train-10592,train,train,data/extracted/KolektorSDD2/train/10592.png,data/extracted/KolektorSDD2/train/10592_GT.png,False,a94187788574c71f68af73879fb310b876649e8aa53c078ff50c2f894d0ce09c
train-10593,train,train,data/extracted/KolektorSDD2/train/10593.png,data/extracted/KolektorSDD2/train/10593_GT.png,False,6a520f7b7828ca00eb3adb628c072791327271be0625d18fb4673f35aeee2f0f
train-10594,train,train,data/extracted/KolektorSDD2/train/10594.png,data/extracted/KolektorSDD2/train/10594_GT.png,False,652bc8fd684b3d011cd38e95d5b4b6472aea3db1d0c26d2abe916fbb77c6acb6
train-10595,train,train,data/extracted/KolektorSDD2/train/10595.png,data/extracted/KolektorSDD2/train/10595_GT.png,False,abd16a9f69b892c8b4912ed3e05b121e213038da832d07b4e547b1cbfe6c73fc
train-10596,train,train,data/extracted/KolektorSDD2/train/10596.png,data/extracted/KolektorSDD2/train/10596_GT.png,False,562467dda4b0cb49e4996d78fe84c819f82773d6414377604d2614d6dfa8898b
train-10597,train,train,data/extracted/KolektorSDD2/train/10597.png,data/extracted/KolektorSDD2/train/10597_GT.png,False,fb1950c70083f9d35334d492c9b480d97b456cf59072adb9b07d850bcc1a7432
train-10598,train,validation,data/extracted/KolektorSDD2/train/10598.png,data/extracted/KolektorSDD2/train/10598_GT.png,False,a9564474015d64361b7a872e29cb98d65ae6efef2d1e5a5e157b778be989c2d2
train-10599,train,train,data/extracted/KolektorSDD2/train/10599.png,data/extracted/KolektorSDD2/train/10599_GT.png,False,93ae1cf8ed3e28e76ac427143438d2149c1ec34cb20be935b2e1276ea058424c
train-10600,train,validation,data/extracted/KolektorSDD2/train/10600.png,data/extracted/KolektorSDD2/train/10600_GT.png,False,8db110b4421cff901fb515a01c474a9a444b6967576dd4ed371da6776d6d5da8
train-10601,train,validation,data/extracted/KolektorSDD2/train/10601.png,data/extracted/KolektorSDD2/train/10601_GT.png,False,2a247cebfbece4c4e16fe3cb618f354b4e672080c418635985fe880bc269eda0
train-10602,train,train,data/extracted/KolektorSDD2/train/10602.png,data/extracted/KolektorSDD2/train/10602_GT.png,True,dd39f4973ffc42a05d1473363d0cb64d6b7a15817a35c09e254d03f6455bd6d3
train-10603,train,train,data/extracted/KolektorSDD2/train/10603.png,data/extracted/KolektorSDD2/train/10603_GT.png,False,66bbcb6e3276db47de30d87d555bf56f367190cde0fc21d88feee745beacc132
train-10604,train,train,data/extracted/KolektorSDD2/train/10604.png,data/extracted/KolektorSDD2/train/10604_GT.png,False,e42317fc75767697ba0a30e3c7db2120afaf062ae0aa28da283a2dee2e5cdf2f
train-10605,train,train,data/extracted/KolektorSDD2/train/10605.png,data/extracted/KolektorSDD2/train/10605_GT.png,False,c2ec49c12507b29641a4406efce6d8a608fc9ba462c708f09f69f9272b020507
train-10606,train,train,data/extracted/KolektorSDD2/train/10606.png,data/extracted/KolektorSDD2/train/10606_GT.png,False,e76b6e648785983987e6f6cbc38204f097aa91e494748ede960acc51b9ed9ba2
train-10607,train,train,data/extracted/KolektorSDD2/train/10607.png,data/extracted/KolektorSDD2/train/10607_GT.png,False,1ab5e5aecc38ca257c71d4faf9bda11895bf45d6d6e1a7388233e199f764bf2f
train-10608,train,train,data/extracted/KolektorSDD2/train/10608.png,data/extracted/KolektorSDD2/train/10608_GT.png,False,3496b0c7116185c3fdcb6aa77e5939de292605bd9235011a0a39d5850ef9fdbf
train-10609,train,train,data/extracted/KolektorSDD2/train/10609.png,data/extracted/KolektorSDD2/train/10609_GT.png,False,34c758a064d0e442655167d5f7d1e13e2efe2995ce41c28997fb246f39123903
train-10610,train,train,data/extracted/KolektorSDD2/train/10610.png,data/extracted/KolektorSDD2/train/10610_GT.png,False,a21806943900b6e80ad15d633fad3cd84c125c5841f75a7e4a695672ef6b66f1
train-10611,train,train,data/extracted/KolektorSDD2/train/10611.png,data/extracted/KolektorSDD2/train/10611_GT.png,False,7ad2dae3711aaefccc9887350518e8e245a6c4c8a152019ad7fb9b1e5d5f44de
train-10612,train,train,data/extracted/KolektorSDD2/train/10612.png,data/extracted/KolektorSDD2/train/10612_GT.png,True,ff4de9e03d7de96aa450f76692379e05d214b454e9d18eaa566b29ab8b3d6188
train-10613,train,train,data/extracted/KolektorSDD2/train/10613.png,data/extracted/KolektorSDD2/train/10613_GT.png,False,a1c073a380c26fcfe869acd01be5f73f7e3958a33f93f856f38831ad708b91d6
train-10614,train,train,data/extracted/KolektorSDD2/train/10614.png,data/extracted/KolektorSDD2/train/10614_GT.png,False,19c31a4717f79cc418fcc434213f2a48bec4c8eb9d82a6dc383c8d06e52ef72a
train-10615,train,train,data/extracted/KolektorSDD2/train/10615.png,data/extracted/KolektorSDD2/train/10615_GT.png,False,d978f2ee38ffd25a1dbe7fec4d111e3ebd057e41702751cd582d6f5aee4b9ccd
train-10616,train,train,data/extracted/KolektorSDD2/train/10616.png,data/extracted/KolektorSDD2/train/10616_GT.png,False,ae77289211034e8e99608f315b672fffe45ab4b0a160f3f08a9bdd2bc16a588d
train-10617,train,train,data/extracted/KolektorSDD2/train/10617.png,data/extracted/KolektorSDD2/train/10617_GT.png,False,17454b4fa75f76251e92927627a89cceed284ec59037928230089494f5a5f165
train-10618,train,validation,data/extracted/KolektorSDD2/train/10618.png,data/extracted/KolektorSDD2/train/10618_GT.png,True,4e52877fc94019381ac05533556eb28c9c374c58ed255bf366135ea973fff6d7
train-10619,train,train,data/extracted/KolektorSDD2/train/10619.png,data/extracted/KolektorSDD2/train/10619_GT.png,False,33313f0435ffd03253a49f77e79798f9df8dd3e107ccfcdd1cbd7412f1a08645
train-10620,train,train,data/extracted/KolektorSDD2/train/10620.png,data/extracted/KolektorSDD2/train/10620_GT.png,False,a52eacb042d917276d74c46823f8d30e50c71fde67333b5117381ea77e71b91e
train-10621,train,train,data/extracted/KolektorSDD2/train/10621.png,data/extracted/KolektorSDD2/train/10621_GT.png,False,79041d627e92dd2f8d259c368982bce3a8edd6f52be7b5572f5c40123c577216
train-10622,train,train,data/extracted/KolektorSDD2/train/10622.png,data/extracted/KolektorSDD2/train/10622_GT.png,False,fe96462cca099b70474436bb2c80ad2cab6dab900871e8499d48d1fc8c597995
train-10623,train,train,data/extracted/KolektorSDD2/train/10623.png,data/extracted/KolektorSDD2/train/10623_GT.png,False,d41fcf9d067a9e38e7ac7512865ac42a35cd18e0c6a63f0328ef3db4774ed39d
train-10624,train,train,data/extracted/KolektorSDD2/train/10624.png,data/extracted/KolektorSDD2/train/10624_GT.png,False,c45554f18cf31826abfb0e437c060ddfe1c5f3ae5a230dc2bc12e4680e28106d
train-10625,train,train,data/extracted/KolektorSDD2/train/10625.png,data/extracted/KolektorSDD2/train/10625_GT.png,False,c76b62aeede044efbdc0fc7aa2ad27695d5035f8ca9ea3c9c24d30d75b690911
train-10626,train,train,data/extracted/KolektorSDD2/train/10626.png,data/extracted/KolektorSDD2/train/10626_GT.png,False,04d50c05b5753a0e2fec632bf7c6c5d20f332d40e02669519c6c6c0268ca4e0c
train-10627,train,train,data/extracted/KolektorSDD2/train/10627.png,data/extracted/KolektorSDD2/train/10627_GT.png,False,cf32c2162da97e1e221df0cbb98d1120748214d57bf1a603eec216c51d68a2b7
train-10628,train,train,data/extracted/KolektorSDD2/train/10628.png,data/extracted/KolektorSDD2/train/10628_GT.png,True,b0d87595ad7f133d5a12d4100309c4223411a47df01bcdcbd7230061f7b1be09
train-10629,train,train,data/extracted/KolektorSDD2/train/10629.png,data/extracted/KolektorSDD2/train/10629_GT.png,False,f43bd383038a37527a738187f469a41b94ea6263e9420b8865ea56f8a81ef349
train-10630,train,train,data/extracted/KolektorSDD2/train/10630.png,data/extracted/KolektorSDD2/train/10630_GT.png,False,9afda4008b9b720764d86efb0b3918a9bc246394e9e61865c02e2ed0ee2cd4e3
train-10631,train,train,data/extracted/KolektorSDD2/train/10631.png,data/extracted/KolektorSDD2/train/10631_GT.png,False,421a353869aa65dc420c72726985e37de11eb0c3bd830adcb98637bc6f1704e9
train-10632,train,train,data/extracted/KolektorSDD2/train/10632.png,data/extracted/KolektorSDD2/train/10632_GT.png,False,e7a3ff458e0f7c2f133fc00f6403c7184971aefb5bbb52ee43ed63493903b719
train-10633,train,validation,data/extracted/KolektorSDD2/train/10633.png,data/extracted/KolektorSDD2/train/10633_GT.png,False,0e4bec18cd85f78bfe6cd093ad7f6cfae8bb9b0e1ab7c15b428f5cde95538794
train-10634,train,train,data/extracted/KolektorSDD2/train/10634.png,data/extracted/KolektorSDD2/train/10634_GT.png,False,c8f9aa8c889e99791d9352055123ae7f2d14b673d5e6e2ff6497d8db59d316c5
train-10635,train,train,data/extracted/KolektorSDD2/train/10635.png,data/extracted/KolektorSDD2/train/10635_GT.png,False,3e11f6180f86ee6df052140923ba01a673fb4d211791f93c902c0d0300386c8b
train-10636,train,train,data/extracted/KolektorSDD2/train/10636.png,data/extracted/KolektorSDD2/train/10636_GT.png,False,9409b6431222f26b7ab43ff9f3722b5c7f413b48bd1b15a304c8f68444c7208d
train-10637,train,train,data/extracted/KolektorSDD2/train/10637.png,data/extracted/KolektorSDD2/train/10637_GT.png,True,0a33e112780dbda938a451a72b1b36508a3fdfd21d27927100aedad0345916c0
train-10638,train,validation,data/extracted/KolektorSDD2/train/10638.png,data/extracted/KolektorSDD2/train/10638_GT.png,True,4d6c46af8666197e7454d07838cddcdff3d73cd4186acf79f1a2fb3d5915fdb1
train-10639,train,train,data/extracted/KolektorSDD2/train/10639.png,data/extracted/KolektorSDD2/train/10639_GT.png,False,ca6887cb70969b7fdd4c3f3e9d6afaa05ffb7fc81c059f26a7292ce334a66574
train-10640,train,train,data/extracted/KolektorSDD2/train/10640.png,data/extracted/KolektorSDD2/train/10640_GT.png,False,2abbfca3e3cae7bd4b5aea7a0f20383f622f4e584d137a96ecfd343c0387f398
train-10641,train,train,data/extracted/KolektorSDD2/train/10641.png,data/extracted/KolektorSDD2/train/10641_GT.png,False,6884a9d6c004d433c873afe2ac12282831cbe6a7e57ab55d50da743a8f3880af
train-10642,train,validation,data/extracted/KolektorSDD2/train/10642.png,data/extracted/KolektorSDD2/train/10642_GT.png,False,47218ee2f68f453497149c934a323a502e25b92b66099ed1b25750f8d7192ef2
train-10643,train,train,data/extracted/KolektorSDD2/train/10643.png,data/extracted/KolektorSDD2/train/10643_GT.png,False,1ac529e46e2d853fe7458cc721acf58a7b3f4df5c072845961d98531325e47ee
train-10644,train,validation,data/extracted/KolektorSDD2/train/10644.png,data/extracted/KolektorSDD2/train/10644_GT.png,False,25880a75cd66dddc51da1db7065c183dbe611e28a58c0cbd6ddbb3e2ff4e8352
train-10645,train,train,data/extracted/KolektorSDD2/train/10645.png,data/extracted/KolektorSDD2/train/10645_GT.png,False,9a44e90ee766c0449d6e93a12873fcb492a7f28853421f067827b923ad99a91a
train-10646,train,train,data/extracted/KolektorSDD2/train/10646.png,data/extracted/KolektorSDD2/train/10646_GT.png,False,4befa3a501a4e2189f561d6813dc6b98dea30252a45cc9f025d7f108f7c988e5
train-10647,train,train,data/extracted/KolektorSDD2/train/10647.png,data/extracted/KolektorSDD2/train/10647_GT.png,True,60b1258a42241e00862872a9e9c1a79b4bc44b45630623bbee47d575727dfad6
train-10648,train,train,data/extracted/KolektorSDD2/train/10648.png,data/extracted/KolektorSDD2/train/10648_GT.png,True,386ce71b5a3ed0e355933160e2ae2790cdb104586f6f8eb1fd6a07ced26cb4f6
train-10649,train,train,data/extracted/KolektorSDD2/train/10649.png,data/extracted/KolektorSDD2/train/10649_GT.png,False,5340303dd027fd01a38e30b3957274ae2e3617669e506883975bb7234e179d24
train-10650,train,validation,data/extracted/KolektorSDD2/train/10650.png,data/extracted/KolektorSDD2/train/10650_GT.png,False,06ce55c6a64dbbe14c5fced71b4bcb0e70187c53667ad819af7ce988b2ec2b7b
train-10651,train,train,data/extracted/KolektorSDD2/train/10651.png,data/extracted/KolektorSDD2/train/10651_GT.png,False,d2fa310e601994e45233042d272fa76a8718eb712989171b06d71b6ab7476077
train-10652,train,validation,data/extracted/KolektorSDD2/train/10652.png,data/extracted/KolektorSDD2/train/10652_GT.png,False,931a709a1a30d35322514504e7cb3dcb3636522067ab7e6cce18f8bb5b6aef04
train-10653,train,train,data/extracted/KolektorSDD2/train/10653.png,data/extracted/KolektorSDD2/train/10653_GT.png,False,6bd2defe87f186a921ed10f103bd99b129092696912961803e5746f89d5b27fc
train-10654,train,train,data/extracted/KolektorSDD2/train/10654.png,data/extracted/KolektorSDD2/train/10654_GT.png,True,dfe6ccff4364fb45ac1d4b734bf3f04e9d8f4c4a511634715e1fae81ddcdfc68
train-10655,train,train,data/extracted/KolektorSDD2/train/10655.png,data/extracted/KolektorSDD2/train/10655_GT.png,False,37cb2837d1d242e2ec9200f66ead2edb528423c2b6d895763bdfed4369bec7eb
train-10656,train,train,data/extracted/KolektorSDD2/train/10656.png,data/extracted/KolektorSDD2/train/10656_GT.png,False,f87f39f1377fc7a072ee3e247824111c8b03d03bf42c85ba8750ef09a83b81eb
train-10657,train,train,data/extracted/KolektorSDD2/train/10657.png,data/extracted/KolektorSDD2/train/10657_GT.png,False,99b4ce5718a8ec727d69a846ed46adbcf7eec87dffc6193b516c06bfc1bfda93
train-10658,train,train,data/extracted/KolektorSDD2/train/10658.png,data/extracted/KolektorSDD2/train/10658_GT.png,False,ef89d50c64ed075454086e3a6dac456c987729cbf8697e43f3e89d04b9b3eac9
train-10659,train,validation,data/extracted/KolektorSDD2/train/10659.png,data/extracted/KolektorSDD2/train/10659_GT.png,True,f9099fa7b2d5b96a24e29d8e63daa60849fc8d35d2d7cf34d47ca2044dc7e12f
train-10660,train,train,data/extracted/KolektorSDD2/train/10660.png,data/extracted/KolektorSDD2/train/10660_GT.png,False,83032b20570f9740fb2b8b4946aeb24e1e790a49d1cb2f17a24d77fcefff0923
train-10661,train,train,data/extracted/KolektorSDD2/train/10661.png,data/extracted/KolektorSDD2/train/10661_GT.png,True,212f8342c8037bd680e5b9721fccb9d9f03b36e9a808b2fff690c1dd359b1268
train-10662,train,train,data/extracted/KolektorSDD2/train/10662.png,data/extracted/KolektorSDD2/train/10662_GT.png,False,c3b9bcb2a601efec661f613b43896bac69a1ae91d9543aba05de4eee390f4498
train-10663,train,validation,data/extracted/KolektorSDD2/train/10663.png,data/extracted/KolektorSDD2/train/10663_GT.png,True,3ba0d73deb8103636d4b831552b7ed0cc0cb3b58e082382308e78918aa666fe8
train-10664,train,train,data/extracted/KolektorSDD2/train/10664.png,data/extracted/KolektorSDD2/train/10664_GT.png,False,dbe8e3967aed4f984f9035a99796a515fddc098d4fcd52bc6bc7c8580096e4ea
train-10665,train,train,data/extracted/KolektorSDD2/train/10665.png,data/extracted/KolektorSDD2/train/10665_GT.png,False,08345f166cab6e280aa67386f03147dff93bb6e7fb041987db577ba6e7224e73
train-10666,train,train,data/extracted/KolektorSDD2/train/10666.png,data/extracted/KolektorSDD2/train/10666_GT.png,False,5c05cafa29a20eadf3e45004d051c275dcb20de477a40ef61813a5c78f2b56e2
train-10667,train,train,data/extracted/KolektorSDD2/train/10667.png,data/extracted/KolektorSDD2/train/10667_GT.png,False,8ac4d808115ee28f2f0d64bd0e537c5c09d7123ace0f28179ccf38a397d832cc
train-10668,train,train,data/extracted/KolektorSDD2/train/10668.png,data/extracted/KolektorSDD2/train/10668_GT.png,False,54d0911a5332927ae5da603dcec812b1037f01627c18ca286eb4891cf3a9d835
train-10669,train,validation,data/extracted/KolektorSDD2/train/10669.png,data/extracted/KolektorSDD2/train/10669_GT.png,False,97e4b563a09ac30960abe6ee0ad9ee219ee485187a324425a82a5437c26ea50d
train-10670,train,train,data/extracted/KolektorSDD2/train/10670.png,data/extracted/KolektorSDD2/train/10670_GT.png,False,e0c405b27e113aa444ef6a66fa14ff75614f7915234062bfecf95e59e56490b6
train-10671,train,train,data/extracted/KolektorSDD2/train/10671.png,data/extracted/KolektorSDD2/train/10671_GT.png,False,2b8f3a2b05c6c354aa664355cfeb8430688e62f3b4451d75b0ffd08c8ae6e045
train-10672,train,train,data/extracted/KolektorSDD2/train/10672.png,data/extracted/KolektorSDD2/train/10672_GT.png,True,29a69a68cd4277e3d7aa221fd85738be816981d9b60d87259d4bf48697881342
train-10673,train,train,data/extracted/KolektorSDD2/train/10673.png,data/extracted/KolektorSDD2/train/10673_GT.png,False,fb0c49eef179684d4952b29dfc1df625d1722191fdbcc2de6304f3e3708efacc
train-10674,train,train,data/extracted/KolektorSDD2/train/10674.png,data/extracted/KolektorSDD2/train/10674_GT.png,False,7d317c7309645ae1eca0f9b456258d928497317596c868ee6cea4992a4cf3f80
train-10675,train,train,data/extracted/KolektorSDD2/train/10675.png,data/extracted/KolektorSDD2/train/10675_GT.png,False,efc6b174d181cc3165949f3d6789bc812e6a9ead6852345e1fc3de92880b2e18
train-10676,train,train,data/extracted/KolektorSDD2/train/10676.png,data/extracted/KolektorSDD2/train/10676_GT.png,False,c5083f20af2bce1dd3105825314fb00c421c75fc1758e581963a25a57a43c076
train-10677,train,train,data/extracted/KolektorSDD2/train/10677.png,data/extracted/KolektorSDD2/train/10677_GT.png,True,9a703febcde52209d49f42d233f1f534a05d2cabc8992979528ad1ca2d081c4b
train-10678,train,train,data/extracted/KolektorSDD2/train/10678.png,data/extracted/KolektorSDD2/train/10678_GT.png,True,8d092f59aa6d7d68538967dc6106059d545de0564a051ef1cb74a36da06ba227
train-10679,train,train,data/extracted/KolektorSDD2/train/10679.png,data/extracted/KolektorSDD2/train/10679_GT.png,False,a6648b41086991c4cbf4279bc67c8dd5e0c61a04ee80ae776ac46feacdfca118
train-10680,train,train,data/extracted/KolektorSDD2/train/10680.png,data/extracted/KolektorSDD2/train/10680_GT.png,False,9288359e45320c6f91b12bed6473f0f034bb6b0a976ed070ec13ee7d21b3281b
train-10681,train,train,data/extracted/KolektorSDD2/train/10681.png,data/extracted/KolektorSDD2/train/10681_GT.png,False,74f187bc8a54b519b059925fa0fcba2b538e7e162a5062660d51f932de8c1a90
train-10682,train,train,data/extracted/KolektorSDD2/train/10682.png,data/extracted/KolektorSDD2/train/10682_GT.png,False,ab09edee2dfb2d82e5c9ffe127d6247110ac48de29e1ec54f272c20fe319b349
train-10683,train,train,data/extracted/KolektorSDD2/train/10683.png,data/extracted/KolektorSDD2/train/10683_GT.png,False,06beee79fe170bb1f094dd2b78607725e91ee0c0d567bc023cb73585e2cd347f
train-10684,train,train,data/extracted/KolektorSDD2/train/10684.png,data/extracted/KolektorSDD2/train/10684_GT.png,False,5d7c9b065cb2bc163352b011b805e2c105aa798991b11ec30b431ad75b0f3186
train-10685,train,train,data/extracted/KolektorSDD2/train/10685.png,data/extracted/KolektorSDD2/train/10685_GT.png,False,c1aa2d9b5e5d7dc7369ce1bf3e7a906d04fed0271bf59f576fb5d2097107bb08
train-10686,train,train,data/extracted/KolektorSDD2/train/10686.png,data/extracted/KolektorSDD2/train/10686_GT.png,False,ecd49a257f13be571349f5c17646fff4030e0f16235b53f58d10db6132c09da5
train-10687,train,train,data/extracted/KolektorSDD2/train/10687.png,data/extracted/KolektorSDD2/train/10687_GT.png,False,4f8a9cdba45f186294d83bc903ae753bb4d9d9aa4bec12d3053f9318cabdcd34
train-10688,train,train,data/extracted/KolektorSDD2/train/10688.png,data/extracted/KolektorSDD2/train/10688_GT.png,False,d81259392fb8a689bf987de992f832cf0c9415a8a818882817ad35bf636e353f
train-10689,train,train,data/extracted/KolektorSDD2/train/10689.png,data/extracted/KolektorSDD2/train/10689_GT.png,False,52fb271465fda656c586e7c1a8f4809c9174bfebf8067304a58bc38ca44cb79a
train-10690,train,train,data/extracted/KolektorSDD2/train/10690.png,data/extracted/KolektorSDD2/train/10690_GT.png,False,2c3b402ab78d46dc461f9aee750d10927761e2eb80c2f5165bdbd11a47928d5f
train-10691,train,train,data/extracted/KolektorSDD2/train/10691.png,data/extracted/KolektorSDD2/train/10691_GT.png,False,0088f14474ecb09980f3a195bf13d693fa7ab83299e9c3dff497176c87ca7b19
train-10692,train,train,data/extracted/KolektorSDD2/train/10692.png,data/extracted/KolektorSDD2/train/10692_GT.png,False,b2bde8c81cc0536012f32b705260e7a043ee0dfd97a0ea713a6eb42750b95d06
train-10693,train,train,data/extracted/KolektorSDD2/train/10693.png,data/extracted/KolektorSDD2/train/10693_GT.png,False,8a3834f66c271ad38cb81b45f83ed879979f7932a6c97e74402555b47f99e835
train-10694,train,validation,data/extracted/KolektorSDD2/train/10694.png,data/extracted/KolektorSDD2/train/10694_GT.png,False,2e36a4f0cf674db6ad4be75d6242dad9a1bff55324cf5cacd007c6b15e5d92f8
train-10695,train,train,data/extracted/KolektorSDD2/train/10695.png,data/extracted/KolektorSDD2/train/10695_GT.png,True,9b5a68a69f9ee302af13f07363af9d5f448120afc4759ebfb18629aa2278f264
train-10696,train,train,data/extracted/KolektorSDD2/train/10696.png,data/extracted/KolektorSDD2/train/10696_GT.png,False,a58f9607d0ad6b279410da63e68d06fa0762c9d7b2a870097996f586a9327e31
train-10697,train,validation,data/extracted/KolektorSDD2/train/10697.png,data/extracted/KolektorSDD2/train/10697_GT.png,False,bac232b2588f240a730f86d4c58c0aa2ca05cd74f9fc210fb3ffb701a3f56d67
train-10698,train,train,data/extracted/KolektorSDD2/train/10698.png,data/extracted/KolektorSDD2/train/10698_GT.png,False,0c7c00a8b6ba88a53b9c80e979a8ebbf9b772f75624b548a9e220c63ed8faf6b
train-10699,train,train,data/extracted/KolektorSDD2/train/10699.png,data/extracted/KolektorSDD2/train/10699_GT.png,False,75abed92b6dde6dd92212a7f69acf8086a49db6db2331e9966e60e7650f57548
train-10700,train,train,data/extracted/KolektorSDD2/train/10700.png,data/extracted/KolektorSDD2/train/10700_GT.png,False,b40c28772597696b921fffe0c81cd2832f26addfcb106d50892ec7d872f580aa
train-10701,train,train,data/extracted/KolektorSDD2/train/10701.png,data/extracted/KolektorSDD2/train/10701_GT.png,False,ac110a9f0be6186025a30ba219ce36b0715af5a4cdbd213cc5df6a2243d2e040
train-10702,train,validation,data/extracted/KolektorSDD2/train/10702.png,data/extracted/KolektorSDD2/train/10702_GT.png,False,4532b25fe75e97919e9c472dcb7e0d916c25fda113415baddab4b65b9124a3ab
train-10703,train,train,data/extracted/KolektorSDD2/train/10703.png,data/extracted/KolektorSDD2/train/10703_GT.png,False,859c16e71f2a19060c7fc01ab8b765afe1dbdf70c009557675e45c261f58095b
train-10704,train,validation,data/extracted/KolektorSDD2/train/10704.png,data/extracted/KolektorSDD2/train/10704_GT.png,False,a2528714f715c0ab87eb5a08c4769c05ab2ed4cb0efc243c39f3eddb6f4b6e39
train-10705,train,train,data/extracted/KolektorSDD2/train/10705.png,data/extracted/KolektorSDD2/train/10705_GT.png,False,3de5aaefac5ce3deb111e4d807b4b6c1bb677ba7e0a788676ed6590e2b6b6ab3
train-10706,train,train,data/extracted/KolektorSDD2/train/10706.png,data/extracted/KolektorSDD2/train/10706_GT.png,False,806acf2fc9c5e03aedc41771f290ad82496b44ed19d3e79496eb2da059a4e179
train-10707,train,validation,data/extracted/KolektorSDD2/train/10707.png,data/extracted/KolektorSDD2/train/10707_GT.png,True,454047215c8e6dbc867a627d05f55a2d5762793f730c54a03595524b18387f09
train-10708,train,train,data/extracted/KolektorSDD2/train/10708.png,data/extracted/KolektorSDD2/train/10708_GT.png,False,4eac6c70c43508adaec9189cb54db4d0c007493f207a8cfdbd0cf30b5191e522
train-10709,train,train,data/extracted/KolektorSDD2/train/10709.png,data/extracted/KolektorSDD2/train/10709_GT.png,False,41a76c4435d33af209a97e442321b89cdd5089df8f178688b385b20903b65b4e
train-10710,train,train,data/extracted/KolektorSDD2/train/10710.png,data/extracted/KolektorSDD2/train/10710_GT.png,False,9e9499d35bf2fdbef5191eb19b0ef1d5e3dafa450f31ad4e0af82985d2c82b2d
train-10711,train,train,data/extracted/KolektorSDD2/train/10711.png,data/extracted/KolektorSDD2/train/10711_GT.png,True,fe91d8e70272c50f5cdb3806cc68fc397ae13e9fbc36fbe431deab87e481eb10
train-10712,train,validation,data/extracted/KolektorSDD2/train/10712.png,data/extracted/KolektorSDD2/train/10712_GT.png,True,263a7309744f13f12828657a284e8580764ce1bffe261b23341a06bd137dbcde
train-10713,train,validation,data/extracted/KolektorSDD2/train/10713.png,data/extracted/KolektorSDD2/train/10713_GT.png,False,e642b1c05cccb9760c5362359d3589369814fd0106f1759a0cd5feb455b640a0
train-10714,train,train,data/extracted/KolektorSDD2/train/10714.png,data/extracted/KolektorSDD2/train/10714_GT.png,True,ebe14d5cb8bc8141f049e0033c52c55312b2875751c0a89f76d457d8bbb16230
train-10715,train,train,data/extracted/KolektorSDD2/train/10715.png,data/extracted/KolektorSDD2/train/10715_GT.png,False,39878b1b4c7e892c2d67a87ab5a657b9b63efc78babc8c2ff92960b0c7d00e6f
train-10716,train,train,data/extracted/KolektorSDD2/train/10716.png,data/extracted/KolektorSDD2/train/10716_GT.png,False,9372f5e77c68ba646a1fd7ae21ab21bd438c3cba997d13a56a3e8c4cfd4416cf
train-10717,train,train,data/extracted/KolektorSDD2/train/10717.png,data/extracted/KolektorSDD2/train/10717_GT.png,False,78889e75e5d49fcd926156291a06c97fe784621886f0183917d471f8d3849270
train-10718,train,train,data/extracted/KolektorSDD2/train/10718.png,data/extracted/KolektorSDD2/train/10718_GT.png,False,574343f67baf68944e3f06be2e5b061e281785de683bfe866f4a433d85737902
train-10719,train,train,data/extracted/KolektorSDD2/train/10719.png,data/extracted/KolektorSDD2/train/10719_GT.png,False,e9f2598cabc7372b7e481318b87508815dc1d79c274c70d491b1ac10ef6aeae8
train-10720,train,train,data/extracted/KolektorSDD2/train/10720.png,data/extracted/KolektorSDD2/train/10720_GT.png,False,394acab6287d4d72d84c175ce9b3f92f520b112750f1980e9f763899a81270b6
train-10721,train,train,data/extracted/KolektorSDD2/train/10721.png,data/extracted/KolektorSDD2/train/10721_GT.png,False,9269ca5d80561f5c072f694b4de5fe81ad5547fc8e90e4ebd75ba20ff5408dfb
train-10722,train,train,data/extracted/KolektorSDD2/train/10722.png,data/extracted/KolektorSDD2/train/10722_GT.png,False,e414e0768a2324ec3dab1c63309d263a4f909ef703e424b827c1653ada5fb21f
train-10723,train,train,data/extracted/KolektorSDD2/train/10723.png,data/extracted/KolektorSDD2/train/10723_GT.png,False,396455cd57cd1f518ba54cc3ee7aa65b0f17f4d3ba192402a4761f44f2724f07
train-10724,train,train,data/extracted/KolektorSDD2/train/10724.png,data/extracted/KolektorSDD2/train/10724_GT.png,False,65ee1ecd036986991e736d61e10b1dac660066cfac027440d58d82bb0df50285
train-10725,train,train,data/extracted/KolektorSDD2/train/10725.png,data/extracted/KolektorSDD2/train/10725_GT.png,False,5e95e8758c003dcf5ad050718249f07dd9771baa9dcb4f057831d42d93abe8c6
train-10726,train,train,data/extracted/KolektorSDD2/train/10726.png,data/extracted/KolektorSDD2/train/10726_GT.png,False,d6a9457fd32d7a001c4f3bd93bbbf0986123abbc223975f78740d1454fd2fa7e
train-10727,train,train,data/extracted/KolektorSDD2/train/10727.png,data/extracted/KolektorSDD2/train/10727_GT.png,True,fb4c75798b1ee12f257487efeac4d2ab026247c50d76b1133189cb74160c2a9e
train-10728,train,validation,data/extracted/KolektorSDD2/train/10728.png,data/extracted/KolektorSDD2/train/10728_GT.png,False,08805ac10e9a5bfb754419d13638458ce23fbbac6706b1cb07f25d0e3d8dc788
train-10729,train,train,data/extracted/KolektorSDD2/train/10729.png,data/extracted/KolektorSDD2/train/10729_GT.png,True,484add0560b279e77b2971fc85b43eeb8e5e1e665b2bdfd99b18bb853ac5050f
train-10730,train,train,data/extracted/KolektorSDD2/train/10730.png,data/extracted/KolektorSDD2/train/10730_GT.png,False,6848a711ee5181ed59de4b4f987d3a6983a8465dde81f932f17753da26c379b7
train-10731,train,train,data/extracted/KolektorSDD2/train/10731.png,data/extracted/KolektorSDD2/train/10731_GT.png,False,eb84fa5a4d51c56304bf1b726167fa7ff41448c3783400e800787fd66e6eea6f
train-10732,train,train,data/extracted/KolektorSDD2/train/10732.png,data/extracted/KolektorSDD2/train/10732_GT.png,False,a7e78fe9fe5988cc9df0683801d3ab22e616f5234c19cafe19af148c4a48ad14
train-10733,train,train,data/extracted/KolektorSDD2/train/10733.png,data/extracted/KolektorSDD2/train/10733_GT.png,False,cba2d8e80ce17100e24003f8164b191f0b0a498006f0f02c5bee7589e5ef2dc4
train-10734,train,train,data/extracted/KolektorSDD2/train/10734.png,data/extracted/KolektorSDD2/train/10734_GT.png,False,69c8ce9083cfa13c0b0cd55905076359b3a50d550242b55e139cf92d93289174
train-10735,train,train,data/extracted/KolektorSDD2/train/10735.png,data/extracted/KolektorSDD2/train/10735_GT.png,False,2f0af4d41af32743d8d5198f4ac1909235367529e0aca3dc0f6ad05695128099
train-10736,train,train,data/extracted/KolektorSDD2/train/10736.png,data/extracted/KolektorSDD2/train/10736_GT.png,False,8a102f7226f7fb2c5269dab6a8d2dbf16a22b7b2b7f6f6002a0463fc4a3aa709
train-10737,train,validation,data/extracted/KolektorSDD2/train/10737.png,data/extracted/KolektorSDD2/train/10737_GT.png,False,1b248cae2591b20495bb952e21a130e98e7305cc8cc6241fa01550b667c57800
train-10738,train,train,data/extracted/KolektorSDD2/train/10738.png,data/extracted/KolektorSDD2/train/10738_GT.png,False,b7baee9776a818dccd36d6c3afbd00172f7bc336789d5d647dbeefe880a3b9fa
train-10739,train,validation,data/extracted/KolektorSDD2/train/10739.png,data/extracted/KolektorSDD2/train/10739_GT.png,False,9c7355ea86d54b87b194b4bec6e3018a0dcf50c56ea8aef300feb256ddef50a7
train-10740,train,validation,data/extracted/KolektorSDD2/train/10740.png,data/extracted/KolektorSDD2/train/10740_GT.png,False,32865f3182cbdcb933ee1b7143debc8d5f7085e68a5e43df32a333af839b5c2e
train-10741,train,train,data/extracted/KolektorSDD2/train/10741.png,data/extracted/KolektorSDD2/train/10741_GT.png,False,05ec0431694e06ad77f935ef6fdcfe5ff677040d9c8fe91b0842a40c7a61fc51
train-10742,train,train,data/extracted/KolektorSDD2/train/10742.png,data/extracted/KolektorSDD2/train/10742_GT.png,False,6372025e99af45fc59b8fda1f390457f4a4c686fa5c068fb39c838c875c6ecbb
train-10743,train,validation,data/extracted/KolektorSDD2/train/10743.png,data/extracted/KolektorSDD2/train/10743_GT.png,True,5597a0b648f62d1e586fba2fab8b87bcb59a8bd84f26b2bbfd9bdb41844703b0
train-10744,train,train,data/extracted/KolektorSDD2/train/10744.png,data/extracted/KolektorSDD2/train/10744_GT.png,False,6b892813dc6981ba6b8b4612538da99cb9299928b6bc2e0f602773faafe46ded
train-10745,train,train,data/extracted/KolektorSDD2/train/10745.png,data/extracted/KolektorSDD2/train/10745_GT.png,False,6f247c27e2c7da33e6f46e0d9deb397954c66cf0cee1dcb3de442b678ac1cb44
train-10746,train,train,data/extracted/KolektorSDD2/train/10746.png,data/extracted/KolektorSDD2/train/10746_GT.png,False,714c269d718ff31d6790925176b124ca127d4ab6171977389ed343a702792bda
train-10747,train,train,data/extracted/KolektorSDD2/train/10747.png,data/extracted/KolektorSDD2/train/10747_GT.png,False,fa6eb2cb6bb05441a770043f4f7cfaebf9c248c9f8972acc971b8f60c94a4722
train-10748,train,train,data/extracted/KolektorSDD2/train/10748.png,data/extracted/KolektorSDD2/train/10748_GT.png,False,6cf7ca9ffa1f732f1d10aa23b7f94ac6a608baba481932ef674b8ae45bca047f
train-10749,train,validation,data/extracted/KolektorSDD2/train/10749.png,data/extracted/KolektorSDD2/train/10749_GT.png,False,03cdee956a9e4d1388b09dce5cb7d5cb5d5fd8fec98a5f2e308d81ecc1e8b524
train-10750,train,train,data/extracted/KolektorSDD2/train/10750.png,data/extracted/KolektorSDD2/train/10750_GT.png,False,3771a59b902e2fc0291f5ba729b67fc916a4832d30c5bd879d79d2bbf633da0c
train-10751,train,train,data/extracted/KolektorSDD2/train/10751.png,data/extracted/KolektorSDD2/train/10751_GT.png,False,974daa6ee73d0c62db88ff4779b37bf0d8e73a26073085050c1ddf30b695e32e
train-10752,train,validation,data/extracted/KolektorSDD2/train/10752.png,data/extracted/KolektorSDD2/train/10752_GT.png,False,37b3178670c8d4f0652b2e6b640e7f06ffc0f706d60a86f710503a276c6373bd
train-10753,train,train,data/extracted/KolektorSDD2/train/10753.png,data/extracted/KolektorSDD2/train/10753_GT.png,False,3d819feb5c06b07ceef54d8ac0679eef2a4dba63c8d14a082173021b6364e370
train-10754,train,train,data/extracted/KolektorSDD2/train/10754.png,data/extracted/KolektorSDD2/train/10754_GT.png,False,b396b1132c606f3416cf36fd62bb6d6af1df7a8f7e4bb5adeb4e49b6e49dad80
train-10755,train,train,data/extracted/KolektorSDD2/train/10755.png,data/extracted/KolektorSDD2/train/10755_GT.png,False,d56e2e57f80bc55d1a22a07958759a79d4f077baad3248ba44668d61de41f71b
train-10756,train,validation,data/extracted/KolektorSDD2/train/10756.png,data/extracted/KolektorSDD2/train/10756_GT.png,True,f2715dd193c01ef9882702a83f236452a50323b570176f387d0cb1fe9a2d4a76
train-10757,train,train,data/extracted/KolektorSDD2/train/10757.png,data/extracted/KolektorSDD2/train/10757_GT.png,False,82e7e49120ae4dc267578769e7713e1c0933d239040be9917bf32d652b335bbb
train-10758,train,train,data/extracted/KolektorSDD2/train/10758.png,data/extracted/KolektorSDD2/train/10758_GT.png,False,38b246a985e40e5d4014279b4adc10d7bda0139fc0a852cd6a4de703a44cf4e1
train-10759,train,train,data/extracted/KolektorSDD2/train/10759.png,data/extracted/KolektorSDD2/train/10759_GT.png,False,d4981a133cc2ffdc1e90bac2a8125cef6ca957637cbb013ae31d68ad5f37060b
train-10760,train,train,data/extracted/KolektorSDD2/train/10760.png,data/extracted/KolektorSDD2/train/10760_GT.png,False,509df7a7670dc09e4d4a15228cddf022b228ec47240ae76ec22b66827a0767e8
train-10761,train,train,data/extracted/KolektorSDD2/train/10761.png,data/extracted/KolektorSDD2/train/10761_GT.png,False,d1edcee045ab9ec7f33cd6e9d3e0e7f7c1b8a015a9556f6329e03a3a2613d3b4
train-10762,train,validation,data/extracted/KolektorSDD2/train/10762.png,data/extracted/KolektorSDD2/train/10762_GT.png,False,304c17b2c581efc2f69cf806e076977a75daeeca53c74bf3dd4ff77af1e44de2
train-10763,train,train,data/extracted/KolektorSDD2/train/10763.png,data/extracted/KolektorSDD2/train/10763_GT.png,False,964da5477ef177c3d8bc378ae1cd7da472d30b22ddb29efd81349511ad53868f
train-10764,train,train,data/extracted/KolektorSDD2/train/10764.png,data/extracted/KolektorSDD2/train/10764_GT.png,False,a84262cd58a743f8e8d2e29e703da1e5f302d745e863ee252d66ac588e035934
train-10765,train,train,data/extracted/KolektorSDD2/train/10765.png,data/extracted/KolektorSDD2/train/10765_GT.png,False,41ab203bcbbc03b733b6f300c934fd0beb069ab22fda09bc12386c4951bbdf93
train-10766,train,train,data/extracted/KolektorSDD2/train/10766.png,data/extracted/KolektorSDD2/train/10766_GT.png,False,e7a02c4117d1ac7555ced4501833b234aa7c2edb7f92e88fe7ee1ce95910c4a0
train-10767,train,train,data/extracted/KolektorSDD2/train/10767.png,data/extracted/KolektorSDD2/train/10767_GT.png,False,a0e1c56d66ba35186ba15c3d3d98859f76c0ecf3dce46b79d68720d77bf5105e
train-10768,train,train,data/extracted/KolektorSDD2/train/10768.png,data/extracted/KolektorSDD2/train/10768_GT.png,False,04c738f3db33274eac51e2e0d374076f5cdb8b059fb091b5c68cc8dc1dda562e
train-10769,train,train,data/extracted/KolektorSDD2/train/10769.png,data/extracted/KolektorSDD2/train/10769_GT.png,False,11d684c18a15eb168e7c91441b7b2d466d1729bc21603c621fcc4231ba1375be
train-10770,train,train,data/extracted/KolektorSDD2/train/10770.png,data/extracted/KolektorSDD2/train/10770_GT.png,True,35dd86d5e193ed1a02e895104324da5e2d550c562932a5b10e1254cadeeadfdd
train-10771,train,train,data/extracted/KolektorSDD2/train/10771.png,data/extracted/KolektorSDD2/train/10771_GT.png,False,9e300ad55e9cd483453aa8feceb3aec5eccec9c4aa66ed70611fdfcba9059e46
train-10772,train,train,data/extracted/KolektorSDD2/train/10772.png,data/extracted/KolektorSDD2/train/10772_GT.png,False,7a91e93e7e599198a66524e64bb4346c7b446f2d5cc6798477fc8ed04c8e8e85
train-10773,train,train,data/extracted/KolektorSDD2/train/10773.png,data/extracted/KolektorSDD2/train/10773_GT.png,False,4a6c1e2da98860887da0e6c4bd5940b93943a89d34f50875ff34a4bf78dc4f8d
train-10774,train,train,data/extracted/KolektorSDD2/train/10774.png,data/extracted/KolektorSDD2/train/10774_GT.png,True,bef0d81a2c141d1089c50b19207e47ab283a96161fdc68c4db45201324a57fd8
train-10775,train,train,data/extracted/KolektorSDD2/train/10775.png,data/extracted/KolektorSDD2/train/10775_GT.png,False,74856b20992528a1096690047551c1ec7600f6d72433cf94020fad1943c4bacd
train-10776,train,validation,data/extracted/KolektorSDD2/train/10776.png,data/extracted/KolektorSDD2/train/10776_GT.png,False,3f7cb441ef9832dda3e0cef785d1b532837e04f57a93683b5b5a106cfc38f13e
train-10777,train,train,data/extracted/KolektorSDD2/train/10777.png,data/extracted/KolektorSDD2/train/10777_GT.png,False,b07d0a45bdb6868881a5409a0a7c2bb381c900c779e1708633904492826c9a56
train-10778,train,train,data/extracted/KolektorSDD2/train/10778.png,data/extracted/KolektorSDD2/train/10778_GT.png,False,b346d8a794ece3cede7b562a1d99650fe99482a463f041b235816fffa9b43749
train-10779,train,train,data/extracted/KolektorSDD2/train/10779.png,data/extracted/KolektorSDD2/train/10779_GT.png,False,303653f7504c11be605a38fab925dddf45ea4f1d11bf77f782a9045a6c11d85a
train-10780,train,train,data/extracted/KolektorSDD2/train/10780.png,data/extracted/KolektorSDD2/train/10780_GT.png,False,e61ce7868560880c35ffa29f42d7e86342645ebe760f09899be5badf1a50b1c3
train-10781,train,train,data/extracted/KolektorSDD2/train/10781.png,data/extracted/KolektorSDD2/train/10781_GT.png,False,53c67fddd468d8ab51a63fd6e1f8a4d9a3f7652ab6821bcdd07af4f95e97134d
train-10782,train,train,data/extracted/KolektorSDD2/train/10782.png,data/extracted/KolektorSDD2/train/10782_GT.png,False,88e934df04a945e25e5c69e04765658c06edd12cf70146ccd50ddf6b392ed149
train-10783,train,train,data/extracted/KolektorSDD2/train/10783.png,data/extracted/KolektorSDD2/train/10783_GT.png,False,9148992233c9ea345dc3cc6dbe062e89047f14a24d6f7c9156a2fe5d9dddff6d
train-10784,train,train,data/extracted/KolektorSDD2/train/10784.png,data/extracted/KolektorSDD2/train/10784_GT.png,False,fd2113bcfb9342d173a0d10e2dccead9395afff102f981abb01af59c73fb920e
train-10785,train,validation,data/extracted/KolektorSDD2/train/10785.png,data/extracted/KolektorSDD2/train/10785_GT.png,False,9c6c13a805358c347214fd2a6252806734c778927986523c3636951978d5393f
train-10786,train,train,data/extracted/KolektorSDD2/train/10786.png,data/extracted/KolektorSDD2/train/10786_GT.png,False,5485403032107b64771a0a72d5234af87c47f3d5d66001e4054d407334397ca9
train-10787,train,train,data/extracted/KolektorSDD2/train/10787.png,data/extracted/KolektorSDD2/train/10787_GT.png,False,b98df84ffbe1b967ba01e7fa288c39f162c6b3db7a2f76d653b1de23fa77e56a
train-10788,train,train,data/extracted/KolektorSDD2/train/10788.png,data/extracted/KolektorSDD2/train/10788_GT.png,False,6a29e6292981287fd921fe98b077e81ff36b3f5433dcd8c98ad6530de0fbbb3e
train-10789,train,validation,data/extracted/KolektorSDD2/train/10789.png,data/extracted/KolektorSDD2/train/10789_GT.png,False,51b7668c8b0fcb17cead1647eda9adcd07cf730de657ae2a6f3eea97a63376db
train-10790,train,train,data/extracted/KolektorSDD2/train/10790.png,data/extracted/KolektorSDD2/train/10790_GT.png,False,eec6a72ffb1e4ac151ed9d04917c41813a76a09cf63441e71532bbc96536226c
train-10791,train,train,data/extracted/KolektorSDD2/train/10791.png,data/extracted/KolektorSDD2/train/10791_GT.png,False,48d51e4d73a7cfd93f83cd0072521637c00b8db39ea927edf520302a9fe0ffd0
train-10792,train,train,data/extracted/KolektorSDD2/train/10792.png,data/extracted/KolektorSDD2/train/10792_GT.png,False,7eb240aaed69498cd80f7d85fb18054b137efff5f2b831a3f38270824d2ce716
train-10793,train,train,data/extracted/KolektorSDD2/train/10793.png,data/extracted/KolektorSDD2/train/10793_GT.png,False,b9575081e27b8e58cd53fd6ba7bb0a275dbdc9a9b6e60192a0ac8aa95063d7cc
train-10794,train,train,data/extracted/KolektorSDD2/train/10794.png,data/extracted/KolektorSDD2/train/10794_GT.png,False,4b59e6614f79849f2ca59f7bec0d028dcaf7a9c50a20f51f6b15dccced8ef6f5
train-10795,train,train,data/extracted/KolektorSDD2/train/10795.png,data/extracted/KolektorSDD2/train/10795_GT.png,False,18e12d2c9cbf5e809cea21db0d0beac3164c8d8d582c80b2a3af216550a139b6
train-10796,train,train,data/extracted/KolektorSDD2/train/10796.png,data/extracted/KolektorSDD2/train/10796_GT.png,False,9991dcb7deb59add02edb79aa147437d70fa7365f2cd148119e5ab23c2d25178
train-10797,train,train,data/extracted/KolektorSDD2/train/10797.png,data/extracted/KolektorSDD2/train/10797_GT.png,True,fea4a34b0a7d65c29b73685fce6835cb26f480815b2e9003b8ea1ed1ccb252f8
train-10798,train,train,data/extracted/KolektorSDD2/train/10798.png,data/extracted/KolektorSDD2/train/10798_GT.png,False,143a59dc1b411b7231f20302d75a1c016569cae4b9f4406fe25d92557efcf54e
train-10799,train,train,data/extracted/KolektorSDD2/train/10799.png,data/extracted/KolektorSDD2/train/10799_GT.png,False,560d74406fc2ba8cca5fbca29a017de304cdf7571edbfb628ed14ed6e5d8be7c
train-10800,train,train,data/extracted/KolektorSDD2/train/10800.png,data/extracted/KolektorSDD2/train/10800_GT.png,False,0e587f276a435cbcf240d16c6918c1e89dca273817d390594184245c793c6884
train-10801,train,train,data/extracted/KolektorSDD2/train/10801.png,data/extracted/KolektorSDD2/train/10801_GT.png,False,65e2ca808bdbb0da64dc6d35ba8532a47f0336263e33d2a90dfcabccbd77e78c
train-10802,train,train,data/extracted/KolektorSDD2/train/10802.png,data/extracted/KolektorSDD2/train/10802_GT.png,False,c5e4a82be4bcb30430690afd4346e53ea1529a0d61dc48a58f4fbc3d716b9e60
train-10803,train,train,data/extracted/KolektorSDD2/train/10803.png,data/extracted/KolektorSDD2/train/10803_GT.png,False,b60583d349178cbeeb451d3c57680391ced295949de7469b58ef56f8cc00ae7d
train-10804,train,validation,data/extracted/KolektorSDD2/train/10804.png,data/extracted/KolektorSDD2/train/10804_GT.png,False,1847a1ec95b2d21f45c0add47d796defbaf10ad24ef2d5f9f74f0257977fabd4
train-10805,train,train,data/extracted/KolektorSDD2/train/10805.png,data/extracted/KolektorSDD2/train/10805_GT.png,False,77d0cd523f755b91bb9976ee511be143cab8a24cae449117bf5118feacfda3fc
train-10806,train,train,data/extracted/KolektorSDD2/train/10806.png,data/extracted/KolektorSDD2/train/10806_GT.png,False,a6dc230755b13dc70589f19183e5eaf5230b63e8736139b834a96bdbf6e356ca
train-10807,train,train,data/extracted/KolektorSDD2/train/10807.png,data/extracted/KolektorSDD2/train/10807_GT.png,False,20aa41f5387a0a954ab74fb32d2c16135f57009c089d4f80e8093d8703a29788
train-10808,train,train,data/extracted/KolektorSDD2/train/10808.png,data/extracted/KolektorSDD2/train/10808_GT.png,True,717de04bb24feeed6ff52ef6d8b9d269de93b2871fdef54af0bf9e6a09d836a7
train-10809,train,train,data/extracted/KolektorSDD2/train/10809.png,data/extracted/KolektorSDD2/train/10809_GT.png,False,93563b7ca6581644c204623e1bb538cb5a33de453e8d4530d3356490d602a759
train-10810,train,train,data/extracted/KolektorSDD2/train/10810.png,data/extracted/KolektorSDD2/train/10810_GT.png,False,bc92618917d7649bce1f20721df0a6e81e260a59db054dfde9b91d37169d9bc5
train-10811,train,train,data/extracted/KolektorSDD2/train/10811.png,data/extracted/KolektorSDD2/train/10811_GT.png,False,442c04fb0babb718026870811b3e2c7f8f88b409b4ac04d870cb0d5cee560b7e
train-10812,train,train,data/extracted/KolektorSDD2/train/10812.png,data/extracted/KolektorSDD2/train/10812_GT.png,False,93db87150919e8089f5abf69c16de14761dd45be7f21e8210e82fd0dd7b3b778
train-10813,train,train,data/extracted/KolektorSDD2/train/10813.png,data/extracted/KolektorSDD2/train/10813_GT.png,False,7d3d396c5b307d5da6ab57d1f44328beb3e54a266b96ecee65bb1fe666464ef9
train-10814,train,train,data/extracted/KolektorSDD2/train/10814.png,data/extracted/KolektorSDD2/train/10814_GT.png,False,e68a81d11b0bae4640a346c27f629109a801c786c90d6bb249e793e63cb391f3
train-10815,train,train,data/extracted/KolektorSDD2/train/10815.png,data/extracted/KolektorSDD2/train/10815_GT.png,False,dbd994f99a76c4b748cfef68852d572699aa28da0aac290f075ac0a9142de891
train-10816,train,train,data/extracted/KolektorSDD2/train/10816.png,data/extracted/KolektorSDD2/train/10816_GT.png,False,c99a7f74098d22535b92fe3a74f15b60e4438ecb41d0cb94f1932365e3311cf6
train-10817,train,train,data/extracted/KolektorSDD2/train/10817.png,data/extracted/KolektorSDD2/train/10817_GT.png,False,3f10eb0f3929faf96e281aeecfd9f1a2f9acdd57ba8a6fda4f6bfd0ea4a0cb04
train-10818,train,train,data/extracted/KolektorSDD2/train/10818.png,data/extracted/KolektorSDD2/train/10818_GT.png,False,b57800c3ac88228f596936990732bc1954d1aedcf88a291946c580b42b71a298
train-10819,train,validation,data/extracted/KolektorSDD2/train/10819.png,data/extracted/KolektorSDD2/train/10819_GT.png,False,b18649837ae5cecbde4232316a51995176cf3cce72532ecd610ad1d2841d7faf
train-10820,train,train,data/extracted/KolektorSDD2/train/10820.png,data/extracted/KolektorSDD2/train/10820_GT.png,False,d8059923ec5a1424adf0744b57d40bafaa7f701f679cd0698dee405cdd0f9f8d
train-10821,train,train,data/extracted/KolektorSDD2/train/10821.png,data/extracted/KolektorSDD2/train/10821_GT.png,True,b36bc87c9f409c0fff4542a7775111f255f4c79a6e93b577b8c68b87faef889e
train-10822,train,train,data/extracted/KolektorSDD2/train/10822.png,data/extracted/KolektorSDD2/train/10822_GT.png,False,287323aa0aa68f3fcf6f9487bbbf3904e7f3331c8c2557afb8b7ec977d9664e3
train-10823,train,train,data/extracted/KolektorSDD2/train/10823.png,data/extracted/KolektorSDD2/train/10823_GT.png,False,3f1becbb25d82f38cb105aaad46be9a6969c8c77464f4dc864f3c07e6aa02ffe
train-10824,train,train,data/extracted/KolektorSDD2/train/10824.png,data/extracted/KolektorSDD2/train/10824_GT.png,False,e1079802002922902288f994c6884217a30fc2c9ab051fddab9ede2679890b62
train-10825,train,train,data/extracted/KolektorSDD2/train/10825.png,data/extracted/KolektorSDD2/train/10825_GT.png,False,15b913874f4f6b469bbd3475a8e4caf0da808f79b50944f83b691394e580ab20
train-10826,train,train,data/extracted/KolektorSDD2/train/10826.png,data/extracted/KolektorSDD2/train/10826_GT.png,False,bde3f156b7bb121dd21f1a57ceebbbd5c66c769ed11bf1294235c788ac1ccd7e
train-10827,train,train,data/extracted/KolektorSDD2/train/10827.png,data/extracted/KolektorSDD2/train/10827_GT.png,False,2a2a764616dc46c8959e699f70f2bdd79658ed75e2feaba808e0bf5435669c9b
train-10828,train,train,data/extracted/KolektorSDD2/train/10828.png,data/extracted/KolektorSDD2/train/10828_GT.png,False,6b2bc01eacd311427d65ebe50014a37e04b0b2d27986bfc34d1d1bc6bb9828bd
train-10829,train,train,data/extracted/KolektorSDD2/train/10829.png,data/extracted/KolektorSDD2/train/10829_GT.png,False,762b391a4afb92ad40c7dbe6efbb4d0babcffbf76a6368dfd958723f4f0bcf04
train-10830,train,train,data/extracted/KolektorSDD2/train/10830.png,data/extracted/KolektorSDD2/train/10830_GT.png,False,49370eeb9c3427f20516ae58356d1aed9f19871ed91133faf64df4eac134b7c7
train-10831,train,train,data/extracted/KolektorSDD2/train/10831.png,data/extracted/KolektorSDD2/train/10831_GT.png,False,db9cf9a0d6c6674f86045fcc23d9d0842ef7a2a5985c7f635a531fee327c0c9b
train-10832,train,train,data/extracted/KolektorSDD2/train/10832.png,data/extracted/KolektorSDD2/train/10832_GT.png,False,b05c19afc8bb4a64a9100652a7951acf12c1e69fd4c9449931b5b356fe831189
train-10833,train,train,data/extracted/KolektorSDD2/train/10833.png,data/extracted/KolektorSDD2/train/10833_GT.png,False,7185537e6103880473fcbd69a1b29ea0e330cea72e24940b25b05a1b0ac165df
train-10834,train,validation,data/extracted/KolektorSDD2/train/10834.png,data/extracted/KolektorSDD2/train/10834_GT.png,False,8cf4aea5c44e30db8be096a774cee6917749f95a9074035a3e9b62d2cd7ca4fc
train-10835,train,train,data/extracted/KolektorSDD2/train/10835.png,data/extracted/KolektorSDD2/train/10835_GT.png,False,2fc04d83ebeee4503a5fb3d0b10abe21ef0be9dcee59349698d070f2358c3665
train-10836,train,train,data/extracted/KolektorSDD2/train/10836.png,data/extracted/KolektorSDD2/train/10836_GT.png,False,c2280d214bced534d758fd1899410a10dc8b53a58779fd05be3f9ccca6fc81b8
train-10837,train,train,data/extracted/KolektorSDD2/train/10837.png,data/extracted/KolektorSDD2/train/10837_GT.png,False,0dcda9c266fd307f4cfb2d263883579a21b206572a33071acba09f00e7071189
train-10838,train,train,data/extracted/KolektorSDD2/train/10838.png,data/extracted/KolektorSDD2/train/10838_GT.png,False,50e1f228d08221437024a610bd70e84299d16edcf07e0eea6a0b18dce645697d
train-10839,train,train,data/extracted/KolektorSDD2/train/10839.png,data/extracted/KolektorSDD2/train/10839_GT.png,False,3e53ad9c063bdb581349dba8586218a362955f2c7f6065bcf3eedfa2334da75d
train-10840,train,train,data/extracted/KolektorSDD2/train/10840.png,data/extracted/KolektorSDD2/train/10840_GT.png,False,73fc3b2771ea19cbe068d0595286490a7d7004b363c7ff71cbacc9a9c235352b
train-10841,train,train,data/extracted/KolektorSDD2/train/10841.png,data/extracted/KolektorSDD2/train/10841_GT.png,False,69a47cfba5dae56ecc3b05ae07abed6106d6faee28fbabf431970ddb8166f5ee
train-10842,train,train,data/extracted/KolektorSDD2/train/10842.png,data/extracted/KolektorSDD2/train/10842_GT.png,False,427fbec03df05e65a2eb7cc47e77505817603be6860c47a2f06cc704a7439964
train-10843,train,train,data/extracted/KolektorSDD2/train/10843.png,data/extracted/KolektorSDD2/train/10843_GT.png,False,d50d981bf16e75a3c04b9fd8c24337573f0ac4303f79f4f6b47c64121699116f
train-10844,train,train,data/extracted/KolektorSDD2/train/10844.png,data/extracted/KolektorSDD2/train/10844_GT.png,True,8e241868bc5c480c26d1b1b7b04ee483d3094d370d8732da39435a3dca8d291c
train-10845,train,train,data/extracted/KolektorSDD2/train/10845.png,data/extracted/KolektorSDD2/train/10845_GT.png,True,565c590059f1994fc0ca084b6573c6047dd22d6218ff59620c16e4559051862b
train-10846,train,train,data/extracted/KolektorSDD2/train/10846.png,data/extracted/KolektorSDD2/train/10846_GT.png,True,9731bcbaee82a518cd0aa5fc32ef44e8de6f3a953fcf04400604a1141b9844e5
train-10847,train,train,data/extracted/KolektorSDD2/train/10847.png,data/extracted/KolektorSDD2/train/10847_GT.png,False,1d94848d328d93cf61de6c84bd620119938bfbbda7bd8709707a48114928420a
train-10848,train,train,data/extracted/KolektorSDD2/train/10848.png,data/extracted/KolektorSDD2/train/10848_GT.png,False,5f59b40b353e2386e2b6249adc3def55dfb6e592a9240eb14384ab5defba774f
train-10849,train,train,data/extracted/KolektorSDD2/train/10849.png,data/extracted/KolektorSDD2/train/10849_GT.png,True,ca83d9587315ece07fe2e5a883d8a6046a2a800727457311e41963f1819e00f7
train-10850,train,train,data/extracted/KolektorSDD2/train/10850.png,data/extracted/KolektorSDD2/train/10850_GT.png,False,5fad162ca8196cf2639b11705c83f980d76e35466a20b68d8e402bd54e2b45b6
train-10851,train,train,data/extracted/KolektorSDD2/train/10851.png,data/extracted/KolektorSDD2/train/10851_GT.png,False,5e0f73fdb4e2a7f99b57f42390b7cf4ff3334b52bf432814cbf2ae734108c6af
train-10852,train,train,data/extracted/KolektorSDD2/train/10852.png,data/extracted/KolektorSDD2/train/10852_GT.png,False,9f60d33fc0def8a52734a66ec503b3e16ff86c76a0196d25e4733b70a31aa93f
train-10853,train,train,data/extracted/KolektorSDD2/train/10853.png,data/extracted/KolektorSDD2/train/10853_GT.png,False,2eb323ca34e7cc7cb391e42dd38bd70336fdafa4c8604e2a7512606755935bc1
train-10854,train,validation,data/extracted/KolektorSDD2/train/10854.png,data/extracted/KolektorSDD2/train/10854_GT.png,False,966691a904f4748feaaa9cf49712c969e41c7ec98fa3ed1be6d28279847a080e
train-10855,train,train,data/extracted/KolektorSDD2/train/10855.png,data/extracted/KolektorSDD2/train/10855_GT.png,False,56c5c7328980ee1483b3bc5575a92ddc44ac64fa4accc6e96fb9c82f824fe85c
train-10856,train,train,data/extracted/KolektorSDD2/train/10856.png,data/extracted/KolektorSDD2/train/10856_GT.png,False,9d685376d4ebe48d56230090a686fa42eb1cdc57eb71bb4da7c1c33359c0fc97
train-10857,train,train,data/extracted/KolektorSDD2/train/10857.png,data/extracted/KolektorSDD2/train/10857_GT.png,False,5c9501e6da25a63b338d6848cb872635a0dd41cb09ceb7df0292d31f1b735460
train-10858,train,train,data/extracted/KolektorSDD2/train/10858.png,data/extracted/KolektorSDD2/train/10858_GT.png,False,04a54b2aca5104fdfd9e03c807696e7d492e32808e67fa4c385fa77fc5b47630
train-10859,train,train,data/extracted/KolektorSDD2/train/10859.png,data/extracted/KolektorSDD2/train/10859_GT.png,False,004bd01d59be730df4421d650e7f9117f2c2dd356dee343ec99e64eb441a1acc
train-10860,train,train,data/extracted/KolektorSDD2/train/10860.png,data/extracted/KolektorSDD2/train/10860_GT.png,False,aac8a6deb24e371423a9658b8eb2372c666581b35e757460274b6ccc7248707e
train-10861,train,train,data/extracted/KolektorSDD2/train/10861.png,data/extracted/KolektorSDD2/train/10861_GT.png,False,4139ae3f77105ff2cd3eb0307b537a4398135d32b2b37c8ee70118d0b70d0b9a
train-10862,train,train,data/extracted/KolektorSDD2/train/10862.png,data/extracted/KolektorSDD2/train/10862_GT.png,False,d202d377a8e78277da6b1efb7577b54496b1b38ab8a8b5a1dc392e44b03d666b
train-10863,train,validation,data/extracted/KolektorSDD2/train/10863.png,data/extracted/KolektorSDD2/train/10863_GT.png,False,9dbf5d05c9e8a0696a71d78cf150667a7e544f42b626d5b0e6062ae141ce8a99
train-10864,train,train,data/extracted/KolektorSDD2/train/10864.png,data/extracted/KolektorSDD2/train/10864_GT.png,False,435b340e3d0e2bb9798f17a4da13309b1264a9abfb44277a36a575285c9de8ce
train-10865,train,train,data/extracted/KolektorSDD2/train/10865.png,data/extracted/KolektorSDD2/train/10865_GT.png,False,638d54014f95d0372c1546b76806a9cd88e3cc35e4e5f5e1f928e5a954e0ae0e
train-10866,train,train,data/extracted/KolektorSDD2/train/10866.png,data/extracted/KolektorSDD2/train/10866_GT.png,False,7b1b578b17f5b9a841e65818752d2d8a919c00e59da91d836491d6ad5e3618e3
train-10867,train,train,data/extracted/KolektorSDD2/train/10867.png,data/extracted/KolektorSDD2/train/10867_GT.png,False,f80d9b1af682790e94a46485e7b22f33bed806d4e9c3fe592c6a1716cd6132ea
train-10868,train,train,data/extracted/KolektorSDD2/train/10868.png,data/extracted/KolektorSDD2/train/10868_GT.png,False,5b40fde13dcd3eabcca156a62f52654f568d6ba27beb2efafc13999d9ccd7ffc
train-10869,train,train,data/extracted/KolektorSDD2/train/10869.png,data/extracted/KolektorSDD2/train/10869_GT.png,True,407ab14c01b71cc99e4d782f83f9910da526a4df00ee990c4799cb53653d9527
train-10870,train,train,data/extracted/KolektorSDD2/train/10870.png,data/extracted/KolektorSDD2/train/10870_GT.png,False,4c93e7b8815f74bffac6b2ea2fe4176454a02ff1304b80ce1bee6938ff029c96
train-10871,train,train,data/extracted/KolektorSDD2/train/10871.png,data/extracted/KolektorSDD2/train/10871_GT.png,False,01d1b23cc2cfbbf6af03d132bd5f8b4371076272ab86c59316f6f1377c0a99da
train-10872,train,train,data/extracted/KolektorSDD2/train/10872.png,data/extracted/KolektorSDD2/train/10872_GT.png,False,3e609cb214279854ee63bd5843ebc5c8e4f1210e83418703d0e64cb38e1f8796
train-10873,train,train,data/extracted/KolektorSDD2/train/10873.png,data/extracted/KolektorSDD2/train/10873_GT.png,False,50538f65099bf94d228209eb1c17e898a0057ece7c7f41268499eb7f40f31c48
train-10874,train,train,data/extracted/KolektorSDD2/train/10874.png,data/extracted/KolektorSDD2/train/10874_GT.png,True,f087f61a786df8f58074438823e8bca1159d3bfd8c5db690b7b3039987b1e5d4
train-10875,train,train,data/extracted/KolektorSDD2/train/10875.png,data/extracted/KolektorSDD2/train/10875_GT.png,False,ed9815afac081eaeb7a802ff1168e64ec61a7d1a25643daa8d7061ec41732456
train-10876,train,train,data/extracted/KolektorSDD2/train/10876.png,data/extracted/KolektorSDD2/train/10876_GT.png,False,b55a57d021281f5d7b1701781ce98a80f2d5cec22e625c4da9806af8a476a074
train-10877,train,train,data/extracted/KolektorSDD2/train/10877.png,data/extracted/KolektorSDD2/train/10877_GT.png,False,cb860eb9ff8b34ca443560905ab32e239ebe83f7052cacb7127eeb806442abda
train-10878,train,train,data/extracted/KolektorSDD2/train/10878.png,data/extracted/KolektorSDD2/train/10878_GT.png,False,acde781f27d2ea48889ae8ce388cc159344d8543173bf08d2c135db43fde4858
train-10879,train,train,data/extracted/KolektorSDD2/train/10879.png,data/extracted/KolektorSDD2/train/10879_GT.png,False,8d816f02ccdf581ecae0f8d91b6b4b466861debe58561a1335b6a7d03e89c984
train-10880,train,validation,data/extracted/KolektorSDD2/train/10880.png,data/extracted/KolektorSDD2/train/10880_GT.png,False,74217c82d0432502c5c35d9870c74aefe91cb09849ae34c5e913abb0563d6dfd
train-10881,train,train,data/extracted/KolektorSDD2/train/10881.png,data/extracted/KolektorSDD2/train/10881_GT.png,False,3a6c7d5fdb177a2b7a9c2d87acfab6ea1e78ad6c12c09647eb459124f90cf0c3
train-10882,train,train,data/extracted/KolektorSDD2/train/10882.png,data/extracted/KolektorSDD2/train/10882_GT.png,False,a45277361852875780f6d4264e9004b322c294e641c132e5764652e5e528f1dd
train-10883,train,train,data/extracted/KolektorSDD2/train/10883.png,data/extracted/KolektorSDD2/train/10883_GT.png,False,608575932b46458fa2671d39d936eddd86d17252d135e85f855e6c0fb445437d
train-10884,train,train,data/extracted/KolektorSDD2/train/10884.png,data/extracted/KolektorSDD2/train/10884_GT.png,False,3454c651ced0884c64c70d0ecae673529b4b44923c9b8ce684e7a5a08f626bea
train-10885,train,train,data/extracted/KolektorSDD2/train/10885.png,data/extracted/KolektorSDD2/train/10885_GT.png,False,42ef77d8395ee7f8cc98379f39577353f07b488c1f5988f361cf39545373e01b
train-10886,train,train,data/extracted/KolektorSDD2/train/10886.png,data/extracted/KolektorSDD2/train/10886_GT.png,False,f86854f430b3a25904366866a9501088c4dae0d2d268bddc00f9074e3db201b7
train-10887,train,train,data/extracted/KolektorSDD2/train/10887.png,data/extracted/KolektorSDD2/train/10887_GT.png,False,cf41ebfba9080e830df498466d77bfe00ef06d1f703889642257559742909e22
train-10888,train,train,data/extracted/KolektorSDD2/train/10888.png,data/extracted/KolektorSDD2/train/10888_GT.png,False,fad5b88631edf1270f1fd226f237460c82ee66d852c71bf832d5e05068c03046
train-10889,train,train,data/extracted/KolektorSDD2/train/10889.png,data/extracted/KolektorSDD2/train/10889_GT.png,False,19a0b020e7f928dd0369357cb8efd70f78e05325713db2971e917eb97c2f5321
train-10890,train,train,data/extracted/KolektorSDD2/train/10890.png,data/extracted/KolektorSDD2/train/10890_GT.png,False,dd6b325c72a84d4b8c093d8825eb3737686c730e05b7cccee806615c5c1854ef
train-10891,train,train,data/extracted/KolektorSDD2/train/10891.png,data/extracted/KolektorSDD2/train/10891_GT.png,False,334f8710a3bd0516b7ab9c64281f1e5300af3a1c7717ae8a0f5dab250bbb0531
train-10892,train,validation,data/extracted/KolektorSDD2/train/10892.png,data/extracted/KolektorSDD2/train/10892_GT.png,False,56ccd9d80f5654b6af94be938a829479acc03055121bd2637571708f957879d2
train-10893,train,train,data/extracted/KolektorSDD2/train/10893.png,data/extracted/KolektorSDD2/train/10893_GT.png,True,32a971f98de606797e6311278ac59d8fa7ccc4294c78b86680b1e2bfd795264f
train-10894,train,train,data/extracted/KolektorSDD2/train/10894.png,data/extracted/KolektorSDD2/train/10894_GT.png,False,c9d172663b8ea091d76b38bf95ed0163885665f73442ef471bcadc037956d994
train-10895,train,train,data/extracted/KolektorSDD2/train/10895.png,data/extracted/KolektorSDD2/train/10895_GT.png,False,d6ba2c03b1b4a3ff642cf09a1d45000a6d4b2102f2d140c030884fb34309282d
train-10896,train,train,data/extracted/KolektorSDD2/train/10896.png,data/extracted/KolektorSDD2/train/10896_GT.png,False,837aa55084f12ba1c9a14fc1021c8682d64b6196d40cb145351ae1839b3c2187
train-10897,train,train,data/extracted/KolektorSDD2/train/10897.png,data/extracted/KolektorSDD2/train/10897_GT.png,False,43ed9eb7d0780f3b2fdeade283fe5fc520bc6acc0c5ce2b2ef0532749d1a4f60
train-10898,train,train,data/extracted/KolektorSDD2/train/10898.png,data/extracted/KolektorSDD2/train/10898_GT.png,False,e688813f8f012fb37b4199266fc56a3146b4471a79e5858c9b17a3232d1c6d9f
train-10899,train,train,data/extracted/KolektorSDD2/train/10899.png,data/extracted/KolektorSDD2/train/10899_GT.png,False,2b3f3d786d6f7f9dd31f2022e0048e0074de66d0af79a09d7f7b483ea9096621
train-10900,train,train,data/extracted/KolektorSDD2/train/10900.png,data/extracted/KolektorSDD2/train/10900_GT.png,True,3313b9fcc5919499ef110d79dc29a71259c6cb0e7b00b2b88e85e41e1a056131
train-10901,train,train,data/extracted/KolektorSDD2/train/10901.png,data/extracted/KolektorSDD2/train/10901_GT.png,False,7165fd885c75c2ebb6df90b702ef7180c2bf9a8f438678d860977eb28526bd94
train-10902,train,train,data/extracted/KolektorSDD2/train/10902.png,data/extracted/KolektorSDD2/train/10902_GT.png,False,9e94a244202c3f19f2da59176426db551ef7201e26f557445ad2b529b716e005
train-10903,train,train,data/extracted/KolektorSDD2/train/10903.png,data/extracted/KolektorSDD2/train/10903_GT.png,False,531e9a270c4d7d9ec587a205676d1a4ae6ccb510ec7931c4c192e9892a277544
train-10904,train,train,data/extracted/KolektorSDD2/train/10904.png,data/extracted/KolektorSDD2/train/10904_GT.png,False,a2fc3a79bfa86f6e73e135f5b20267da386cf4e4a9eb14add917ce634d78adfa
train-10905,train,train,data/extracted/KolektorSDD2/train/10905.png,data/extracted/KolektorSDD2/train/10905_GT.png,True,291508f11b7faa02eb72c1e9fc655d1bc46350ec55229f7fd0d75d5aaf892c39
train-10906,train,train,data/extracted/KolektorSDD2/train/10906.png,data/extracted/KolektorSDD2/train/10906_GT.png,False,3c2de97ac4c331ae95b999cbf1835bf828e19930fd164f7a16d1c7cab3bdeeb7
train-10907,train,train,data/extracted/KolektorSDD2/train/10907.png,data/extracted/KolektorSDD2/train/10907_GT.png,True,22f90f8b27a8b823b497f3e03aa1fd4832136e74274f74944118eaa69ddba8de
train-10908,train,train,data/extracted/KolektorSDD2/train/10908.png,data/extracted/KolektorSDD2/train/10908_GT.png,False,6a88de5510f562257366c3cd558305031310fe313a5325fff4f243eded679083
train-10909,train,train,data/extracted/KolektorSDD2/train/10909.png,data/extracted/KolektorSDD2/train/10909_GT.png,False,bff658d4196d59d673cdd28d51cfc0db69a288dc09420d192afc335cb1156149
train-10910,train,validation,data/extracted/KolektorSDD2/train/10910.png,data/extracted/KolektorSDD2/train/10910_GT.png,False,eedb1158196bbdeed988f566e8450b05d82a1dad3b389272fdadc613104b8d8d
train-10911,train,train,data/extracted/KolektorSDD2/train/10911.png,data/extracted/KolektorSDD2/train/10911_GT.png,False,426cd7ee51c34dd4d1b48744b650deb6c8cec8e298bce5a8fa56814faa7e2f00
train-10912,train,train,data/extracted/KolektorSDD2/train/10912.png,data/extracted/KolektorSDD2/train/10912_GT.png,False,3f6396f28a1ace831252172286145882506cf74bfd7058590e420c6f899019a0
train-10913,train,train,data/extracted/KolektorSDD2/train/10913.png,data/extracted/KolektorSDD2/train/10913_GT.png,False,e9545180e8b678f4ba8544abed1a18a55b0301f9c5f6cf4d577d2a32a28b9816
train-10914,train,train,data/extracted/KolektorSDD2/train/10914.png,data/extracted/KolektorSDD2/train/10914_GT.png,False,ac37ad2bce3d7b8ab91e096c383b61c3b1f68e23ee35d7447ae41450adfb3995
train-10915,train,train,data/extracted/KolektorSDD2/train/10915.png,data/extracted/KolektorSDD2/train/10915_GT.png,False,7c00a53161598039588ef768d42750d5cc376f394928cfb9868b57df76cd0239
train-10916,train,train,data/extracted/KolektorSDD2/train/10916.png,data/extracted/KolektorSDD2/train/10916_GT.png,False,c15f4d19b8ef2cb3541e6153deff50235a49a9be370430c5b6155da9ab24bba4
train-10917,train,train,data/extracted/KolektorSDD2/train/10917.png,data/extracted/KolektorSDD2/train/10917_GT.png,False,e8ed7ab170e2976dc6e4ccb2346fd0e00daac3f7052ce43ad55aa320335e710b
train-10918,train,train,data/extracted/KolektorSDD2/train/10918.png,data/extracted/KolektorSDD2/train/10918_GT.png,False,d859124f66e5291ef6bd1b5c86b6fff4c39c8e04089b06e7d73fc7895feee835
train-10919,train,train,data/extracted/KolektorSDD2/train/10919.png,data/extracted/KolektorSDD2/train/10919_GT.png,False,ec0287553a083a927ad4c2f4eea0fe12c25f4862cb58aa0e70e3557a1047257b
train-10920,train,train,data/extracted/KolektorSDD2/train/10920.png,data/extracted/KolektorSDD2/train/10920_GT.png,False,e42841219d87e923a71c3308f1560038e0375b7829a4ce9fde3b2a94711af0f0
train-10921,train,train,data/extracted/KolektorSDD2/train/10921.png,data/extracted/KolektorSDD2/train/10921_GT.png,False,4e417ff202ca5dc77c8af71a3c7edfafe9ebcb67d70d6bfdb5267768f05521ec
train-10922,train,train,data/extracted/KolektorSDD2/train/10922.png,data/extracted/KolektorSDD2/train/10922_GT.png,False,2823a0e3394e523caea9b891577155b3a29006246e1a5895824b2609c6c6335c
train-10923,train,train,data/extracted/KolektorSDD2/train/10923.png,data/extracted/KolektorSDD2/train/10923_GT.png,False,f8566e9577027611cb71b0d3fc3995e8d70015d98370a73159e434a9afcde365
train-10924,train,train,data/extracted/KolektorSDD2/train/10924.png,data/extracted/KolektorSDD2/train/10924_GT.png,False,73b2b2d8e23f44651eac93ec289e9a314f8b2201af1a17dafce81a113622162f
train-10925,train,train,data/extracted/KolektorSDD2/train/10925.png,data/extracted/KolektorSDD2/train/10925_GT.png,False,417c592ddd45972489a6fc9155245fce3182457059684411dd97a6fd1d9d3bd7
train-10926,train,train,data/extracted/KolektorSDD2/train/10926.png,data/extracted/KolektorSDD2/train/10926_GT.png,False,6a6657070aea0d9ce2dd6cf86778a2dfa691ca5977bc9079d64b55c901706d7c
train-10927,train,train,data/extracted/KolektorSDD2/train/10927.png,data/extracted/KolektorSDD2/train/10927_GT.png,False,2d6806caa0187687ae0ec6994fc1cdd06c5c29ead35458673be72a94939bb786
train-10928,train,train,data/extracted/KolektorSDD2/train/10928.png,data/extracted/KolektorSDD2/train/10928_GT.png,False,607d708119a7bbd667134fc7714f1c3a2ac5699eeb729d6922b3f9c173ba2ba0
train-10929,train,train,data/extracted/KolektorSDD2/train/10929.png,data/extracted/KolektorSDD2/train/10929_GT.png,False,17530cfa127dd88a2c364583d0553eb6995a926c44292a2f2d22da573b048e18
train-10930,train,train,data/extracted/KolektorSDD2/train/10930.png,data/extracted/KolektorSDD2/train/10930_GT.png,False,29afc465d42c94b8dd3f455af403d3502fb950e176643cd7809707774546260c
train-10931,train,train,data/extracted/KolektorSDD2/train/10931.png,data/extracted/KolektorSDD2/train/10931_GT.png,False,a403b17208b1f8e309cc53f7d7295dc268b0de064979146520dab84b111fefaf
train-10932,train,train,data/extracted/KolektorSDD2/train/10932.png,data/extracted/KolektorSDD2/train/10932_GT.png,False,5575e2b31f2bbf1ab6e2a03fd2495a55b5bd558615efe7a131f2dfbca0616057
train-10933,train,train,data/extracted/KolektorSDD2/train/10933.png,data/extracted/KolektorSDD2/train/10933_GT.png,False,0f0d6adff404d295e4c8c431cb0148cd1dee8763f4103df4f9e74c074a67efd0
train-10934,train,train,data/extracted/KolektorSDD2/train/10934.png,data/extracted/KolektorSDD2/train/10934_GT.png,False,161a548d5d9d07f41781828438690dd2356b8ee1eaf213dc06d09ec6080b5edd
train-10935,train,train,data/extracted/KolektorSDD2/train/10935.png,data/extracted/KolektorSDD2/train/10935_GT.png,False,2660056911c7181779722bc6654edb6286d72823c084288fd0b02da2ce146255
train-10936,train,validation,data/extracted/KolektorSDD2/train/10936.png,data/extracted/KolektorSDD2/train/10936_GT.png,False,16a490638c1223b471998b4dad674ebf61ab3ffbb202b2fba7386a389f17e4ed
train-10937,train,validation,data/extracted/KolektorSDD2/train/10937.png,data/extracted/KolektorSDD2/train/10937_GT.png,False,8cb37fb78a1b66856ef6661aee420c0b8742e4b9755943eac215da4f3964b22d
train-10938,train,train,data/extracted/KolektorSDD2/train/10938.png,data/extracted/KolektorSDD2/train/10938_GT.png,False,d3f17a4fa416007e3a5e4deef75e92a5e4edfb029895c762a043815e7296a107
train-10939,train,train,data/extracted/KolektorSDD2/train/10939.png,data/extracted/KolektorSDD2/train/10939_GT.png,False,778dc1a1430918057925ace28d1d8b49880777ec3d9fc4f3a0ddd4291f0f6c8a
train-10940,train,train,data/extracted/KolektorSDD2/train/10940.png,data/extracted/KolektorSDD2/train/10940_GT.png,False,84dbc6db966935185667ff2dcd698b9197d7245c625d1727e6b9cf2dfd5b435f
train-10941,train,train,data/extracted/KolektorSDD2/train/10941.png,data/extracted/KolektorSDD2/train/10941_GT.png,False,03dd47a8cf0f35f8f096416683dd333b606059dff0b54979734530d051229d37
train-10942,train,train,data/extracted/KolektorSDD2/train/10942.png,data/extracted/KolektorSDD2/train/10942_GT.png,False,5868c1ec39b6e64a91d988489e53c9d5ba0786d31fb32d82f4db539978d75326
train-10943,train,train,data/extracted/KolektorSDD2/train/10943.png,data/extracted/KolektorSDD2/train/10943_GT.png,False,56200a7ebc8bab3c7d63356e1b678f2e5b45c01f017eab09ed0c361a2a10c8fe
train-10944,train,train,data/extracted/KolektorSDD2/train/10944.png,data/extracted/KolektorSDD2/train/10944_GT.png,False,c7580e9adc3c65a6115e02f75cd548f7a51de7c1ea525e61731917fe3f5b20ec
train-10945,train,train,data/extracted/KolektorSDD2/train/10945.png,data/extracted/KolektorSDD2/train/10945_GT.png,False,3186999b8e46529d370cc7111bb537bb458a099e8c1941b7c79d4fcae56a4575
train-10946,train,train,data/extracted/KolektorSDD2/train/10946.png,data/extracted/KolektorSDD2/train/10946_GT.png,False,a8b5041e8ac08ff4ea573a345ce9e0c6a6b0b5194628cdee033ebc0ada4b18f1
train-10947,train,train,data/extracted/KolektorSDD2/train/10947.png,data/extracted/KolektorSDD2/train/10947_GT.png,False,0cb0e4a72778bb3415f3d28470a85cdb352554846e9efb9d1a1299d837c5938d
train-10948,train,train,data/extracted/KolektorSDD2/train/10948.png,data/extracted/KolektorSDD2/train/10948_GT.png,False,b7f4d812eeff0fc0cae261e74a0d97359eebb9ed41c2539bec9b65ce7a681821
train-10949,train,train,data/extracted/KolektorSDD2/train/10949.png,data/extracted/KolektorSDD2/train/10949_GT.png,False,481c13d26309d7308a3c969351edf07357e8b92c4553cc6ff8a3fce5076bf778
train-10950,train,train,data/extracted/KolektorSDD2/train/10950.png,data/extracted/KolektorSDD2/train/10950_GT.png,False,0aa528227c0be0e9ba32471f9b872fa3c5b0b25b49af84f8d27f4f6c0942fde5
train-10951,train,train,data/extracted/KolektorSDD2/train/10951.png,data/extracted/KolektorSDD2/train/10951_GT.png,True,8df9786838b400f548fe454f3ba91654f89e4005a527cb878edf6d0ad34e9f56
train-10952,train,train,data/extracted/KolektorSDD2/train/10952.png,data/extracted/KolektorSDD2/train/10952_GT.png,True,7b2b439ec3ba1ceac7daf1daa82065c64e3c479e70cd777a73eb961c39334a84
train-10953,train,train,data/extracted/KolektorSDD2/train/10953.png,data/extracted/KolektorSDD2/train/10953_GT.png,False,2d8500669f6466da3d9df609d930a3bfcbe4fc408c5ad03a694b33d7fdebd83b
train-10954,train,train,data/extracted/KolektorSDD2/train/10954.png,data/extracted/KolektorSDD2/train/10954_GT.png,False,e21027529a7d2c51035606515cd0ed824de184d635e166076df5117c622149be
train-10955,train,train,data/extracted/KolektorSDD2/train/10955.png,data/extracted/KolektorSDD2/train/10955_GT.png,False,6d95ac8f6a6e56e5f9240fb518ddaf5169d626656271ea89a693a0faff96d964
train-10956,train,train,data/extracted/KolektorSDD2/train/10956.png,data/extracted/KolektorSDD2/train/10956_GT.png,False,c32e225a87f19da013013b74875969d645786e8b0fc82470710ebc9f019f39b2
train-10957,train,train,data/extracted/KolektorSDD2/train/10957.png,data/extracted/KolektorSDD2/train/10957_GT.png,False,22d6dcd6a2c9aee413fe4a635905632033a76414a8862fe56904857fb2eab685
train-10958,train,train,data/extracted/KolektorSDD2/train/10958.png,data/extracted/KolektorSDD2/train/10958_GT.png,False,b6c653c1088703d1498481e4e64259c96d873645c098878f5c5b90005b503a10
train-10959,train,train,data/extracted/KolektorSDD2/train/10959.png,data/extracted/KolektorSDD2/train/10959_GT.png,False,e43d5161375ac4559c271497e5911a66698a2739de5e623475560640dbf6a429
train-10960,train,validation,data/extracted/KolektorSDD2/train/10960.png,data/extracted/KolektorSDD2/train/10960_GT.png,False,0a0d37a44389e6fb2861dd01dfdeceba71fcfd799cd7a0b92aa272abde1a526d
train-10961,train,train,data/extracted/KolektorSDD2/train/10961.png,data/extracted/KolektorSDD2/train/10961_GT.png,False,4d5377f0e5d0173a0e9e40bce447eb1cfac200b54f6d71394ee61c1f5732f0e7
train-10962,train,train,data/extracted/KolektorSDD2/train/10962.png,data/extracted/KolektorSDD2/train/10962_GT.png,False,7d35f11f34a9bb701913ba4cf36b40772693c6c5c0ecc77fd78cbfdba38c814a
train-10963,train,validation,data/extracted/KolektorSDD2/train/10963.png,data/extracted/KolektorSDD2/train/10963_GT.png,False,a5dead899503091046e0222b176b9c9d8863b7e02359b77baa4acc343381c838
train-10964,train,train,data/extracted/KolektorSDD2/train/10964.png,data/extracted/KolektorSDD2/train/10964_GT.png,False,7aebf5595c2988046a4b65433d9b8cb38b5c88ea2a7ba11ab3b9199303b1a7e3
train-10965,train,train,data/extracted/KolektorSDD2/train/10965.png,data/extracted/KolektorSDD2/train/10965_GT.png,False,49d70a80d08596e3dda369a13bd1a185198f3e6c91c383f17cfdd3a5cf7e2d65
train-10966,train,train,data/extracted/KolektorSDD2/train/10966.png,data/extracted/KolektorSDD2/train/10966_GT.png,False,c7452fe3ec5cd7c6d3da270086b15b2207dbf2a01cf11191ca85ffccbaf573b2
train-10967,train,validation,data/extracted/KolektorSDD2/train/10967.png,data/extracted/KolektorSDD2/train/10967_GT.png,False,ed02287e0cba60b75f71452879cdb9f3da32768f82196ed6cc9db280e85e40a5
train-10968,train,train,data/extracted/KolektorSDD2/train/10968.png,data/extracted/KolektorSDD2/train/10968_GT.png,False,37219bb278a7e90cfb3455b4228fc06728e00150c51d360bd7346e7f6eca53bc
train-10969,train,train,data/extracted/KolektorSDD2/train/10969.png,data/extracted/KolektorSDD2/train/10969_GT.png,False,686dcda5a2fedb715534829d910deea38f1286f8df6a51768ebf30f4b6e47739
train-10970,train,train,data/extracted/KolektorSDD2/train/10970.png,data/extracted/KolektorSDD2/train/10970_GT.png,False,ca2a55e533557e6a2346972ef2b2e5166341a81ab71ad62f5dceb81cfda8cdc6
train-10971,train,train,data/extracted/KolektorSDD2/train/10971.png,data/extracted/KolektorSDD2/train/10971_GT.png,False,dfb1ccdcb6bc5d0ad542dac3bf4b3871dca9033d78a8dae1e2c607949f42672f
train-10972,train,train,data/extracted/KolektorSDD2/train/10972.png,data/extracted/KolektorSDD2/train/10972_GT.png,False,a404497d514dc04e0addcae51baaa49e2526bedc2e97bfa64fe8be3a146179b9
train-10973,train,validation,data/extracted/KolektorSDD2/train/10973.png,data/extracted/KolektorSDD2/train/10973_GT.png,False,3b19f72aa625eea188657b2e1713fb1835d96c335f377fc36705118fcffaa2b9
train-10974,train,train,data/extracted/KolektorSDD2/train/10974.png,data/extracted/KolektorSDD2/train/10974_GT.png,False,522a1fb5f69afb6c6047e762e4bf0fa95466222dfbe1d9cce9ad9f2f72513c79
train-10975,train,train,data/extracted/KolektorSDD2/train/10975.png,data/extracted/KolektorSDD2/train/10975_GT.png,False,79862dd1d9f0614de13eab3df54eb320e58c8382aa4c333fa099ec3ccb67b0e7
train-10976,train,validation,data/extracted/KolektorSDD2/train/10976.png,data/extracted/KolektorSDD2/train/10976_GT.png,False,b750f694d467b0180a7a1d169cfbdf2a2ae309768235bec74cce260a5f707d45
train-10977,train,train,data/extracted/KolektorSDD2/train/10977.png,data/extracted/KolektorSDD2/train/10977_GT.png,False,8d1e41198676ca8eb07223d190e1020c5693439a7fed26362153666bdaace3c5
train-10978,train,train,data/extracted/KolektorSDD2/train/10978.png,data/extracted/KolektorSDD2/train/10978_GT.png,False,2d3ab68377a694cf592c6787087448fdb922ef6e37751d7e45efce034aec5187
train-10979,train,validation,data/extracted/KolektorSDD2/train/10979.png,data/extracted/KolektorSDD2/train/10979_GT.png,False,89a396c653a8d0f242f201a8055a80f7fd116640427825ba35e036cb08f2ca65
train-10980,train,train,data/extracted/KolektorSDD2/train/10980.png,data/extracted/KolektorSDD2/train/10980_GT.png,False,ec67498c1dd9dabaa44ff0a7c3068386bd561d672ebda93cfa7ff2286a5a26c0
train-10981,train,train,data/extracted/KolektorSDD2/train/10981.png,data/extracted/KolektorSDD2/train/10981_GT.png,False,23ca2cbd02f17d175ce1688ae61df3a8c317a762e2dc02f10ae181acf9ce9491
train-10982,train,train,data/extracted/KolektorSDD2/train/10982.png,data/extracted/KolektorSDD2/train/10982_GT.png,False,e3bc4c7e31ce8e8e4d72bf61a6fc14e81878ffcdd0c8aeb6371ec1ef9fa3bdab
train-10983,train,train,data/extracted/KolektorSDD2/train/10983.png,data/extracted/KolektorSDD2/train/10983_GT.png,False,fad1dc7262ac40e590c12ab497616c8084436ad9bd6355d4a149c7953b8622f9
train-10984,train,train,data/extracted/KolektorSDD2/train/10984.png,data/extracted/KolektorSDD2/train/10984_GT.png,False,ac3266927609f1a407bf8967591d654b89ba135d352cf7815512d6fe44baf747
train-10985,train,train,data/extracted/KolektorSDD2/train/10985.png,data/extracted/KolektorSDD2/train/10985_GT.png,False,8be296aea6e2ad8cb7bce5887b01fd2880d3aa90276b3cbb023179c5d807f6be
train-10986,train,train,data/extracted/KolektorSDD2/train/10986.png,data/extracted/KolektorSDD2/train/10986_GT.png,False,20216b4df5d24a0d7784c942e99f7e275747424d69a3b06e1a65bfb2b06ebff7
train-10987,train,validation,data/extracted/KolektorSDD2/train/10987.png,data/extracted/KolektorSDD2/train/10987_GT.png,False,c8fbab364ef5452ebc1f0580921130eae9b51dc3b462676b4a7c020c939b1134
train-10988,train,validation,data/extracted/KolektorSDD2/train/10988.png,data/extracted/KolektorSDD2/train/10988_GT.png,False,65d08017deb541d6f1b2780c4763c25934802eb6aec2d657ab9f878fe5aa6dca
train-10989,train,train,data/extracted/KolektorSDD2/train/10989.png,data/extracted/KolektorSDD2/train/10989_GT.png,False,ba47b0344d5fe16d36070e1c7741ae7ddfab03d108c46f1a772eeab9ddee3eb1
train-10990,train,train,data/extracted/KolektorSDD2/train/10990.png,data/extracted/KolektorSDD2/train/10990_GT.png,False,68736094cec19c94443ad7cca10479c4d4363fe81288c332c20fcce147f5158d
train-10991,train,train,data/extracted/KolektorSDD2/train/10991.png,data/extracted/KolektorSDD2/train/10991_GT.png,False,58de04388eaf7c6aa02f01f95b7ada8fe38ac3ba4186e057e34ae73c386f6885
train-10992,train,train,data/extracted/KolektorSDD2/train/10992.png,data/extracted/KolektorSDD2/train/10992_GT.png,False,307bdbb29b661afd8cb5af1ea12f4890bfa2fa4f3da023b308e1ff8d78180adf
train-10993,train,train,data/extracted/KolektorSDD2/train/10993.png,data/extracted/KolektorSDD2/train/10993_GT.png,False,adbd04a765e4f4ef6c43aa688ef4c82c3978464dbb7424fe3be21fe4ab74e48d
train-10994,train,train,data/extracted/KolektorSDD2/train/10994.png,data/extracted/KolektorSDD2/train/10994_GT.png,False,baeabfec51d132574789252699e7f2cd485d993d7957d91974763890056b121c
train-10995,train,train,data/extracted/KolektorSDD2/train/10995.png,data/extracted/KolektorSDD2/train/10995_GT.png,False,bf6d76754f2e8c19321cd0f96c5abf4f30e2a198c67d1266bda0fec1348265e3
train-10996,train,validation,data/extracted/KolektorSDD2/train/10996.png,data/extracted/KolektorSDD2/train/10996_GT.png,False,212ae4814ed8d4ee5419fb15ab3d72b7ae9cf59d8f488ac00232710757ead6b7
train-10997,train,train,data/extracted/KolektorSDD2/train/10997.png,data/extracted/KolektorSDD2/train/10997_GT.png,False,5dd2ae57aa4fa58dec856317aca46a9efd4eb43eb83db9102ee328f9d5a5389e
train-10998,train,train,data/extracted/KolektorSDD2/train/10998.png,data/extracted/KolektorSDD2/train/10998_GT.png,False,778ffa6a833320a72939eaed36e7ea66b847c063108be439b04d126dc90d9b28
train-10999,train,train,data/extracted/KolektorSDD2/train/10999.png,data/extracted/KolektorSDD2/train/10999_GT.png,False,e228cd673e4a1e213ad81d2f860e1fc3789e29cb2915a69c9430fd861e936695
train-11000,train,train,data/extracted/KolektorSDD2/train/11000.png,data/extracted/KolektorSDD2/train/11000_GT.png,False,ec7324f216c2e7da1d5b219defbc2a2e0d54f7e50c718dcdacb7c55440d27ec2
train-11001,train,train,data/extracted/KolektorSDD2/train/11001.png,data/extracted/KolektorSDD2/train/11001_GT.png,False,ff2586962a573c0237c617293d328dc3ccf9450a3baae62e56ebe0caf57a5978
train-11002,train,train,data/extracted/KolektorSDD2/train/11002.png,data/extracted/KolektorSDD2/train/11002_GT.png,True,c2f4b937046808428dad7114d7f669ec3c34ebc4f515a396b707099693a5a1db
train-11003,train,validation,data/extracted/KolektorSDD2/train/11003.png,data/extracted/KolektorSDD2/train/11003_GT.png,True,c12a61dcf1531572a4d2aedc690dc3b7d13119958388578e2409e4445efeb8d0
train-11004,train,train,data/extracted/KolektorSDD2/train/11004.png,data/extracted/KolektorSDD2/train/11004_GT.png,False,475a50d20884f35c04ccc8045d8cbc32cfa08221c6ca9643797485fe1576ba40
train-11005,train,validation,data/extracted/KolektorSDD2/train/11005.png,data/extracted/KolektorSDD2/train/11005_GT.png,False,fcc7e99620ce016d3b7aa4033ce1d94fa701a63a319f19a2fcb5061e9f2d7a75
train-11006,train,train,data/extracted/KolektorSDD2/train/11006.png,data/extracted/KolektorSDD2/train/11006_GT.png,False,b77a6e0a807fa91bbb85e3eb1a71794b665894ebde948e6bef64ee8cdb1c841d
train-11007,train,train,data/extracted/KolektorSDD2/train/11007.png,data/extracted/KolektorSDD2/train/11007_GT.png,False,835b74a16ad47245cf07c30dd71f167cd3cdca285b8947217e50f9cd0a00c4de
train-11008,train,train,data/extracted/KolektorSDD2/train/11008.png,data/extracted/KolektorSDD2/train/11008_GT.png,False,c58eecfa02157336a3af2e0373a61f429f171a7ec5837694b8bc753b6b4f04b7
train-11009,train,train,data/extracted/KolektorSDD2/train/11009.png,data/extracted/KolektorSDD2/train/11009_GT.png,False,c57bc6a21473f930e07ed8712ad0275213a64c3cd7297e147dd2ba2bbab0af79
train-11010,train,train,data/extracted/KolektorSDD2/train/11010.png,data/extracted/KolektorSDD2/train/11010_GT.png,False,a0bc567424651537b5d1b93bbc4cdc87b11c0b1d5d54b4fefae39fe5d3d3eb10
train-11011,train,train,data/extracted/KolektorSDD2/train/11011.png,data/extracted/KolektorSDD2/train/11011_GT.png,False,5e63aafcf39b7d3797e6625bc8b6842f7b92b202cf377796e30b9a2d6a09703e
train-11012,train,train,data/extracted/KolektorSDD2/train/11012.png,data/extracted/KolektorSDD2/train/11012_GT.png,True,03b29bd96ae089d8e90356589b688c5114243e5370651387029a27ffd3dd49a6
train-11013,train,validation,data/extracted/KolektorSDD2/train/11013.png,data/extracted/KolektorSDD2/train/11013_GT.png,False,a3341e34b4777c7ceba1d27ed22c014bdbfe35643ac20f1156fab49f7447d78f
train-11014,train,train,data/extracted/KolektorSDD2/train/11014.png,data/extracted/KolektorSDD2/train/11014_GT.png,False,7b6033eda163f2a0d497d0c217bcdb556ab98b3df0943245577e4cea0c5a69e2
train-11015,train,train,data/extracted/KolektorSDD2/train/11015.png,data/extracted/KolektorSDD2/train/11015_GT.png,False,5e0463d57b2cfa0cab24955e3e0d02f60686d93185e60de009b6fe64bded0194
train-11016,train,train,data/extracted/KolektorSDD2/train/11016.png,data/extracted/KolektorSDD2/train/11016_GT.png,False,b80a008b749bcd33ff8adf0ed8a4c03f1b5001bbad930b8a2866783ec650224e
train-11017,train,train,data/extracted/KolektorSDD2/train/11017.png,data/extracted/KolektorSDD2/train/11017_GT.png,False,15ee973c67e30cc9eaa551be33fada5a87f18fd2b606b9b82c08051bfce19130
train-11018,train,validation,data/extracted/KolektorSDD2/train/11018.png,data/extracted/KolektorSDD2/train/11018_GT.png,False,26c91bcd7b64d783d126b98f5070f4e5898f03ea34204da8d600aa3f7867e1e5
train-11019,train,train,data/extracted/KolektorSDD2/train/11019.png,data/extracted/KolektorSDD2/train/11019_GT.png,False,fcd7e0315205f4cef068767c8dac832b015167d3e5e33276a4402aeb6f8d568e
train-11020,train,train,data/extracted/KolektorSDD2/train/11020.png,data/extracted/KolektorSDD2/train/11020_GT.png,False,07f1dcc6f47cee53ea503c32f0de016c7d9fcb7f6bea6a553f8f2641aed18ead
train-11021,train,train,data/extracted/KolektorSDD2/train/11021.png,data/extracted/KolektorSDD2/train/11021_GT.png,False,2e4df1f144d603f0b5edb613db0146fc1337cee7fb600fe70a7737658b2b86b3
train-11022,train,train,data/extracted/KolektorSDD2/train/11022.png,data/extracted/KolektorSDD2/train/11022_GT.png,False,d46115fe47bcf711515a3bf7a86e5ed198b152dac9ed81a0c222b9459ed3a609
train-11023,train,train,data/extracted/KolektorSDD2/train/11023.png,data/extracted/KolektorSDD2/train/11023_GT.png,False,2cfacf58fddf30a5224afea033973f75e77985615fb5b487654d385d1ed87777
train-11024,train,train,data/extracted/KolektorSDD2/train/11024.png,data/extracted/KolektorSDD2/train/11024_GT.png,False,4aadceeb935ffead29219a049073d151724f2bd2f70f50a482408aeee17d7abb
train-11025,train,train,data/extracted/KolektorSDD2/train/11025.png,data/extracted/KolektorSDD2/train/11025_GT.png,True,405e4bdb0d4ca2e10d40dd81b2be061396c34180743cbb59a6cd93ba5aec4da5
train-11026,train,validation,data/extracted/KolektorSDD2/train/11026.png,data/extracted/KolektorSDD2/train/11026_GT.png,False,bfaaea657c62e17d0441876f33de98b0d29d96e5c63817a3b5b80765906b05fc
train-11027,train,train,data/extracted/KolektorSDD2/train/11027.png,data/extracted/KolektorSDD2/train/11027_GT.png,False,7204d93bb616262b09743a9e0f7bb899914bba1a296ada1316d350635b38d3bb
train-11028,train,validation,data/extracted/KolektorSDD2/train/11028.png,data/extracted/KolektorSDD2/train/11028_GT.png,False,d4259c5356cfcff826092587a61026630fef2192226148926c5836210ac286a9
train-11029,train,train,data/extracted/KolektorSDD2/train/11029.png,data/extracted/KolektorSDD2/train/11029_GT.png,False,dd827bd6d7c85ffd5fe0e53f61050f5806f49d3167b8f939d9ca9a47777db3cc
train-11030,train,train,data/extracted/KolektorSDD2/train/11030.png,data/extracted/KolektorSDD2/train/11030_GT.png,False,37e34a100f1bc1984e5f8761a9b8ce8834c5d42308e90b8568fdb4cceac9a079
train-11031,train,train,data/extracted/KolektorSDD2/train/11031.png,data/extracted/KolektorSDD2/train/11031_GT.png,False,a0ed50b6c440cf0e41519e5fba5ca2d15d231d444c383eee99ed14f05a446a31
train-11032,train,train,data/extracted/KolektorSDD2/train/11032.png,data/extracted/KolektorSDD2/train/11032_GT.png,False,ef8ecf7761c0567057a6ec55fd24c14d1fe9595b528824b71961f29f27204bd2
train-11033,train,train,data/extracted/KolektorSDD2/train/11033.png,data/extracted/KolektorSDD2/train/11033_GT.png,False,74eb25d0ec60b87252e8142257ee153acc1359bc4dab0f4109e040e051b3a451
train-11034,train,train,data/extracted/KolektorSDD2/train/11034.png,data/extracted/KolektorSDD2/train/11034_GT.png,False,f495cad2b4a06c1e9f294f04b0d9690906df8c6ce1c2cbdeacb6502105d0095a
train-11035,train,train,data/extracted/KolektorSDD2/train/11035.png,data/extracted/KolektorSDD2/train/11035_GT.png,False,76e61c3cd7ec16ead74219e07bb2ae9b3a5969704fa91443e6c3d28ef25fd00d
train-11036,train,train,data/extracted/KolektorSDD2/train/11036.png,data/extracted/KolektorSDD2/train/11036_GT.png,False,b6eb263b242d6828c7998bf451ceed4cdf934662440102d10c83c7db5b9e2890
train-11037,train,train,data/extracted/KolektorSDD2/train/11037.png,data/extracted/KolektorSDD2/train/11037_GT.png,False,6ff8b1b08e4fb12eaaa4e48a06f4f86e8b6af1ca34db83a83e4a03046f27fcc3
train-11038,train,train,data/extracted/KolektorSDD2/train/11038.png,data/extracted/KolektorSDD2/train/11038_GT.png,False,59e961ce64b3629bfd5bbd8e0cda0f8178ce38d639cc44baebcc3038e1bb0fa4
train-11039,train,train,data/extracted/KolektorSDD2/train/11039.png,data/extracted/KolektorSDD2/train/11039_GT.png,False,8e362552e8796479884e084ada52572df46c8d4358b36a62aaa4d612d5af5d6a
train-11040,train,train,data/extracted/KolektorSDD2/train/11040.png,data/extracted/KolektorSDD2/train/11040_GT.png,True,5a41ba07f812b4c4e73dace832f6fa55467711d722d333504a7730238cf8496b
train-11041,train,train,data/extracted/KolektorSDD2/train/11041.png,data/extracted/KolektorSDD2/train/11041_GT.png,False,175a95359f053bae5e5cca35292b12e7b033a26650792a7a8de9e51518c5f725
train-11042,train,train,data/extracted/KolektorSDD2/train/11042.png,data/extracted/KolektorSDD2/train/11042_GT.png,False,368a2f2d6a02a5c89098361a0e02be26900fa5f1dedf39654216f3ead1774884
train-11043,train,train,data/extracted/KolektorSDD2/train/11043.png,data/extracted/KolektorSDD2/train/11043_GT.png,False,0ae699bf1a317ce74eac9c399afa2a341640c0759d4aca22ee8148d3a88ebb7c
train-11044,train,train,data/extracted/KolektorSDD2/train/11044.png,data/extracted/KolektorSDD2/train/11044_GT.png,False,af6e06dd22f7caae332b7a5d387a15d379e2ca90675acaca6cdfafc1b248c374
train-11045,train,train,data/extracted/KolektorSDD2/train/11045.png,data/extracted/KolektorSDD2/train/11045_GT.png,False,156e44ecc8e84ecb85be11baa6d1b091cd8c6790820ec8077332707a3e90760a
train-11046,train,train,data/extracted/KolektorSDD2/train/11046.png,data/extracted/KolektorSDD2/train/11046_GT.png,False,11e455954257e51b525a48479b3d47d1ce0bd0cb1cc1c192ffc9236786ce9156
train-11047,train,train,data/extracted/KolektorSDD2/train/11047.png,data/extracted/KolektorSDD2/train/11047_GT.png,False,07bafec3088c3fae68b71588d4da70f3875914f3905c0a84069a6c1c2395ed9d
train-11048,train,train,data/extracted/KolektorSDD2/train/11048.png,data/extracted/KolektorSDD2/train/11048_GT.png,False,610c5e4d04e3da790fe34cca30b998449116638bddf52b12c97e470247420974
train-11049,train,train,data/extracted/KolektorSDD2/train/11049.png,data/extracted/KolektorSDD2/train/11049_GT.png,False,02b4332e35f71170542beb95fedbd0661ad7d2ceb35340164dc1c826abcf0594
train-11050,train,train,data/extracted/KolektorSDD2/train/11050.png,data/extracted/KolektorSDD2/train/11050_GT.png,False,13ad6080d95f900ea8ce6b58bd7cd8f8481e67d3885cc21dec4ff614a7782795
train-11051,train,validation,data/extracted/KolektorSDD2/train/11051.png,data/extracted/KolektorSDD2/train/11051_GT.png,False,3f0b58f331accf7a3b56fe1f03e17855831ad89b53269be59d7b8a4e414bda44
train-11052,train,train,data/extracted/KolektorSDD2/train/11052.png,data/extracted/KolektorSDD2/train/11052_GT.png,True,6a88a35480936891afcf5dd4be23ae8a2d1eb40bd5b3a887b8b4493e417d3864
train-11053,train,train,data/extracted/KolektorSDD2/train/11053.png,data/extracted/KolektorSDD2/train/11053_GT.png,False,b2186c546db314b14a026ca25bb1a665d38dd3369cb67dec8c34fb5766be6e91
train-11054,train,validation,data/extracted/KolektorSDD2/train/11054.png,data/extracted/KolektorSDD2/train/11054_GT.png,False,3d7bade5b7b698cc38a823725ab1ed173212787c28034189934e21476725659d
train-11055,train,train,data/extracted/KolektorSDD2/train/11055.png,data/extracted/KolektorSDD2/train/11055_GT.png,False,474ec02d0b8eee202752929d79e202bffbb34b9cc9c226211abed3dc03bd1035
train-11056,train,train,data/extracted/KolektorSDD2/train/11056.png,data/extracted/KolektorSDD2/train/11056_GT.png,False,0637734f2a88fc96b008e568adbc4e4cc7d7f7ffcfbc4b086650922827547e9c
train-11057,train,train,data/extracted/KolektorSDD2/train/11057.png,data/extracted/KolektorSDD2/train/11057_GT.png,False,1671667a1d1e15464a1c508f41f25df50a5811102b07909292c2b1e60427f144
train-11058,train,train,data/extracted/KolektorSDD2/train/11058.png,data/extracted/KolektorSDD2/train/11058_GT.png,False,6ee98f3dbfee9a1d99a3d227e5ee41601eff0107a3d0b248490850f33aa0dd65
train-11059,train,train,data/extracted/KolektorSDD2/train/11059.png,data/extracted/KolektorSDD2/train/11059_GT.png,False,5fb3ecb5427a15bcbeac009a61a77adc649010c1ce02c2e158cf005eae24b3b9
train-11060,train,train,data/extracted/KolektorSDD2/train/11060.png,data/extracted/KolektorSDD2/train/11060_GT.png,False,47e36744065ae66a235ac92393f083f73579de1ff0df62945e54d3f90d6e1fc6
train-11061,train,validation,data/extracted/KolektorSDD2/train/11061.png,data/extracted/KolektorSDD2/train/11061_GT.png,True,5288bea2fd45c553a577fc9525fe1bf6e2300967c6a93c938d0e5f3f7304129d
train-11062,train,train,data/extracted/KolektorSDD2/train/11062.png,data/extracted/KolektorSDD2/train/11062_GT.png,False,81bb6b2c1aeaeeeaed8bbd7c8868440da7c21fc57993a8b575eb07e36645775b
train-11063,train,train,data/extracted/KolektorSDD2/train/11063.png,data/extracted/KolektorSDD2/train/11063_GT.png,False,69f9a365ccaf5f71c0cbc82e088d7a0276f167cfe0c9598a99a840c0908c6801
train-11064,train,validation,data/extracted/KolektorSDD2/train/11064.png,data/extracted/KolektorSDD2/train/11064_GT.png,False,38a5aab25bc51bb359bf9b7de7c4f1028012ff888aaf03dc514b8df56490f767
train-11065,train,train,data/extracted/KolektorSDD2/train/11065.png,data/extracted/KolektorSDD2/train/11065_GT.png,False,1731929b4581af09437892bf2997d465fea95427dff2e47cf7a754a0fd195fd5
train-11066,train,train,data/extracted/KolektorSDD2/train/11066.png,data/extracted/KolektorSDD2/train/11066_GT.png,False,4e6eda49718920e188237d259bef8261b6ac0a6746905621628c3aeff15350a3
train-11067,train,train,data/extracted/KolektorSDD2/train/11067.png,data/extracted/KolektorSDD2/train/11067_GT.png,False,bc2d513b97cb69202adbae3500a3d1f98dcf31a396f4a3c35c2a7a8734b7b262
train-11068,train,train,data/extracted/KolektorSDD2/train/11068.png,data/extracted/KolektorSDD2/train/11068_GT.png,False,9195f48dc0844b86c74acc7dc655171dbda30df48a50bbe1712e730203a550f3
train-11069,train,train,data/extracted/KolektorSDD2/train/11069.png,data/extracted/KolektorSDD2/train/11069_GT.png,False,54fd3f41379ffd69096823cc09bbc860f52741fd0baaeff5e1d52204dc7e783e
train-11070,train,train,data/extracted/KolektorSDD2/train/11070.png,data/extracted/KolektorSDD2/train/11070_GT.png,False,a82921313da38ec9be5b63aa66d40ea3254157db5ac5a1b1678a3184464cfe3f
train-11071,train,train,data/extracted/KolektorSDD2/train/11071.png,data/extracted/KolektorSDD2/train/11071_GT.png,False,a5303e3905e285f7b3ae6163a7515457ae768aafcad07361a76b0109ae9b718c
train-11072,train,train,data/extracted/KolektorSDD2/train/11072.png,data/extracted/KolektorSDD2/train/11072_GT.png,False,310b519064ad375d40c59e074c840c5bb45cf30b76bb8ac4188cdbd5a5eb132d
train-11073,train,train,data/extracted/KolektorSDD2/train/11073.png,data/extracted/KolektorSDD2/train/11073_GT.png,False,cec664d22dc61ed05314bce503eff588bd72f9204c97320d1decc36a4f89e0e3
train-11074,train,train,data/extracted/KolektorSDD2/train/11074.png,data/extracted/KolektorSDD2/train/11074_GT.png,True,177420ee7cba4e7435a6b907f894a7b1b12922c3d2a476751fabb7db21e163b7
train-11075,train,train,data/extracted/KolektorSDD2/train/11075.png,data/extracted/KolektorSDD2/train/11075_GT.png,False,1e2a9dd0273d6db263dc98e6b15a7ba9fef51c85219d7a21536ed1d00b5dc91f
train-11076,train,train,data/extracted/KolektorSDD2/train/11076.png,data/extracted/KolektorSDD2/train/11076_GT.png,False,de12872061cdeffed23132b0a21c2e05dc4ea0140a672a520ad0f68ab941e2db
train-11077,train,train,data/extracted/KolektorSDD2/train/11077.png,data/extracted/KolektorSDD2/train/11077_GT.png,False,943b7a0e945e9910604a34a01bbb3f532afa47dcc89ca150df20c44385c5f158
train-11078,train,train,data/extracted/KolektorSDD2/train/11078.png,data/extracted/KolektorSDD2/train/11078_GT.png,False,b451423839149c05010d1f1841ec1a9ee478754d1634a03deb7a892dd0038203
train-11079,train,train,data/extracted/KolektorSDD2/train/11079.png,data/extracted/KolektorSDD2/train/11079_GT.png,False,cbb85cfcc9c140ac40a568befe6f0820d95def4afd415d3bbf165c4e2e702d76
train-11080,train,train,data/extracted/KolektorSDD2/train/11080.png,data/extracted/KolektorSDD2/train/11080_GT.png,False,4b6e4c56aa5d1a0e13accc019a1f7b6f515fae9f787f8c9c3fb5a60d0a542c6a
train-11081,train,train,data/extracted/KolektorSDD2/train/11081.png,data/extracted/KolektorSDD2/train/11081_GT.png,False,f86048fc03ce183d110ef8581ae8d1e0286d9436a1960411eff45fa5e323388d
train-11082,train,train,data/extracted/KolektorSDD2/train/11082.png,data/extracted/KolektorSDD2/train/11082_GT.png,False,96fc59916c7402ad54c47872230217c6ce2f64448be7d7a2a98a2fc00132439c
train-11083,train,validation,data/extracted/KolektorSDD2/train/11083.png,data/extracted/KolektorSDD2/train/11083_GT.png,False,a47010a986ded889da4678e7fc9359e41cc942fb813cf61e080ee7ddb45f3d6d
train-11084,train,train,data/extracted/KolektorSDD2/train/11084.png,data/extracted/KolektorSDD2/train/11084_GT.png,False,a3ea298b0ace3e82fdb8d4e51ce461b875e00b101bf8fdd7af54e6535b592b39
train-11085,train,validation,data/extracted/KolektorSDD2/train/11085.png,data/extracted/KolektorSDD2/train/11085_GT.png,False,f228fd2d33ed2135da8331f40c59e34ea80442fa68af0d210d13eee34aea234c
train-11086,train,train,data/extracted/KolektorSDD2/train/11086.png,data/extracted/KolektorSDD2/train/11086_GT.png,False,bf6fda688181537853bca3391347293e5b15a7422cf8979e3f941979ec1baa6e
train-11087,train,validation,data/extracted/KolektorSDD2/train/11087.png,data/extracted/KolektorSDD2/train/11087_GT.png,False,f1e777b0e0f56e5e29fac8b4d75db775a6c7d32977da6bab185b3c1fffc2ed6a
train-11088,train,train,data/extracted/KolektorSDD2/train/11088.png,data/extracted/KolektorSDD2/train/11088_GT.png,True,a4506dffb1981d13282a4f42c73deb32b938e6703d883d8b63c82c38c18cd7e0
train-11089,train,train,data/extracted/KolektorSDD2/train/11089.png,data/extracted/KolektorSDD2/train/11089_GT.png,False,26a68c688abd9b6b22da041545f7e528086d9501c849084f79adfe4f253ae21f
train-11090,train,train,data/extracted/KolektorSDD2/train/11090.png,data/extracted/KolektorSDD2/train/11090_GT.png,False,28b08ffb7351a257101aca61ae1fa2381e9d9d345a45cccc15e5a05a57e3e4a9
train-11091,train,train,data/extracted/KolektorSDD2/train/11091.png,data/extracted/KolektorSDD2/train/11091_GT.png,False,9870810bca65a0a83f134eb0e2a9a4b596d1faee838afcc207f82a2671e80d01
train-11092,train,train,data/extracted/KolektorSDD2/train/11092.png,data/extracted/KolektorSDD2/train/11092_GT.png,False,db93d5a9da7f3b9bd42b9140ceef40464d92c1955b46456a66b0db3c9e0ed485
train-11093,train,train,data/extracted/KolektorSDD2/train/11093.png,data/extracted/KolektorSDD2/train/11093_GT.png,True,3ce7f8bee11aa11d31f62cf6f77ff7d7edc04f986276a9c56c55febbe2c509f8
train-11094,train,train,data/extracted/KolektorSDD2/train/11094.png,data/extracted/KolektorSDD2/train/11094_GT.png,True,8b65f1011593a605f9af29eb363cbe10dcdaec19f09f0e9dfbfeef60840345ff
train-11095,train,train,data/extracted/KolektorSDD2/train/11095.png,data/extracted/KolektorSDD2/train/11095_GT.png,False,8a5abd0053b0e3bc86f385e71dd1eabd19e6c72633179b48dac972ec58b5b4b2
train-11096,train,train,data/extracted/KolektorSDD2/train/11096.png,data/extracted/KolektorSDD2/train/11096_GT.png,False,d0bff817463d199d43ae9622d2e35bd5ad603f6e20d40ae8e5699c267a5a24d1
train-11097,train,train,data/extracted/KolektorSDD2/train/11097.png,data/extracted/KolektorSDD2/train/11097_GT.png,False,d44a788042feb27ecfa1596f4de8f985ead7045268e39c6d8d70f4a72d1aad81
train-11098,train,train,data/extracted/KolektorSDD2/train/11098.png,data/extracted/KolektorSDD2/train/11098_GT.png,False,95c9971014141ab010ba91939a616b017ad83afd679f54bcf25b82dad3826b33
train-11099,train,train,data/extracted/KolektorSDD2/train/11099.png,data/extracted/KolektorSDD2/train/11099_GT.png,False,e4480302982ca59c5020d7e7fd9de9372ef73379d3d4a088573c14c6a4e20784
train-11100,train,train,data/extracted/KolektorSDD2/train/11100.png,data/extracted/KolektorSDD2/train/11100_GT.png,False,08d15217d197801c0ac45a1c74b7846e1c6595a72dd22a4d1653b63a7c54651c
train-11101,train,train,data/extracted/KolektorSDD2/train/11101.png,data/extracted/KolektorSDD2/train/11101_GT.png,True,6bd9e94a011ecf91fc487299dfc5a0b44cbacf1c5aa794253acf5167dafb8ede
train-11102,train,validation,data/extracted/KolektorSDD2/train/11102.png,data/extracted/KolektorSDD2/train/11102_GT.png,False,97094076f555a52013cb7d29dd5435cb2b92466817646eb21974b0a677b51cf7
train-11103,train,train,data/extracted/KolektorSDD2/train/11103.png,data/extracted/KolektorSDD2/train/11103_GT.png,False,a25bf2508d238d79485056cfedb819661af747483ed94b4fa40ef38ea9e744b4
train-11104,train,train,data/extracted/KolektorSDD2/train/11104.png,data/extracted/KolektorSDD2/train/11104_GT.png,False,a267ce0a4d30c607f21e95c5a30d47702c90ebb56d2148fd27f0c7397d459a87
train-11105,train,train,data/extracted/KolektorSDD2/train/11105.png,data/extracted/KolektorSDD2/train/11105_GT.png,False,da36cf0cce98089e5ca2e03b8829d9da4820aacbfc95bdfd8392cf192d0ed670
train-11106,train,train,data/extracted/KolektorSDD2/train/11106.png,data/extracted/KolektorSDD2/train/11106_GT.png,False,03731ac741872b24627c6c3c591b5a198ac1a2f69ebd38cc1531dde86e541864
train-11107,train,train,data/extracted/KolektorSDD2/train/11107.png,data/extracted/KolektorSDD2/train/11107_GT.png,False,9185463d7445b09058529c7b242c43c38b42469cea29fc0692e389da25398236
train-11108,train,train,data/extracted/KolektorSDD2/train/11108.png,data/extracted/KolektorSDD2/train/11108_GT.png,False,7475d5c1dc512d94d2115168ff65efdcd2299e2ff48f7258b76f3b80a52850f2
train-11109,train,train,data/extracted/KolektorSDD2/train/11109.png,data/extracted/KolektorSDD2/train/11109_GT.png,False,625fef5f0db890c1feb25f362bab49f2059bd6f69dc23292caeea95fce00a75a
train-11110,train,train,data/extracted/KolektorSDD2/train/11110.png,data/extracted/KolektorSDD2/train/11110_GT.png,False,30df590f57b9142b70700b34e4f4102b062616dde4571cd86816a4aba782e621
train-11111,train,train,data/extracted/KolektorSDD2/train/11111.png,data/extracted/KolektorSDD2/train/11111_GT.png,False,38f521bf031f35caa8b27a8a583130ee04ce84d653f5b470e59c41267d7f9208
train-11112,train,train,data/extracted/KolektorSDD2/train/11112.png,data/extracted/KolektorSDD2/train/11112_GT.png,False,642e2bec1022862a123dc3b9a88c43931e5bdbe0502b12828570d6d15b9bd57d
train-11113,train,train,data/extracted/KolektorSDD2/train/11113.png,data/extracted/KolektorSDD2/train/11113_GT.png,False,babbbc789f7c41c72fe5845852df18f911591ef5137be87a71513c9f5f1313c7
train-11114,train,train,data/extracted/KolektorSDD2/train/11114.png,data/extracted/KolektorSDD2/train/11114_GT.png,False,5e5959ee3b57550a0fb6f3fc9001b675e8329cde2b4ceddeb4cecc300208443f
train-11115,train,train,data/extracted/KolektorSDD2/train/11115.png,data/extracted/KolektorSDD2/train/11115_GT.png,False,b2195007662abc3d30c9f3b6b8cded33407f3fe7047870f05a2fabd3187cc1c0
train-11116,train,train,data/extracted/KolektorSDD2/train/11116.png,data/extracted/KolektorSDD2/train/11116_GT.png,False,8162c7eb4710af6c6df7467f4aca0494ac207ea7cdb2bdf1ddfe9c175405d1ec
train-11117,train,validation,data/extracted/KolektorSDD2/train/11117.png,data/extracted/KolektorSDD2/train/11117_GT.png,False,d5eb888935ee962cee477e48124b10b3bec7fe141e4ffa6c49dcf4d3c4e32de6
train-11118,train,train,data/extracted/KolektorSDD2/train/11118.png,data/extracted/KolektorSDD2/train/11118_GT.png,False,d80062faa39f3fde65c1b9889268a45d56657a910ba7bccf64c2424f946d45b1
train-11119,train,train,data/extracted/KolektorSDD2/train/11119.png,data/extracted/KolektorSDD2/train/11119_GT.png,False,27602f837611d63798af941219edb48cc452499250049aceeb5983d65c4cd618
train-11120,train,train,data/extracted/KolektorSDD2/train/11120.png,data/extracted/KolektorSDD2/train/11120_GT.png,False,0fd2626df8562db346b0091cd338c956a7989939d65b758aa10f97d997c64b07
train-11121,train,train,data/extracted/KolektorSDD2/train/11121.png,data/extracted/KolektorSDD2/train/11121_GT.png,False,df47c12cc5f509f6487ae04223a51b69d9723536f27dc0e829f69b79ac3c8c6b
train-11122,train,train,data/extracted/KolektorSDD2/train/11122.png,data/extracted/KolektorSDD2/train/11122_GT.png,False,dd3877f624914eeb31ec96ff21d070617b30c1ee62a52208c7ff4475049962c6
train-11123,train,train,data/extracted/KolektorSDD2/train/11123.png,data/extracted/KolektorSDD2/train/11123_GT.png,False,30968b73dbd8e4b0780cccb51daa9c515d597e80dabb76ec18875b15b83ff222
train-11124,train,train,data/extracted/KolektorSDD2/train/11124.png,data/extracted/KolektorSDD2/train/11124_GT.png,False,94664f2bd7c5d9985ec965dd91668dcf55c23a81878ee091d16a4b017bb5e46d
train-11125,train,train,data/extracted/KolektorSDD2/train/11125.png,data/extracted/KolektorSDD2/train/11125_GT.png,False,dddaeff0ac594eb6d0d4c7cd347a8266ca4a314b55817de589b12df7e4852cfd
train-11126,train,train,data/extracted/KolektorSDD2/train/11126.png,data/extracted/KolektorSDD2/train/11126_GT.png,False,4e606a2b3b55840c026d6f30f4f1bec128711e8c48a73e5df69e4b9258f0aaa2
train-11127,train,train,data/extracted/KolektorSDD2/train/11127.png,data/extracted/KolektorSDD2/train/11127_GT.png,False,57a08273c775972271305b0240290a56e3434fa9dee144402bec634b032d6f4d
train-11128,train,train,data/extracted/KolektorSDD2/train/11128.png,data/extracted/KolektorSDD2/train/11128_GT.png,False,8b9fbe00189b1ba600fbd84eedfe78293f15b56b3392ecf4bb5e180b8b43f29e
train-11129,train,train,data/extracted/KolektorSDD2/train/11129.png,data/extracted/KolektorSDD2/train/11129_GT.png,False,f45e9f23eff78a363ac628df210b1ab8428c131cbf70db777bcffc777b9f3861
train-11130,train,train,data/extracted/KolektorSDD2/train/11130.png,data/extracted/KolektorSDD2/train/11130_GT.png,False,0eea9c14b9570063400ddf3f29c8f23925c19b42efd458cb93d147e801e7c138
train-11131,train,train,data/extracted/KolektorSDD2/train/11131.png,data/extracted/KolektorSDD2/train/11131_GT.png,False,6e712b41d07e78725ef371287ad991591d75b4c026a1475ac9cec2755ab43d7d
train-11132,train,train,data/extracted/KolektorSDD2/train/11132.png,data/extracted/KolektorSDD2/train/11132_GT.png,False,b2c83ab0cc18fd276e83df1b7efc1b35f73e400be641a51d2b2e7621fc48986e
train-11133,train,train,data/extracted/KolektorSDD2/train/11133.png,data/extracted/KolektorSDD2/train/11133_GT.png,False,fee98ce536f45ac7ffb766b46bc69af2d3b862ff29f773d00a66e8dbc0c03c0b
train-11134,train,train,data/extracted/KolektorSDD2/train/11134.png,data/extracted/KolektorSDD2/train/11134_GT.png,False,e7695d0b6807fe3ffd79e04a004e37cb2234a269b6d39468f739892c8264029f
train-11135,train,validation,data/extracted/KolektorSDD2/train/11135.png,data/extracted/KolektorSDD2/train/11135_GT.png,True,d714c4d7e21c410a8385821702462d218b68f9be6a6c1957f069199f4ba5a36e
train-11136,train,train,data/extracted/KolektorSDD2/train/11136.png,data/extracted/KolektorSDD2/train/11136_GT.png,False,d922373fad8da28710c209c5f36b9b600b8b10c7567a6b743f2eaf253e81be51
train-11137,train,train,data/extracted/KolektorSDD2/train/11137.png,data/extracted/KolektorSDD2/train/11137_GT.png,False,b10a58e39897db07bdb6a6f281bed5478fd665005f6ba53809b411068f6f7428
train-11138,train,train,data/extracted/KolektorSDD2/train/11138.png,data/extracted/KolektorSDD2/train/11138_GT.png,False,0f054e95d6e073be03954b7936eef4fdca3b1b7ed4c9fd1f9d23876d8b432bc0
train-11139,train,train,data/extracted/KolektorSDD2/train/11139.png,data/extracted/KolektorSDD2/train/11139_GT.png,True,b4b8dbc3adcc6fab51f7269f7743f6ba4ba1042a18a9af84a7156f555f7fad5b
train-11140,train,validation,data/extracted/KolektorSDD2/train/11140.png,data/extracted/KolektorSDD2/train/11140_GT.png,False,c063d952a967a2c8781cf6a8223c682e4b19599a398b0f2c650d07ccdec97803
train-11141,train,train,data/extracted/KolektorSDD2/train/11141.png,data/extracted/KolektorSDD2/train/11141_GT.png,False,0f10ca6508b626f15f3c878dc02dfbf9d5587691202d8aeda5a58fa551a26647
train-11142,train,train,data/extracted/KolektorSDD2/train/11142.png,data/extracted/KolektorSDD2/train/11142_GT.png,False,1d59c3a9cb3e6468f9e867865af43bda3f78022fec8affd2caae5a4fe0e88d6b
train-11143,train,validation,data/extracted/KolektorSDD2/train/11143.png,data/extracted/KolektorSDD2/train/11143_GT.png,False,87d32b2198b893dcd19ad2ab3ff2668d1e18a69a101981c32a03c6f83c05c5ab
train-11144,train,train,data/extracted/KolektorSDD2/train/11144.png,data/extracted/KolektorSDD2/train/11144_GT.png,False,7e983c654edb66944124c4be5081f33d402bee2348d44567d411f1cce1ac1999
train-11145,train,train,data/extracted/KolektorSDD2/train/11145.png,data/extracted/KolektorSDD2/train/11145_GT.png,False,afe4c9770334ec842c20768a6f1e47a528237a738bcb1c038f96bfa1d38c392a
train-11146,train,validation,data/extracted/KolektorSDD2/train/11146.png,data/extracted/KolektorSDD2/train/11146_GT.png,False,cc81bd4df3780752377027bd521e98c30c73b5de02ba0d3ce31a26ca0f6a9deb
train-11147,train,train,data/extracted/KolektorSDD2/train/11147.png,data/extracted/KolektorSDD2/train/11147_GT.png,False,14c707a86760dbc29f7bbda58caa0d8c0a3baa0bfccb782954a85ebb267e1aba
train-11148,train,train,data/extracted/KolektorSDD2/train/11148.png,data/extracted/KolektorSDD2/train/11148_GT.png,False,62bb7664eb5fa55f405f5a8d76d31d8127362b3e76458910278824f43e70998c
train-11149,train,train,data/extracted/KolektorSDD2/train/11149.png,data/extracted/KolektorSDD2/train/11149_GT.png,False,e4f5e01127cc5dd1c6f0511c56afd33899ceec129886dd3853d6a3f712ed219e
train-11150,train,train,data/extracted/KolektorSDD2/train/11150.png,data/extracted/KolektorSDD2/train/11150_GT.png,False,be4672b130fc91ad59581f9716235c49cfc5cce272e6554a31bb0720b1e63647
train-11151,train,train,data/extracted/KolektorSDD2/train/11151.png,data/extracted/KolektorSDD2/train/11151_GT.png,False,cb9ae68032df8182beda0de8c3ba1eea5fd8d50b029633d0d2eb602b0e5aa9a3
train-11152,train,validation,data/extracted/KolektorSDD2/train/11152.png,data/extracted/KolektorSDD2/train/11152_GT.png,False,69717a10be03f9187899262dc51265a1a5b525903c2570e03da0745ae5e03f15
train-11153,train,validation,data/extracted/KolektorSDD2/train/11153.png,data/extracted/KolektorSDD2/train/11153_GT.png,False,76ab44413c1fdcf818dc688a0823bf626e4445c01a07a9e76f700d175df95115
train-11154,train,train,data/extracted/KolektorSDD2/train/11154.png,data/extracted/KolektorSDD2/train/11154_GT.png,False,34041eeaf1c3227782442e320e4b35f46e503ee917fd04cd2d198eb60a511587
train-11155,train,train,data/extracted/KolektorSDD2/train/11155.png,data/extracted/KolektorSDD2/train/11155_GT.png,False,c1ceac7fdcec564771e31fffebb6dbf2a8a338541ead835925b54538a0d8e5d7
train-11156,train,train,data/extracted/KolektorSDD2/train/11156.png,data/extracted/KolektorSDD2/train/11156_GT.png,False,f0d3acd3afc0ab3b7b632a4900b2af34008c3b0fc009b92b981baab3c16f2346
train-11157,train,train,data/extracted/KolektorSDD2/train/11157.png,data/extracted/KolektorSDD2/train/11157_GT.png,False,211edf8b1301e6e12742859b32b489f77ed42284675868a4155160ac4eef8a9d
train-11158,train,train,data/extracted/KolektorSDD2/train/11158.png,data/extracted/KolektorSDD2/train/11158_GT.png,False,46f27b40aa54996da8289d4946ccbf375f6d23b54d471ddcebfd44ae8e0b8274
train-11159,train,validation,data/extracted/KolektorSDD2/train/11159.png,data/extracted/KolektorSDD2/train/11159_GT.png,False,faf3e198a76f6be243acec09044a36f9652bfdb8398d5af1e44f09fabf636184
train-11160,train,train,data/extracted/KolektorSDD2/train/11160.png,data/extracted/KolektorSDD2/train/11160_GT.png,False,11a675128193272b9829dd42936078af2504d412a26c23b6529fdad54f4cbd4f
train-11161,train,train,data/extracted/KolektorSDD2/train/11161.png,data/extracted/KolektorSDD2/train/11161_GT.png,False,53fd5139ca99535a5616f0ae116efb3d2d7b58dd4920a16954b31dc51fcda240
train-11162,train,train,data/extracted/KolektorSDD2/train/11162.png,data/extracted/KolektorSDD2/train/11162_GT.png,False,692315d1193ce593e9bd9aa6ef45f9b61fee2521f9060120ed22c0d7e0d4bc0f
train-11163,train,train,data/extracted/KolektorSDD2/train/11163.png,data/extracted/KolektorSDD2/train/11163_GT.png,False,9205a1b9483f7b0bb165cf86a413a22c5646fbd23e1516d7aeced2c7e5e8ca12
train-11164,train,train,data/extracted/KolektorSDD2/train/11164.png,data/extracted/KolektorSDD2/train/11164_GT.png,False,61fd21928109650762aa5f6dae9b6b46baf3b7d6119dc992c3bd15ed9a740caf
train-11165,train,train,data/extracted/KolektorSDD2/train/11165.png,data/extracted/KolektorSDD2/train/11165_GT.png,False,0fc2299db40c63f5659e1fbacd60f68e3e5a5f39027fd009e3c86c07aecd6d8a
train-11166,train,train,data/extracted/KolektorSDD2/train/11166.png,data/extracted/KolektorSDD2/train/11166_GT.png,False,85636cbedd884d3ed771d8d83a7c4b3720b54fb0a1fa65500a88732d9d902099
train-11167,train,validation,data/extracted/KolektorSDD2/train/11167.png,data/extracted/KolektorSDD2/train/11167_GT.png,False,4ba5451474ba60e062f7d8aaec6eff0a9cbfb61a06bbfca1816a4a314f50a11a
train-11168,train,train,data/extracted/KolektorSDD2/train/11168.png,data/extracted/KolektorSDD2/train/11168_GT.png,False,e6009aeefa4b7e1524d0462f924e76abdfe37522ea3dc134da3f68f512fe49be
train-11169,train,train,data/extracted/KolektorSDD2/train/11169.png,data/extracted/KolektorSDD2/train/11169_GT.png,True,8401c274258969b56dd84bbce9aabbf317ec604180278e6cf0e129fa5f8ec5d8
train-11170,train,train,data/extracted/KolektorSDD2/train/11170.png,data/extracted/KolektorSDD2/train/11170_GT.png,False,06860f5c3603b584c8c49ef0c3b9a70decc98e72c8328cf377e11b548e76a31e
train-11171,train,train,data/extracted/KolektorSDD2/train/11171.png,data/extracted/KolektorSDD2/train/11171_GT.png,False,8a7a88b6d6df5ca09b3ff87dd9d67d108646d92c244566613ce99ba8ae2e1dd3
train-11172,train,train,data/extracted/KolektorSDD2/train/11172.png,data/extracted/KolektorSDD2/train/11172_GT.png,False,22e9b49fa7f878a38761c1c62a1ea594f5835ab40eaec33063a07bed4a28da3b
train-11173,train,train,data/extracted/KolektorSDD2/train/11173.png,data/extracted/KolektorSDD2/train/11173_GT.png,False,d52c65ec6b316f8c7326d1b7a0fc05c4068f20cb0d4ec5201ad6fee2e6dbd351
train-11174,train,train,data/extracted/KolektorSDD2/train/11174.png,data/extracted/KolektorSDD2/train/11174_GT.png,False,dca032ef6c597a51291bc43f8d080feb4b842412f7e1efb998aa63f5a08a993b
train-11175,train,train,data/extracted/KolektorSDD2/train/11175.png,data/extracted/KolektorSDD2/train/11175_GT.png,False,28b756251abbda0bc99fc784def386169a430743f2a7b2dfcb95d785eb09be39
train-11176,train,train,data/extracted/KolektorSDD2/train/11176.png,data/extracted/KolektorSDD2/train/11176_GT.png,False,dffbdfe81314cd784b5508f4323770f792a57340f9483f5495a10b4de0e582ed
train-11177,train,train,data/extracted/KolektorSDD2/train/11177.png,data/extracted/KolektorSDD2/train/11177_GT.png,False,adc716a92c2604354e26d80465b5471293383bc34ec8c8dae460e5afc8423319
train-11178,train,validation,data/extracted/KolektorSDD2/train/11178.png,data/extracted/KolektorSDD2/train/11178_GT.png,True,b49ab64ccb63a8444217925de653cad0efa59b29ed9c834896891de22003fafd
train-11179,train,train,data/extracted/KolektorSDD2/train/11179.png,data/extracted/KolektorSDD2/train/11179_GT.png,False,7709886c83103402f4727a3dafa5d7fd4ea656f1fb19328fd43ee14720779b6f
train-11180,train,train,data/extracted/KolektorSDD2/train/11180.png,data/extracted/KolektorSDD2/train/11180_GT.png,False,703d58efe6c5f9b6b4264f134b7f491287cf7ea50839b391c4f1a4c7e897d85c
train-11181,train,validation,data/extracted/KolektorSDD2/train/11181.png,data/extracted/KolektorSDD2/train/11181_GT.png,False,9b881cd5627987efa68861e35a3305c2e9a2f8d5fb2d2ee2cb92c7601ce461cb
train-11182,train,train,data/extracted/KolektorSDD2/train/11182.png,data/extracted/KolektorSDD2/train/11182_GT.png,False,38d1744c50faa750b389dae96e38a233256e7fd7beaa3fb6ec5dd24a2fb394cf
train-11183,train,validation,data/extracted/KolektorSDD2/train/11183.png,data/extracted/KolektorSDD2/train/11183_GT.png,False,8cf740e13099cb686b5081cb948518ca5dce5c44848283a5776d098361fa6650
train-11184,train,train,data/extracted/KolektorSDD2/train/11184.png,data/extracted/KolektorSDD2/train/11184_GT.png,False,df71fb380b7abf226f0b99c3381e1eb56b29d770050ee16631416d204b945bfa
train-11185,train,train,data/extracted/KolektorSDD2/train/11185.png,data/extracted/KolektorSDD2/train/11185_GT.png,False,21cf455862b58c051b87444909cb79d7c9878cd470a54e88466393489e246e0a
train-11186,train,validation,data/extracted/KolektorSDD2/train/11186.png,data/extracted/KolektorSDD2/train/11186_GT.png,False,de11802cdd71dd54e33d310202a70811e8fbced4352d85ea8166854d1bcf3fbd
train-11187,train,train,data/extracted/KolektorSDD2/train/11187.png,data/extracted/KolektorSDD2/train/11187_GT.png,True,987fdc019e1ec718afaae969ab261e2b1b788a8d92ce35b892f92f9325364667
train-11188,train,train,data/extracted/KolektorSDD2/train/11188.png,data/extracted/KolektorSDD2/train/11188_GT.png,False,12732efe1ba24bc37bad8f54d5865e5c3f4a869be16e767a9afea7e0538a827c
train-11189,train,train,data/extracted/KolektorSDD2/train/11189.png,data/extracted/KolektorSDD2/train/11189_GT.png,False,2155fdf65a86e5707fd753d7f9dd55b247f3ec516dd7b3123db620c806ac0ebf
train-11190,train,train,data/extracted/KolektorSDD2/train/11190.png,data/extracted/KolektorSDD2/train/11190_GT.png,True,bfbd5b400dd370adf5cda9b293ff596c027c23755df7d9e778a3ddd8af30972b
train-11191,train,train,data/extracted/KolektorSDD2/train/11191.png,data/extracted/KolektorSDD2/train/11191_GT.png,False,8962defdb08c41efc6ff9f11e33f10ef4ec2f5717e9c4009c7847a98d9768b97
train-11192,train,train,data/extracted/KolektorSDD2/train/11192.png,data/extracted/KolektorSDD2/train/11192_GT.png,False,6dea43aca0c241a7b9d21cd008e5d08d8d73fdc5d146c7a205daa5de485dc4cd
train-11193,train,train,data/extracted/KolektorSDD2/train/11193.png,data/extracted/KolektorSDD2/train/11193_GT.png,False,0e5b40eeea234368a118aa62462710f5f430185ac961f8e9b34a48ea43557e55
train-11194,train,train,data/extracted/KolektorSDD2/train/11194.png,data/extracted/KolektorSDD2/train/11194_GT.png,False,787726e0c2a010899c366c84779897b9cf88c2b2047acdbe86562c4e8b31419a
train-11195,train,train,data/extracted/KolektorSDD2/train/11195.png,data/extracted/KolektorSDD2/train/11195_GT.png,True,a8f09f9e6bd4a877a27e3e5b4654a908f0cd60ffdd87ac0613dac5d416894c99
train-11196,train,validation,data/extracted/KolektorSDD2/train/11196.png,data/extracted/KolektorSDD2/train/11196_GT.png,False,03fa5a067d45360eb09e08b6b192e6d3e51019f6c224516c0ca668604b56d712
train-11197,train,train,data/extracted/KolektorSDD2/train/11197.png,data/extracted/KolektorSDD2/train/11197_GT.png,False,98b1b0540fd748b7ea610746b1e37d64f83d5d9592b6b857ee6b7e05e6988d85
train-11198,train,train,data/extracted/KolektorSDD2/train/11198.png,data/extracted/KolektorSDD2/train/11198_GT.png,False,1eec0403200a0528c70214620a52c43f6ad3611ea4c6fbaddc35cc4665211a5a
train-11199,train,validation,data/extracted/KolektorSDD2/train/11199.png,data/extracted/KolektorSDD2/train/11199_GT.png,False,0de9d46f091273824b2f4e61760c1f997477e61510df8f1c00baf49deebfa13f
train-11200,train,train,data/extracted/KolektorSDD2/train/11200.png,data/extracted/KolektorSDD2/train/11200_GT.png,False,53e686cd3a0ff4a41c11811a467fc3480e7bc87c8da34da447db0dd4d3197dc5
train-11201,train,train,data/extracted/KolektorSDD2/train/11201.png,data/extracted/KolektorSDD2/train/11201_GT.png,False,d36c65db8d2496812349495b9b524d7cfd56e7523804a936f1058c5b1b7c96bb
train-11202,train,validation,data/extracted/KolektorSDD2/train/11202.png,data/extracted/KolektorSDD2/train/11202_GT.png,False,94fc0547f1d030a99dd6cd8d7c79b5d8a82ea9f7ee386ef6a665b21c7800b010
train-11203,train,train,data/extracted/KolektorSDD2/train/11203.png,data/extracted/KolektorSDD2/train/11203_GT.png,False,668f2cdced7f937a0f09b9f5f7bc59f1b103773bfabebc12178235e6e57ef8c4
train-11204,train,train,data/extracted/KolektorSDD2/train/11204.png,data/extracted/KolektorSDD2/train/11204_GT.png,False,9db106cc0b88fbe49428cabcba54041676e6e386daf23ccf3682d6d6f326d123
train-11205,train,train,data/extracted/KolektorSDD2/train/11205.png,data/extracted/KolektorSDD2/train/11205_GT.png,False,59cdfc1d7989cea68d343fc1271cf53c76d89c909b5d3f577832230a976bc15d
train-11206,train,validation,data/extracted/KolektorSDD2/train/11206.png,data/extracted/KolektorSDD2/train/11206_GT.png,False,b9c0aefad7dd8f62c7ddefc609fef9ebd15323cb7706e50ae53c1a5783af8075
train-11207,train,train,data/extracted/KolektorSDD2/train/11207.png,data/extracted/KolektorSDD2/train/11207_GT.png,False,d784da74c501d7e4f319acc1ab384f0725b759cf2ffbf576f613d6998126163a
train-11208,train,train,data/extracted/KolektorSDD2/train/11208.png,data/extracted/KolektorSDD2/train/11208_GT.png,False,73c70420b43631f29fe7efcb1a9782190c773211280c890e633f9a176ad56685
train-11209,train,train,data/extracted/KolektorSDD2/train/11209.png,data/extracted/KolektorSDD2/train/11209_GT.png,False,0505c722cd75b5a7002f5634cc751d4a18df5014ea1e28b27c8d9623213c039b
train-11210,train,train,data/extracted/KolektorSDD2/train/11210.png,data/extracted/KolektorSDD2/train/11210_GT.png,False,860aa74013377bf354ef0196e434f0ef31071d8636c42da9e64501e86040c33a
train-11211,train,train,data/extracted/KolektorSDD2/train/11211.png,data/extracted/KolektorSDD2/train/11211_GT.png,False,3ec27429f47a1061efc91396242e5bcce3d421fe792cabab0e81429433a5b0b8
train-11212,train,train,data/extracted/KolektorSDD2/train/11212.png,data/extracted/KolektorSDD2/train/11212_GT.png,False,7fb4453abaa2fa846a71b72b69eb0c7d8745cb28db44d12975c17e87900a2711
train-11213,train,train,data/extracted/KolektorSDD2/train/11213.png,data/extracted/KolektorSDD2/train/11213_GT.png,False,610fed0b278ddba79a40b3300acb765e87626ffa312d13534bca4f2abb0f1e61
train-11214,train,train,data/extracted/KolektorSDD2/train/11214.png,data/extracted/KolektorSDD2/train/11214_GT.png,True,764f062c72d17964894f67945047e4f8cbbcb8f57827ed7c24c88a2d7c1bd7e9
train-11215,train,train,data/extracted/KolektorSDD2/train/11215.png,data/extracted/KolektorSDD2/train/11215_GT.png,False,925d80cad55673061e6e35386b921b13f927dbd1649207ebec85c14670923f6d
train-11216,train,validation,data/extracted/KolektorSDD2/train/11216.png,data/extracted/KolektorSDD2/train/11216_GT.png,False,d1ef7ec9c4907de6849617c049e3829a006920882b02ade32c474f311ce2322e
train-11217,train,train,data/extracted/KolektorSDD2/train/11217.png,data/extracted/KolektorSDD2/train/11217_GT.png,False,68d7d16c4367f07b82c107e56697ce33cea20a59e3bded46de568036fe187dfc
train-11218,train,train,data/extracted/KolektorSDD2/train/11218.png,data/extracted/KolektorSDD2/train/11218_GT.png,False,631db9d2d42eead945ac02d7ccf14806482ddf3c9bedf5e2d82eed0d724b94d0
train-11219,train,train,data/extracted/KolektorSDD2/train/11219.png,data/extracted/KolektorSDD2/train/11219_GT.png,False,433eb3476445c93d82b963f1883cb5a6c316dd0c3f26efc740416f38801699c4
train-11220,train,train,data/extracted/KolektorSDD2/train/11220.png,data/extracted/KolektorSDD2/train/11220_GT.png,False,d533e346d0f7b623240d7419fb7b3d23c3c8d223f40ac289a582530066a00dbf
train-11221,train,validation,data/extracted/KolektorSDD2/train/11221.png,data/extracted/KolektorSDD2/train/11221_GT.png,False,bcd242d78ea3b889a3f8aaef5707146038780d645f310a6fe4521231930c422b
train-11222,train,train,data/extracted/KolektorSDD2/train/11222.png,data/extracted/KolektorSDD2/train/11222_GT.png,False,a458a1c6953f52e507a9bb227359dc05b5cd98822b3310e4892c45b5116e0c30
train-11223,train,validation,data/extracted/KolektorSDD2/train/11223.png,data/extracted/KolektorSDD2/train/11223_GT.png,False,cc5611aad130649180a796d7dd2809d42e8979f7d02ba11b06c365ae17f84373
train-11224,train,train,data/extracted/KolektorSDD2/train/11224.png,data/extracted/KolektorSDD2/train/11224_GT.png,False,46f4bc1a7ae0c7e88e32d171b6446f66025bc6f950a6f08964ee3fa914007d6c
train-11225,train,train,data/extracted/KolektorSDD2/train/11225.png,data/extracted/KolektorSDD2/train/11225_GT.png,False,a925d6751051d41cabfcb97fb08d3aeabc02a6a652f184c3d85a47f640fc7080
train-11226,train,train,data/extracted/KolektorSDD2/train/11226.png,data/extracted/KolektorSDD2/train/11226_GT.png,False,1cf9aa508b0de6d3963b2cb700cc9bc3240b9587cd06d1a69a96fce5b52f1b01
train-11227,train,train,data/extracted/KolektorSDD2/train/11227.png,data/extracted/KolektorSDD2/train/11227_GT.png,False,70432e7f252dcd4f6d2c0d0bbb8c168c5cb7967ca14eadf6f28de65ac1aa0591
train-11228,train,train,data/extracted/KolektorSDD2/train/11228.png,data/extracted/KolektorSDD2/train/11228_GT.png,True,d62f309bbf797421d376a02f13fedaf87c2fbe22428b3361f6e1109d2b63a44a
train-11229,train,train,data/extracted/KolektorSDD2/train/11229.png,data/extracted/KolektorSDD2/train/11229_GT.png,False,a6f3d87749148bc96347fe4cbafdb64c1520da6b1a57d1bdbfa039dc9c790470
train-11230,train,train,data/extracted/KolektorSDD2/train/11230.png,data/extracted/KolektorSDD2/train/11230_GT.png,True,95a5b451a9a511836484e39de44d7e17abe9cf93a5a50e661b26939e12e21b9d
train-11231,train,train,data/extracted/KolektorSDD2/train/11231.png,data/extracted/KolektorSDD2/train/11231_GT.png,False,3cc568fc76fc2f4522eb1bfe082369d0e567ddcfcf9a92ac9d14128b521f1884
train-11232,train,validation,data/extracted/KolektorSDD2/train/11232.png,data/extracted/KolektorSDD2/train/11232_GT.png,False,b9464e3977a99e49d4214182d91a54b46d9aa3cfa87e4db850f61d2107eb0d2e
train-11233,train,train,data/extracted/KolektorSDD2/train/11233.png,data/extracted/KolektorSDD2/train/11233_GT.png,False,0af73a8b6b6ea14d26e413c0d22f4ab6e92592dff552c063613043a92bdeea8b
train-11234,train,train,data/extracted/KolektorSDD2/train/11234.png,data/extracted/KolektorSDD2/train/11234_GT.png,False,f1e570a322527c3e878087db6669aa49297f1ca31537ae005e8a04484f8a9d3b
train-11235,train,train,data/extracted/KolektorSDD2/train/11235.png,data/extracted/KolektorSDD2/train/11235_GT.png,False,c341098b6cb23e8297b6711a09694754278d384ba5f166439165b0cc3ff889db
train-11236,train,train,data/extracted/KolektorSDD2/train/11236.png,data/extracted/KolektorSDD2/train/11236_GT.png,False,048964dac8858d8af3c978efa65bc6f162ff503ed878f083287ea3c2f3ffa11b
train-11237,train,train,data/extracted/KolektorSDD2/train/11237.png,data/extracted/KolektorSDD2/train/11237_GT.png,False,eb2a8bc0514b90baac2f0e3b40edb5e6cc391e44579e258a26ea47ac90db2aa6
train-11238,train,train,data/extracted/KolektorSDD2/train/11238.png,data/extracted/KolektorSDD2/train/11238_GT.png,False,ac0910f00053d26cc58eacf35436038ade6dbff60c69a79ea101df9e5f1c9d80
train-11239,train,train,data/extracted/KolektorSDD2/train/11239.png,data/extracted/KolektorSDD2/train/11239_GT.png,False,46b44354b0819f266239f8dc5b729a06b481438d58e965b5d84517431b345117
train-11240,train,train,data/extracted/KolektorSDD2/train/11240.png,data/extracted/KolektorSDD2/train/11240_GT.png,False,91e0c8a60cfed5e2e192f90512057391ac43a76b227cd6b04553db45b7e77030
train-11241,train,train,data/extracted/KolektorSDD2/train/11241.png,data/extracted/KolektorSDD2/train/11241_GT.png,False,2255770ee3214ea538f9851c9efe9bef004dcc8d0a0376bd7b87b423f25ece33
train-11242,train,train,data/extracted/KolektorSDD2/train/11242.png,data/extracted/KolektorSDD2/train/11242_GT.png,True,1137ca71b2ad3823583fde27eb2486848d7405eb24f59a2e92352021aaa6fd34
train-11243,train,train,data/extracted/KolektorSDD2/train/11243.png,data/extracted/KolektorSDD2/train/11243_GT.png,False,bdd99477c945e60f12ed932a0b9e10889eadecdde59d4e7d4f54461e240948dc
train-11244,train,validation,data/extracted/KolektorSDD2/train/11244.png,data/extracted/KolektorSDD2/train/11244_GT.png,False,19ca8657ad4879a0a9b1df8a99903a5e54921f9225a7f9a838765ee07ebe6e22
train-11245,train,train,data/extracted/KolektorSDD2/train/11245.png,data/extracted/KolektorSDD2/train/11245_GT.png,False,4aa62090256927a04328a238eb114414068b60570340adf8ccb5b1178ec846fb
train-11246,train,train,data/extracted/KolektorSDD2/train/11246.png,data/extracted/KolektorSDD2/train/11246_GT.png,False,4f022e5114320072ee877e593259ee2a0220997eb0bc4e52cb906183dc8b0656
train-11247,train,train,data/extracted/KolektorSDD2/train/11247.png,data/extracted/KolektorSDD2/train/11247_GT.png,False,fa0bf2966e678647e121c759d2f347c1fca171fb9f341cd4dbec5f41a78831d3
train-11248,train,train,data/extracted/KolektorSDD2/train/11248.png,data/extracted/KolektorSDD2/train/11248_GT.png,False,8b9e3b95ee8bf872780dbd3d09d1c70d6d0dcf6a307aacd998b300b06c27fedc
train-11249,train,train,data/extracted/KolektorSDD2/train/11249.png,data/extracted/KolektorSDD2/train/11249_GT.png,False,c36d95add663fd6568cbddd4f4879806a6b1dc925f34f95c2aac4c4b25531b4f
train-11250,train,train,data/extracted/KolektorSDD2/train/11250.png,data/extracted/KolektorSDD2/train/11250_GT.png,True,d129cac8c376735f6aec8ec5ef35af494fddfd87f8d9a8cd08c0ce1040c5e797
train-11251,train,train,data/extracted/KolektorSDD2/train/11251.png,data/extracted/KolektorSDD2/train/11251_GT.png,False,dca14f66fd2d4cf036324712c0459ab078a40a3642849ffdf2fafcf9ba11d50b
train-11252,train,train,data/extracted/KolektorSDD2/train/11252.png,data/extracted/KolektorSDD2/train/11252_GT.png,False,a7a6ccbd57d5af4820a75c08ba5e309cb4da8ba17dcca8a981d2475ec6e9f491
train-11253,train,train,data/extracted/KolektorSDD2/train/11253.png,data/extracted/KolektorSDD2/train/11253_GT.png,False,4a5b9a1ed9c6afabf5283f039319d31e9d4a70060b5fdce95b9818190f7ee1a7
train-11254,train,train,data/extracted/KolektorSDD2/train/11254.png,data/extracted/KolektorSDD2/train/11254_GT.png,False,b6dc29ae25a8b329a3b6f78966edee78d275d71ae0b1a5fae53167370c65d446
train-11255,train,train,data/extracted/KolektorSDD2/train/11255.png,data/extracted/KolektorSDD2/train/11255_GT.png,False,f0c2b0fc888d6f78baf9c31dac207afdc89b21a6502567a1115ea032dd88bb35
train-11256,train,validation,data/extracted/KolektorSDD2/train/11256.png,data/extracted/KolektorSDD2/train/11256_GT.png,False,ec868996ea1ed898295bbd69d588a559a299fd529d2cbbdc1cf5b5e9e13b2d86
train-11257,train,train,data/extracted/KolektorSDD2/train/11257.png,data/extracted/KolektorSDD2/train/11257_GT.png,False,fd670003b715cb798d7c79491add59b255b7ebfb9ebe452c535dd1e0444f9064
train-11258,train,train,data/extracted/KolektorSDD2/train/11258.png,data/extracted/KolektorSDD2/train/11258_GT.png,True,245bd05d2bd99a03d72df2d65dae34bd3358420dddd5447f00915d083adafd3c
train-11259,train,train,data/extracted/KolektorSDD2/train/11259.png,data/extracted/KolektorSDD2/train/11259_GT.png,False,fde29b2428b0b72a0b1a89c2088f4df35b57cba5fabad5a522d6622f10f670d9
train-11260,train,train,data/extracted/KolektorSDD2/train/11260.png,data/extracted/KolektorSDD2/train/11260_GT.png,False,e2f3886d84fc25684cbe7747ac7642d65017d295cf98a125367e7bf005dbf587
train-11261,train,train,data/extracted/KolektorSDD2/train/11261.png,data/extracted/KolektorSDD2/train/11261_GT.png,False,faa4e642db995342987770d46b014e08ee8a86b3e46e44d7a1be232c0c6f1af7
train-11262,train,validation,data/extracted/KolektorSDD2/train/11262.png,data/extracted/KolektorSDD2/train/11262_GT.png,False,87a9c8c7505bb0ba4c9247ead58538b88049dba0fd28b940b79325222e0b6f44
train-11263,train,train,data/extracted/KolektorSDD2/train/11263.png,data/extracted/KolektorSDD2/train/11263_GT.png,False,187590ef5018ef0ad82b1d6f7dc76a21d7faf89827420c104006bf6f5cc07862
train-11264,train,train,data/extracted/KolektorSDD2/train/11264.png,data/extracted/KolektorSDD2/train/11264_GT.png,False,2340fb666672bb7e2c322bdeba3484e7e8b1d8405638a6abe631280f618b844c
train-11265,train,train,data/extracted/KolektorSDD2/train/11265.png,data/extracted/KolektorSDD2/train/11265_GT.png,False,79123579f027aaca9881261670be90bd1aaf8e87504c02af1fa158054fe774ea
train-11266,train,train,data/extracted/KolektorSDD2/train/11266.png,data/extracted/KolektorSDD2/train/11266_GT.png,False,21db016996cb51ac0b92522b7e1082d66fe9b2fbc39648d5063a4c859723886c
train-11267,train,train,data/extracted/KolektorSDD2/train/11267.png,data/extracted/KolektorSDD2/train/11267_GT.png,False,d8eaa7bf7ef195316e169407aa2583d070c6e6151ead57e6e66d7788d5ebd48a
train-11268,train,train,data/extracted/KolektorSDD2/train/11268.png,data/extracted/KolektorSDD2/train/11268_GT.png,False,bd3711914b1c98618c3453648e8b601351d8ec4f5f971b00d5810b4acbd298e3
train-11269,train,train,data/extracted/KolektorSDD2/train/11269.png,data/extracted/KolektorSDD2/train/11269_GT.png,True,5b6ee2cafb8670852c75c98563823ce56fe8893ca13c9ba2c7031fc48b0d3bb2
train-11270,train,train,data/extracted/KolektorSDD2/train/11270.png,data/extracted/KolektorSDD2/train/11270_GT.png,False,c4f73930c2d07853f8b3eaccb423fa0b895d94285d89bb6f7e90a11d679918d5
train-11271,train,train,data/extracted/KolektorSDD2/train/11271.png,data/extracted/KolektorSDD2/train/11271_GT.png,False,7d41599a81940dc7fc1ff0f5dab53e95c741f925c9319432bb80ac5647340e2c
train-11272,train,validation,data/extracted/KolektorSDD2/train/11272.png,data/extracted/KolektorSDD2/train/11272_GT.png,False,268ee5b7980b87bcd2fcc8adafdbed71f910df89fee2633c42ced63df18b563a
train-11273,train,train,data/extracted/KolektorSDD2/train/11273.png,data/extracted/KolektorSDD2/train/11273_GT.png,False,052b3c08aba55588409a0755c9d79088c0205aeb68dbbb5630c2afb44b698d85
train-11274,train,train,data/extracted/KolektorSDD2/train/11274.png,data/extracted/KolektorSDD2/train/11274_GT.png,False,8324a99873b4424ae766790c1d6afcc1f4f0258f896a28efe7c9f08048b69100
train-11275,train,train,data/extracted/KolektorSDD2/train/11275.png,data/extracted/KolektorSDD2/train/11275_GT.png,False,fc9717b81ff8255ac6ec2ef733aab25e8e64b9aa92d399bb3f08d4f87df302ec
train-11276,train,train,data/extracted/KolektorSDD2/train/11276.png,data/extracted/KolektorSDD2/train/11276_GT.png,False,a4dbf741604acb7f4e641f44c05fca8f7f17697ec6a55db42874830067d8b7bc
train-11277,train,validation,data/extracted/KolektorSDD2/train/11277.png,data/extracted/KolektorSDD2/train/11277_GT.png,False,ca4777b65ae3302e067dcacccc340a990bcc3da6a0ddef9b03027e81429e0a99
train-11278,train,train,data/extracted/KolektorSDD2/train/11278.png,data/extracted/KolektorSDD2/train/11278_GT.png,False,c4e4a85a91951ed45034bd5bd77c9b9d237312efc35271cfc1cf37a21168aec1
train-11279,train,train,data/extracted/KolektorSDD2/train/11279.png,data/extracted/KolektorSDD2/train/11279_GT.png,False,cc07c8c847328b71814d61a8e112ff7c88b3fb2529bef560429e48dc14e9fea4
train-11280,train,validation,data/extracted/KolektorSDD2/train/11280.png,data/extracted/KolektorSDD2/train/11280_GT.png,False,a16035a6e4b0cae0221ff108bffa90f70b553e95ece84c8637c06ed36554f1e1
train-11281,train,train,data/extracted/KolektorSDD2/train/11281.png,data/extracted/KolektorSDD2/train/11281_GT.png,False,744c321f0e4ff84a92f0e03a41d3879d8f0540f271b39f01928ce5d37bf3bb85
train-11282,train,train,data/extracted/KolektorSDD2/train/11282.png,data/extracted/KolektorSDD2/train/11282_GT.png,True,531c42f6ae0e8132abdca9a4fbc98db5c23eb7d4c3b8d2259a86aeb54699a6e1
train-11283,train,validation,data/extracted/KolektorSDD2/train/11283.png,data/extracted/KolektorSDD2/train/11283_GT.png,False,bb69bc6b9ab7bf6308edeb51ac2b304004ad886ed44914eebfa23ebac8cbd67d
train-11284,train,train,data/extracted/KolektorSDD2/train/11284.png,data/extracted/KolektorSDD2/train/11284_GT.png,False,9520d651ebaa213c864a22b05b0dc8f0c942ecb2e297c39de66fc701d01f281d
train-11285,train,train,data/extracted/KolektorSDD2/train/11285.png,data/extracted/KolektorSDD2/train/11285_GT.png,False,af0c5440577222a54115a358bde086fb7842b0cdad4a289145328a50a1d07eff
train-11286,train,train,data/extracted/KolektorSDD2/train/11286.png,data/extracted/KolektorSDD2/train/11286_GT.png,False,1eab05897b3f6400436cbfe848c86b2f96dad9ce6e1b9b69861b2a0ea749bafb
train-11287,train,train,data/extracted/KolektorSDD2/train/11287.png,data/extracted/KolektorSDD2/train/11287_GT.png,False,9713be9c0980f991f3f0017f2d74db604e4f3a6eecd19bd80ce30cf0925765d0
train-11288,train,train,data/extracted/KolektorSDD2/train/11288.png,data/extracted/KolektorSDD2/train/11288_GT.png,False,124cbaec56f02fe286669afc017fc769ece5fcc12456890514e13a4ce82bff1b
train-11289,train,validation,data/extracted/KolektorSDD2/train/11289.png,data/extracted/KolektorSDD2/train/11289_GT.png,False,8dc143b05d4a6dcd7f6f7d655124c29f4782a9881b4799f014a77da055d83c1c
train-11290,train,train,data/extracted/KolektorSDD2/train/11290.png,data/extracted/KolektorSDD2/train/11290_GT.png,False,348c5d02f6868bb99b444857af3e79d5f15748e6f4084e5f19591734c92580c2
train-11291,train,train,data/extracted/KolektorSDD2/train/11291.png,data/extracted/KolektorSDD2/train/11291_GT.png,False,d9867aff17c351db5945dda8745ee8d3b51ac0d197ae0d1c7433461fffea70e0
train-11292,train,train,data/extracted/KolektorSDD2/train/11292.png,data/extracted/KolektorSDD2/train/11292_GT.png,False,dbb0509676a2bcae2dd66615e9d7c4e71b89a6b2d5698d0de934936c408f70db
train-11293,train,train,data/extracted/KolektorSDD2/train/11293.png,data/extracted/KolektorSDD2/train/11293_GT.png,False,dfc08a664aa4989230de6688fcfa2cad60fe33862aeeff727715f35462afecb8
train-11294,train,validation,data/extracted/KolektorSDD2/train/11294.png,data/extracted/KolektorSDD2/train/11294_GT.png,False,ab7ac2ec8908cc3addcd4a9b80259a4b35e710b2000de25441fdd7ce0f522822
train-11295,train,train,data/extracted/KolektorSDD2/train/11295.png,data/extracted/KolektorSDD2/train/11295_GT.png,False,2893d54d504e52123f4c908579e62c57e9a210e5a8c99e7f1458b9f0eb3361a6
train-11296,train,train,data/extracted/KolektorSDD2/train/11296.png,data/extracted/KolektorSDD2/train/11296_GT.png,False,9b4d6a4a04345e125221afc0a128dcfda85cb05bd7ddec8e52b626e057063577
train-11297,train,train,data/extracted/KolektorSDD2/train/11297.png,data/extracted/KolektorSDD2/train/11297_GT.png,False,c693cbacdbafa937b1fb0cc2914e2b8ee4a78babfa4abf0fe218344eabd16819
train-11298,train,train,data/extracted/KolektorSDD2/train/11298.png,data/extracted/KolektorSDD2/train/11298_GT.png,False,9f0ce74b80a134eddfef075aec5d4a2901eefa6154840d73c2b23199c662d516
train-11299,train,train,data/extracted/KolektorSDD2/train/11299.png,data/extracted/KolektorSDD2/train/11299_GT.png,True,8141ce64dcb0310cab292632d975c9c0072121037e733404f1597e27ed85504d
train-11300,train,train,data/extracted/KolektorSDD2/train/11300.png,data/extracted/KolektorSDD2/train/11300_GT.png,False,f3348ee9008a1f026b2f0618b368ff6d1ad3e86754e442158180fc78ef6ba5ba
train-11301,train,train,data/extracted/KolektorSDD2/train/11301.png,data/extracted/KolektorSDD2/train/11301_GT.png,False,55bcafc3830f55dae928560fbd1b0f9dacf2a7a05cfe699ef6b63b3555d8747e
train-11302,train,train,data/extracted/KolektorSDD2/train/11302.png,data/extracted/KolektorSDD2/train/11302_GT.png,False,feab1ef69dc0ed2c4ce4f465c244577572c95931e9f420f7c427d20066cb4e94
train-11303,train,train,data/extracted/KolektorSDD2/train/11303.png,data/extracted/KolektorSDD2/train/11303_GT.png,False,549d5721bef874811e7ed5873f25bc95af7f4776734c68b1cdf1f1044ea7b03b
train-11304,train,validation,data/extracted/KolektorSDD2/train/11304.png,data/extracted/KolektorSDD2/train/11304_GT.png,False,9e3512ed0a58eab8a661615070b4ceaffdc980345226910d9fb2cb22ff87a2de
train-11305,train,validation,data/extracted/KolektorSDD2/train/11305.png,data/extracted/KolektorSDD2/train/11305_GT.png,False,687d3d40f04c22994905a9117560fe47bb177eedc10b0c973f7b44eef29b2757
train-11306,train,train,data/extracted/KolektorSDD2/train/11306.png,data/extracted/KolektorSDD2/train/11306_GT.png,False,3f9bffb3086f1017e89bfa8d9de4c6ec46e70ba9e42be821e63ac39be867511d
train-11307,train,train,data/extracted/KolektorSDD2/train/11307.png,data/extracted/KolektorSDD2/train/11307_GT.png,False,0fa99d3dd4e9cbc13e6c6cc8d589c08dfe97b258e14a9bade29199246c529c78
train-11308,train,train,data/extracted/KolektorSDD2/train/11308.png,data/extracted/KolektorSDD2/train/11308_GT.png,False,cdc78b88ea4e90bef9d7fa69dfe1b23bce65547f3e843fa23f41b86e22824b42
train-11309,train,validation,data/extracted/KolektorSDD2/train/11309.png,data/extracted/KolektorSDD2/train/11309_GT.png,False,dbb44cf55873088b059245ba8a979e50934a4e1204243a12a70827d5c853ff8b
train-11310,train,train,data/extracted/KolektorSDD2/train/11310.png,data/extracted/KolektorSDD2/train/11310_GT.png,False,daf081d4a05e202cdac3ccba9abdb607615369beff3dabdcc45f129f18595d68
train-11311,train,train,data/extracted/KolektorSDD2/train/11311.png,data/extracted/KolektorSDD2/train/11311_GT.png,False,a7d619b3ad541a16dfbfde02145ce4f6240d94aa411b249e8e499e47f7dacbb7
train-11312,train,train,data/extracted/KolektorSDD2/train/11312.png,data/extracted/KolektorSDD2/train/11312_GT.png,False,e27d1c44f184f2d4a226e5522dd9481290da6d5c886b866ca0598af8ae63a8b9
train-11313,train,train,data/extracted/KolektorSDD2/train/11313.png,data/extracted/KolektorSDD2/train/11313_GT.png,False,a763f04990eacef1952262abe9447591ff372963e4ba46d4b16ce34be37b5b42
train-11314,train,train,data/extracted/KolektorSDD2/train/11314.png,data/extracted/KolektorSDD2/train/11314_GT.png,False,80310bc7ff65b6a9ac566cea07e6d0a7548eaf31935ce7e1b1a2c60115711a0c
train-11315,train,train,data/extracted/KolektorSDD2/train/11315.png,data/extracted/KolektorSDD2/train/11315_GT.png,True,7bebc67d71bd894f5935f731134246468700e75e9b7bc68e269d7f56e43df5b6
train-11316,train,train,data/extracted/KolektorSDD2/train/11316.png,data/extracted/KolektorSDD2/train/11316_GT.png,False,e9a621e8797923e0c0b93e9eebda3a06ac5116f8169958867faf3ab6ad67b99f
train-11317,train,train,data/extracted/KolektorSDD2/train/11317.png,data/extracted/KolektorSDD2/train/11317_GT.png,False,5ddec01a3b235b3467b7da97730a3921f57e2f46c0b5ece404fb890ff79edafc
train-11318,train,validation,data/extracted/KolektorSDD2/train/11318.png,data/extracted/KolektorSDD2/train/11318_GT.png,False,bbf99dfd616ae9afaec9060530fcf6e746e1d27926b7c9e5c3c88a6719026e99
train-11319,train,train,data/extracted/KolektorSDD2/train/11319.png,data/extracted/KolektorSDD2/train/11319_GT.png,False,fc9fd3712a62f9d2199c5cad0e9a9a18d6f9fc4ab8baf31c0cdf6e30fe8b08d3
train-11320,train,train,data/extracted/KolektorSDD2/train/11320.png,data/extracted/KolektorSDD2/train/11320_GT.png,False,8d1d54cb07b0abbda051020488a9cd7c36cfa88196045c61788b0f08f618902c
train-11321,train,train,data/extracted/KolektorSDD2/train/11321.png,data/extracted/KolektorSDD2/train/11321_GT.png,False,62d32a03df45dc628bf6e75c81630505ab2da4e6190b6c6d189c8447d9639e30
train-11322,train,train,data/extracted/KolektorSDD2/train/11322.png,data/extracted/KolektorSDD2/train/11322_GT.png,False,d551b11e6dac0e061d1911c77018135f8b7f6dc3fe6e409be6d64e7095af58dd
train-11323,train,train,data/extracted/KolektorSDD2/train/11323.png,data/extracted/KolektorSDD2/train/11323_GT.png,False,7a7d475bc19648da24ed45bb6a75bead7d4de7534485099044d7708c60289879
train-11324,train,validation,data/extracted/KolektorSDD2/train/11324.png,data/extracted/KolektorSDD2/train/11324_GT.png,False,a26ff99c592da1bc676d89c7498bb5ddfe4f78a8807a0f31917fcc41e9037a59
train-11325,train,validation,data/extracted/KolektorSDD2/train/11325.png,data/extracted/KolektorSDD2/train/11325_GT.png,False,61025b52368c371837fe98e8a00e463fb8ec04995357219014c459bc4287daec
train-11326,train,train,data/extracted/KolektorSDD2/train/11326.png,data/extracted/KolektorSDD2/train/11326_GT.png,False,c90bba28deab06d430eedb46a43c6697c077448fa0f800b7182e7d55bdde54fb
train-11327,train,train,data/extracted/KolektorSDD2/train/11327.png,data/extracted/KolektorSDD2/train/11327_GT.png,False,def821e1abbc01ddb3722e9326329075b695c7e8759217713a7a1ae8ce3504c1
train-11328,train,train,data/extracted/KolektorSDD2/train/11328.png,data/extracted/KolektorSDD2/train/11328_GT.png,False,1016c9ff9f0810c7b88394cb28e20244f1b69e62484be388ed58e698ccc752d1
train-11329,train,train,data/extracted/KolektorSDD2/train/11329.png,data/extracted/KolektorSDD2/train/11329_GT.png,False,516b41a7df8ac2069bc91cc98d0fe4610858f2a85b2ab770aa375beccacb7ee2
train-11330,train,train,data/extracted/KolektorSDD2/train/11330.png,data/extracted/KolektorSDD2/train/11330_GT.png,False,b43a68a63ac978290f773bb71f0fa6fb3a8a55f0adb0c52ed7e956823a9fa08f
train-11331,train,train,data/extracted/KolektorSDD2/train/11331.png,data/extracted/KolektorSDD2/train/11331_GT.png,False,213a1592798aefc39ed44e82ef34cb1351545b3ee5d9ac7716df79c5b97656cf
train-11332,train,validation,data/extracted/KolektorSDD2/train/11332.png,data/extracted/KolektorSDD2/train/11332_GT.png,False,4c8fbc8fb4a8693474c5ff403d352fbc4b122a1fc56c8f1fb7a524d24db185b9
train-11333,train,train,data/extracted/KolektorSDD2/train/11333.png,data/extracted/KolektorSDD2/train/11333_GT.png,False,bf2989f4cc9881b184b6844ec41fa5321912d61d0a50fb5566a367e7d746e9ec
train-11334,train,validation,data/extracted/KolektorSDD2/train/11334.png,data/extracted/KolektorSDD2/train/11334_GT.png,False,4815e674026072579a8b5b20f9d3e0dfda49b81cbe62de430da1a4dcfc31543f
train-11335,train,train,data/extracted/KolektorSDD2/train/11335.png,data/extracted/KolektorSDD2/train/11335_GT.png,False,cf09d05074e9fdff4d80621cd1c60c6db31963459ec691bbcc47ada10f48a09c
train-11336,train,train,data/extracted/KolektorSDD2/train/11336.png,data/extracted/KolektorSDD2/train/11336_GT.png,False,fdfa7d920cfbed6f3991ba89a0150b9341dceeb15f952720787b1c4d6de80904
train-11337,train,train,data/extracted/KolektorSDD2/train/11337.png,data/extracted/KolektorSDD2/train/11337_GT.png,False,3fdd64d1595eab36b12e73dde0c581fe9fd2222c207911f65631199fcf414add
train-11338,train,train,data/extracted/KolektorSDD2/train/11338.png,data/extracted/KolektorSDD2/train/11338_GT.png,False,c4f5361e0e16cb977d96b67df7996cebfb87e8e9f8b43f86bf738ac4f621548c
train-11339,train,train,data/extracted/KolektorSDD2/train/11339.png,data/extracted/KolektorSDD2/train/11339_GT.png,True,a6b6ec04fef1512625e0645d60e41eb986b87926e74046a9c30ac7c057fcccd5
train-11340,train,train,data/extracted/KolektorSDD2/train/11340.png,data/extracted/KolektorSDD2/train/11340_GT.png,False,3524d41f55f92a731ddcc028d4ba73869814c408cc8306a296a41fbb4f4f2e21
train-11341,train,validation,data/extracted/KolektorSDD2/train/11341.png,data/extracted/KolektorSDD2/train/11341_GT.png,False,2ff5216aaced7d325cab3a7b0059b999c6cdaf0e34474265233a621332851231
train-11342,train,train,data/extracted/KolektorSDD2/train/11342.png,data/extracted/KolektorSDD2/train/11342_GT.png,False,062dbdab342b49eaf2ce6f5990e938b25f77f741838820834e10c68de3a9528e
train-11343,train,train,data/extracted/KolektorSDD2/train/11343.png,data/extracted/KolektorSDD2/train/11343_GT.png,False,7bbe9e752acdf7d71a993fe864a87da970d2ca5eb904fbb7127772ad30fa31fb
train-11344,train,train,data/extracted/KolektorSDD2/train/11344.png,data/extracted/KolektorSDD2/train/11344_GT.png,False,6392b32faf13e986e2871d78331afaa1a9d67644d2e5860ecf12148e3ef4d0da
train-11345,train,train,data/extracted/KolektorSDD2/train/11345.png,data/extracted/KolektorSDD2/train/11345_GT.png,False,4bf847808c69c24bc5db1fb7823171568801c496ba3fe32000f1a51ecd8663c7
train-11346,train,validation,data/extracted/KolektorSDD2/train/11346.png,data/extracted/KolektorSDD2/train/11346_GT.png,False,747c5bb75bb9a5dffc04dd898e0fec4e39c67ef316f36c8fcd73da3d1f687783
train-11347,train,validation,data/extracted/KolektorSDD2/train/11347.png,data/extracted/KolektorSDD2/train/11347_GT.png,False,8ab13d445fa007162df15bc36db632aeffb0743d8e65b0e0f8226811a3d137c4
train-11348,train,train,data/extracted/KolektorSDD2/train/11348.png,data/extracted/KolektorSDD2/train/11348_GT.png,False,9664a7ef802bfd518fee2c50f908db8206e4ac57c24744e11c4efe88c01bbcb0
train-11349,train,train,data/extracted/KolektorSDD2/train/11349.png,data/extracted/KolektorSDD2/train/11349_GT.png,False,e213e09a1b3bd808e40f45a8b8bd41e899a9dc8626c8e274cdd65328b62e1da6
train-11350,train,train,data/extracted/KolektorSDD2/train/11350.png,data/extracted/KolektorSDD2/train/11350_GT.png,True,a052f5561b0bb701d9c4121fdbedfa03ce7914729c70b99657276b777d2b6b38
train-11351,train,validation,data/extracted/KolektorSDD2/train/11351.png,data/extracted/KolektorSDD2/train/11351_GT.png,True,a64272a9c2042d585b9a0d751cfb12b5c45d01e61375b4250345a969fd520087
train-11352,train,train,data/extracted/KolektorSDD2/train/11352.png,data/extracted/KolektorSDD2/train/11352_GT.png,False,38a84adb0d0fe4ebd4e48abeabbebeffe76a158de2c3199808dfddc0fe5bf4c1
train-11353,train,train,data/extracted/KolektorSDD2/train/11353.png,data/extracted/KolektorSDD2/train/11353_GT.png,False,be0eadb25521dc5bf6e431eff1f418364f1fb0d007b6eb12c1f0aaf7a584d0b3
train-11354,train,train,data/extracted/KolektorSDD2/train/11354.png,data/extracted/KolektorSDD2/train/11354_GT.png,False,cb04a8277264a1cac40edddf01b8b245b15760059f6bf06fdff2c33119776168
train-11355,train,train,data/extracted/KolektorSDD2/train/11355.png,data/extracted/KolektorSDD2/train/11355_GT.png,False,7e706b6e0e3336f457ab4742e34e6a63980e2b58eb490e944399b35bd3c83547
train-11356,train,train,data/extracted/KolektorSDD2/train/11356.png,data/extracted/KolektorSDD2/train/11356_GT.png,False,e86af1ce6d15cb9dba4cdfacc65fdf55a115be164eacf61420424c88b232bbc1
train-11357,train,train,data/extracted/KolektorSDD2/train/11357.png,data/extracted/KolektorSDD2/train/11357_GT.png,False,a8c28b12b5d58ed64f86c121d3e3009d275da240e77542023cd4d5ddb90e2d1e
train-11358,train,train,data/extracted/KolektorSDD2/train/11358.png,data/extracted/KolektorSDD2/train/11358_GT.png,False,dec79ea152e6537f3bab4dac184d3dc312c9623456899a2e4b23c4fcb78c2ed2
train-11359,train,train,data/extracted/KolektorSDD2/train/11359.png,data/extracted/KolektorSDD2/train/11359_GT.png,False,131f0c33132bc7737abe09ce1387624bd1666f00676fededfe248df0ecf545f5
train-11360,train,train,data/extracted/KolektorSDD2/train/11360.png,data/extracted/KolektorSDD2/train/11360_GT.png,True,a3a717b9489d218cf988affdfc01982082520f8728eb5a5f5a3b5fa8b64fd888
train-11361,train,train,data/extracted/KolektorSDD2/train/11361.png,data/extracted/KolektorSDD2/train/11361_GT.png,False,1a88fe82ae432bdbcb8faf6bbc46692eebf1035230e210de39a4ac8fc238bc9a
train-11362,train,validation,data/extracted/KolektorSDD2/train/11362.png,data/extracted/KolektorSDD2/train/11362_GT.png,False,220703339cd8020ed7dca5a104fd3b55397de9641dd1a22f1c1a52c2b8d54f58
train-11363,train,train,data/extracted/KolektorSDD2/train/11363.png,data/extracted/KolektorSDD2/train/11363_GT.png,True,3af0c0cdcf9d8044263ad9ca16a2ff67b21bb3ea29dcb460330987147563e7b5
train-11364,train,train,data/extracted/KolektorSDD2/train/11364.png,data/extracted/KolektorSDD2/train/11364_GT.png,True,10d4f1267a50580ac1a4f2645e0f3617eccd73a2725123411682ba04702655f8
train-11365,train,train,data/extracted/KolektorSDD2/train/11365.png,data/extracted/KolektorSDD2/train/11365_GT.png,False,390dbd76928bc9aafe1d1f07861fbc4562ae43241706213de989edf83b635de8
train-11366,train,validation,data/extracted/KolektorSDD2/train/11366.png,data/extracted/KolektorSDD2/train/11366_GT.png,False,6f4e09f58005b5d02865ec8ae77377b051ed0c65a8bc18538767dc8655fab122
train-11367,train,train,data/extracted/KolektorSDD2/train/11367.png,data/extracted/KolektorSDD2/train/11367_GT.png,False,05cd312b63626efa22e904b5e22496013b1671f3b39ffd84f2ac921f04a46b83
train-11368,train,train,data/extracted/KolektorSDD2/train/11368.png,data/extracted/KolektorSDD2/train/11368_GT.png,False,0d6efcb27cfe1ef1e3c64d1dd23dfc39a937dffdcd40e486e6d800142a4a846c
train-11369,train,train,data/extracted/KolektorSDD2/train/11369.png,data/extracted/KolektorSDD2/train/11369_GT.png,False,6d3b1aaaa9604c99671c8316ca7d1fe401583cd466f771e206f03fdedf0f7df2
train-11370,train,train,data/extracted/KolektorSDD2/train/11370.png,data/extracted/KolektorSDD2/train/11370_GT.png,False,94993dffcdd126444743d1be417a6432a35f4984abfcdae68f5fd47514b2feb7
train-11371,train,train,data/extracted/KolektorSDD2/train/11371.png,data/extracted/KolektorSDD2/train/11371_GT.png,False,4aa64317b82f561c665b546a2a80de01805ec6c81d00b77c12cca29662faa700
train-11372,train,validation,data/extracted/KolektorSDD2/train/11372.png,data/extracted/KolektorSDD2/train/11372_GT.png,False,b4a1f906bf6c84039e8cf9d7fa9daf1f6c4fbf856bc311311d06a6d8b09dbcd8
train-11373,train,validation,data/extracted/KolektorSDD2/train/11373.png,data/extracted/KolektorSDD2/train/11373_GT.png,False,19c2bbc242f246a41dd4b97886f67b5d188017908e025d1ab6d7007934e233cc
train-11374,train,train,data/extracted/KolektorSDD2/train/11374.png,data/extracted/KolektorSDD2/train/11374_GT.png,False,0398e11d709ee7e154f39babc344e7e1d1b01b8e34ddcd66cb4b61bf5ab2ec4c
train-11375,train,train,data/extracted/KolektorSDD2/train/11375.png,data/extracted/KolektorSDD2/train/11375_GT.png,False,4eade2e0f51e7a84f2bbd59d03859011c6e7ea6624ef1b8b532aa5853f10aab9
train-11376,train,train,data/extracted/KolektorSDD2/train/11376.png,data/extracted/KolektorSDD2/train/11376_GT.png,False,ff3dd590b2ee160626b5cf11181c31a73bf41fa6adf47e8943db4d81bd38e070
train-11377,train,train,data/extracted/KolektorSDD2/train/11377.png,data/extracted/KolektorSDD2/train/11377_GT.png,False,6fe2d6652b33b4a5d631435dc7b8d895320e899bced8a84a8226d2e9c2cba74a
train-11378,train,train,data/extracted/KolektorSDD2/train/11378.png,data/extracted/KolektorSDD2/train/11378_GT.png,False,1bfc492095249100bcd66f6169565230b59690a859da15ab35c22c55e89926b5
train-11379,train,train,data/extracted/KolektorSDD2/train/11379.png,data/extracted/KolektorSDD2/train/11379_GT.png,False,a9d1cfc822f633b194b72fb4185c393dd74f0f171184e3ecfaf102e704b31fba
train-11380,train,validation,data/extracted/KolektorSDD2/train/11380.png,data/extracted/KolektorSDD2/train/11380_GT.png,False,4d0514733b378094c1e0766c30b3cc6cb99b98beaf7741c029a3a118dc0d4ff6
train-11381,train,train,data/extracted/KolektorSDD2/train/11381.png,data/extracted/KolektorSDD2/train/11381_GT.png,False,87724b3dbc9a1fe16d688fa99bba3af32a40ce81753c14df5bcf1514b80e7d1e
train-11382,train,train,data/extracted/KolektorSDD2/train/11382.png,data/extracted/KolektorSDD2/train/11382_GT.png,False,b1db4ae57e652fd76d674a6330b9f8da8e54b4191ab2227da6e416667eb8c043
train-11383,train,train,data/extracted/KolektorSDD2/train/11383.png,data/extracted/KolektorSDD2/train/11383_GT.png,False,a034b9254eef27c2c3fa0d5130c0396a9921f2cbe04c46cf18c5968858616393
train-11384,train,train,data/extracted/KolektorSDD2/train/11384.png,data/extracted/KolektorSDD2/train/11384_GT.png,False,6869c2618e76bf8a67eb83d25a8e6acd57cd83f4a3e195f561a82030102df01f
train-11385,train,train,data/extracted/KolektorSDD2/train/11385.png,data/extracted/KolektorSDD2/train/11385_GT.png,False,573825d4c496516fc4df9cfa87b063658313d5db67c2a07276fcec87e343245d
train-11386,train,train,data/extracted/KolektorSDD2/train/11386.png,data/extracted/KolektorSDD2/train/11386_GT.png,True,682b23fdf807763e932ef4c8d871e6b4d320f12362faf5c699b2ae5d4e816c53
train-11387,train,train,data/extracted/KolektorSDD2/train/11387.png,data/extracted/KolektorSDD2/train/11387_GT.png,False,8119b33cf65bd5cb8bef53e86ed9832a3b5583a1ff694d972f0965a6ac378731
train-11388,train,train,data/extracted/KolektorSDD2/train/11388.png,data/extracted/KolektorSDD2/train/11388_GT.png,True,96516efa5ea988c131af3fb861595a56643a9a7fbc4d552ea20a3f887ffbfb6d
train-11389,train,train,data/extracted/KolektorSDD2/train/11389.png,data/extracted/KolektorSDD2/train/11389_GT.png,False,e3adfb556c41122f8d4221f84391bf59471ba5c9a70225f6720ac8cfb9bf21b3
train-11390,train,validation,data/extracted/KolektorSDD2/train/11390.png,data/extracted/KolektorSDD2/train/11390_GT.png,False,91e6fb6af35479d5e353ce2f1eb5dad0af8e16753057b2b7598c6c154dff8bb7
train-11391,train,train,data/extracted/KolektorSDD2/train/11391.png,data/extracted/KolektorSDD2/train/11391_GT.png,False,fc8e4dd009b8301b6ae433216249221e4021eeba10daf2caab73f3dbee5a533c
train-11392,train,train,data/extracted/KolektorSDD2/train/11392.png,data/extracted/KolektorSDD2/train/11392_GT.png,False,932a944e1b2a620385655ac4cf965720cf8cfd3b9eee7e796e30bd483659c77a
train-11393,train,train,data/extracted/KolektorSDD2/train/11393.png,data/extracted/KolektorSDD2/train/11393_GT.png,False,c4281292bf0c2859692a08b561a838310e13caf4d854979158a316f5ab4f6e2f
train-11394,train,train,data/extracted/KolektorSDD2/train/11394.png,data/extracted/KolektorSDD2/train/11394_GT.png,False,9c9e52feb3915615c3186c6fb8509bb32c4c66138e0279c33239be5fe47ddadb
train-11395,train,train,data/extracted/KolektorSDD2/train/11395.png,data/extracted/KolektorSDD2/train/11395_GT.png,False,9d3addabe6aaf3b2faba8ded4c8ff562e97cfd1932abff6393e92703c62853f2
train-11396,train,train,data/extracted/KolektorSDD2/train/11396.png,data/extracted/KolektorSDD2/train/11396_GT.png,False,6ad2c8fac0a1060ccea147f7e9f31934594fa70185ab0d40c00af506a8e66acc
train-11397,train,train,data/extracted/KolektorSDD2/train/11397.png,data/extracted/KolektorSDD2/train/11397_GT.png,False,ac0e47e311ec70b210cd65ec7a14d9bb227f56eafd34857ca97ad5e504da7042
train-11398,train,validation,data/extracted/KolektorSDD2/train/11398.png,data/extracted/KolektorSDD2/train/11398_GT.png,True,590f4939e4cf6d49fdc00b0a5f368060e56c0432bb7477a54d9181f4bcc508b2
train-11399,train,train,data/extracted/KolektorSDD2/train/11399.png,data/extracted/KolektorSDD2/train/11399_GT.png,False,c89594efa4fde2c66817ffd2987269a8f299aa03e3c59b42ea238e6fbbb7d610
train-11400,train,train,data/extracted/KolektorSDD2/train/11400.png,data/extracted/KolektorSDD2/train/11400_GT.png,False,73f2153b5638dc29e7a0b9c7d85217cb87d5d910f1795a6cb1de63ac0ec0f810
train-11401,train,train,data/extracted/KolektorSDD2/train/11401.png,data/extracted/KolektorSDD2/train/11401_GT.png,False,735ea3e67f69e912f31e5b5688559d9fe8b22b8b0c305a848ea492095ed75031
train-11402,train,train,data/extracted/KolektorSDD2/train/11402.png,data/extracted/KolektorSDD2/train/11402_GT.png,False,0dda144698c1d3ab636381d96d520d382570227d1841fa25f20dba3698954975
train-11403,train,train,data/extracted/KolektorSDD2/train/11403.png,data/extracted/KolektorSDD2/train/11403_GT.png,False,10e9625315d43efee144ef7657578a293d3ad98399251b2489e5b9ea4a813be3
train-11404,train,validation,data/extracted/KolektorSDD2/train/11404.png,data/extracted/KolektorSDD2/train/11404_GT.png,True,dcc2e84a6763d736db36b05922ad65ae9a89a2fcceae195586001dab9cc69de6
train-11405,train,validation,data/extracted/KolektorSDD2/train/11405.png,data/extracted/KolektorSDD2/train/11405_GT.png,False,a8e328100f8302b64f354bf0bde52b7f7a30deff8a05dba32ab7f991610044bf
train-11406,train,train,data/extracted/KolektorSDD2/train/11406.png,data/extracted/KolektorSDD2/train/11406_GT.png,False,f59a1f4488379919c28ed0adaaa3df827dcdc29a9544a8ca398386bfbfb46c1b
train-11407,train,train,data/extracted/KolektorSDD2/train/11407.png,data/extracted/KolektorSDD2/train/11407_GT.png,False,b551dba487be8cffbaccbee65976b54f8920957bacbec7b5a782f8f8e82a4952
train-11408,train,train,data/extracted/KolektorSDD2/train/11408.png,data/extracted/KolektorSDD2/train/11408_GT.png,False,272751fe8bb81e459858c26cd98a4eb68ec8545ad55eee39b6da69bf123a49ab
train-11409,train,train,data/extracted/KolektorSDD2/train/11409.png,data/extracted/KolektorSDD2/train/11409_GT.png,False,6fa128bf25003302dfdacabd0a174178e83941cfe300ae5de4a518f1c99a5269
train-11410,train,train,data/extracted/KolektorSDD2/train/11410.png,data/extracted/KolektorSDD2/train/11410_GT.png,False,4a8846d67599486390cdd2cf0b8efae3a61e86a51d56bb672f7174db225691c9
train-11411,train,train,data/extracted/KolektorSDD2/train/11411.png,data/extracted/KolektorSDD2/train/11411_GT.png,False,f528436a8759504d196ad2fbe878a25b80ef16f858500064956e7be23e1475ac
train-11412,train,train,data/extracted/KolektorSDD2/train/11412.png,data/extracted/KolektorSDD2/train/11412_GT.png,False,df37b1f489d0199efb99dbc11d440cea90c78a43d79cc279f5ac15bdd198e2db
train-11413,train,train,data/extracted/KolektorSDD2/train/11413.png,data/extracted/KolektorSDD2/train/11413_GT.png,False,cc8bd6b42fb472a2f192d7c0a07ebd6f93bb544821658c65a8d673f4bc32b0d6
train-11414,train,train,data/extracted/KolektorSDD2/train/11414.png,data/extracted/KolektorSDD2/train/11414_GT.png,False,7521b056a60aee182402b960ad970d538e87edffca71e9d1bb7a550a0061d78b
train-11415,train,train,data/extracted/KolektorSDD2/train/11415.png,data/extracted/KolektorSDD2/train/11415_GT.png,False,5a568a702a4a6a9533f271a0d7c3354861e971a259dff1d81341ff7005d93fe4
train-11416,train,train,data/extracted/KolektorSDD2/train/11416.png,data/extracted/KolektorSDD2/train/11416_GT.png,False,c766d09f50140f82266102049dadf7c2a49f0bc21ab65acfeb2d83b7797c8a73
train-11417,train,train,data/extracted/KolektorSDD2/train/11417.png,data/extracted/KolektorSDD2/train/11417_GT.png,True,8f32baebc18574509ccde878ff4e6c47a2628b19b73e1a64a62a300c7802a617
train-11418,train,train,data/extracted/KolektorSDD2/train/11418.png,data/extracted/KolektorSDD2/train/11418_GT.png,False,af5444e0ac300457ef73f0b32883b4c1b61e4cf6296b99a6bea29a2b25d93a69
train-11419,train,train,data/extracted/KolektorSDD2/train/11419.png,data/extracted/KolektorSDD2/train/11419_GT.png,False,9b77a4eaacebc471dc775515d80013797be06841b7eb80066bf5d6961563395e
train-11420,train,train,data/extracted/KolektorSDD2/train/11420.png,data/extracted/KolektorSDD2/train/11420_GT.png,False,1d612444566a40297148a72fd426e92bad1eaee8e246a42ccdd48e55bbdefc03
train-11421,train,train,data/extracted/KolektorSDD2/train/11421.png,data/extracted/KolektorSDD2/train/11421_GT.png,False,e95c371d883067049ee515fab763b3f7aea658104be05a480cfd70b9fa85e84c
train-11422,train,train,data/extracted/KolektorSDD2/train/11422.png,data/extracted/KolektorSDD2/train/11422_GT.png,False,23ea8ad69949a63b6cff902597e1363dac6b34fc3d5283d7d07eff9be6e4a47e
train-11423,train,train,data/extracted/KolektorSDD2/train/11423.png,data/extracted/KolektorSDD2/train/11423_GT.png,False,188d3bdc83f4f3bff5977cde36bd98e2b38f66c6462061d7d98c9fd7d36e811b
train-11424,train,validation,data/extracted/KolektorSDD2/train/11424.png,data/extracted/KolektorSDD2/train/11424_GT.png,False,5963df20baedddaba59d2cdaa8b2dc56b3f0c787a2b77eb25b836878daf5f71c
train-11425,train,validation,data/extracted/KolektorSDD2/train/11425.png,data/extracted/KolektorSDD2/train/11425_GT.png,False,82a66a95cb62ba7e4b3f7048aed04181945e67a52e4bbefa492fb75d9ecf5cab
train-11426,train,train,data/extracted/KolektorSDD2/train/11426.png,data/extracted/KolektorSDD2/train/11426_GT.png,False,c864eeefa3707242986de295d643244c69866baac66ba9248376de49914d7b56
train-11427,train,train,data/extracted/KolektorSDD2/train/11427.png,data/extracted/KolektorSDD2/train/11427_GT.png,False,e169306add9d2c5b8a6cab232793126e88b56b80c602e2879c8fe46f983d45d2
train-11428,train,train,data/extracted/KolektorSDD2/train/11428.png,data/extracted/KolektorSDD2/train/11428_GT.png,False,90f12534254c0f1fc04514809edca78c405c9fb9182f27152215f87f3b7a5e29
train-11429,train,train,data/extracted/KolektorSDD2/train/11429.png,data/extracted/KolektorSDD2/train/11429_GT.png,False,aae7da573775e625addd5dfd3a9df409eb1e9bb4803069bf2f4bf087da890367
train-11430,train,train,data/extracted/KolektorSDD2/train/11430.png,data/extracted/KolektorSDD2/train/11430_GT.png,True,f0ce07482cc6dbd31fcba7cef0adb01adb6b30abb3980ec06be2a1de4003f104
train-11431,train,train,data/extracted/KolektorSDD2/train/11431.png,data/extracted/KolektorSDD2/train/11431_GT.png,False,786ef85827f403209d0848582219deed4b2b0fa84efda7405a10d6ffde2f2896
train-11432,train,train,data/extracted/KolektorSDD2/train/11432.png,data/extracted/KolektorSDD2/train/11432_GT.png,True,1662cbc6bf4b272b529751a145b61a456f60dad1109089ca50f2ee809c1b60de
train-11433,train,train,data/extracted/KolektorSDD2/train/11433.png,data/extracted/KolektorSDD2/train/11433_GT.png,False,6b743e6c3decc7d6ef6e32f66995f4a40ed7722cdbcd001b70259b715a0dd84c
train-11434,train,train,data/extracted/KolektorSDD2/train/11434.png,data/extracted/KolektorSDD2/train/11434_GT.png,False,3c2b9a67adc4b57be64d2214e28985a133f753eaebda9b8da076d31ce182f7f8
train-11435,train,train,data/extracted/KolektorSDD2/train/11435.png,data/extracted/KolektorSDD2/train/11435_GT.png,False,90e99f31e95c28147a8ebedfc6f8a261ddacc8f3d7bb5765daeffdcc2874696e
train-11436,train,train,data/extracted/KolektorSDD2/train/11436.png,data/extracted/KolektorSDD2/train/11436_GT.png,False,88d2e021383f57481fae1d0e211a0b109f4e2159e7f1387bc99aa07881ed0848
train-11437,train,train,data/extracted/KolektorSDD2/train/11437.png,data/extracted/KolektorSDD2/train/11437_GT.png,False,0975f139341761e0e781fc6931702c6db5785bc06acca00c842d6b93ad92d6c8
train-11438,train,validation,data/extracted/KolektorSDD2/train/11438.png,data/extracted/KolektorSDD2/train/11438_GT.png,False,0e5999273fa4667b23ebdadd4cd294b1319debf2f3f47e7243959c4c783a288b
train-11439,train,train,data/extracted/KolektorSDD2/train/11439.png,data/extracted/KolektorSDD2/train/11439_GT.png,False,ceb5f7f139ae9479492b87a6f42d4a6e233d7f9a47a0ca0de2a4a71dac86a573
train-11440,train,train,data/extracted/KolektorSDD2/train/11440.png,data/extracted/KolektorSDD2/train/11440_GT.png,False,3f3888ec0dc15107e6b88db61d2cb203c2c3033b8e2ab29e82bf999aec01f37a
train-11441,train,train,data/extracted/KolektorSDD2/train/11441.png,data/extracted/KolektorSDD2/train/11441_GT.png,False,e22649d06a21ec4506ca72a48435ccbb5661c3f75f34f735b59c0ef70290982f
train-11442,train,train,data/extracted/KolektorSDD2/train/11442.png,data/extracted/KolektorSDD2/train/11442_GT.png,False,23a6679aa3cc3c2a77b364589d62358351b8e62963a76789dd9a8ee86640e088
train-11443,train,train,data/extracted/KolektorSDD2/train/11443.png,data/extracted/KolektorSDD2/train/11443_GT.png,False,6c1909bf02b2a420346ea28b855c8f6f80ec7237b98fe824e96e5289d57f2cf3
train-11444,train,train,data/extracted/KolektorSDD2/train/11444.png,data/extracted/KolektorSDD2/train/11444_GT.png,True,a914641b306641049ac62f83c740da17c18c4410952ad872eb079f44af9b35e1
train-11445,train,train,data/extracted/KolektorSDD2/train/11445.png,data/extracted/KolektorSDD2/train/11445_GT.png,False,3b6e20bc0c6de6bb5c286688571906c6557bea51262176889ab7f59f44fd5ffb
train-11446,train,train,data/extracted/KolektorSDD2/train/11446.png,data/extracted/KolektorSDD2/train/11446_GT.png,False,d51944f94e23c9b038bcb3a4f9f060ed55e33f8c418d0cecaea330f1a96efc82
train-11447,train,train,data/extracted/KolektorSDD2/train/11447.png,data/extracted/KolektorSDD2/train/11447_GT.png,True,e5723651aa8332089211e5f42fece09e1bc6b864fb53ad76011f7d9fb6329393
train-11448,train,validation,data/extracted/KolektorSDD2/train/11448.png,data/extracted/KolektorSDD2/train/11448_GT.png,False,af42da9d806af54c4251c21de01cbda2dd9d9628e95b790a4a73112015c280d5
train-11449,train,train,data/extracted/KolektorSDD2/train/11449.png,data/extracted/KolektorSDD2/train/11449_GT.png,False,118465f39856ac0d0e3bee516780507478ca5a177ae64281bd002963ad34b827
train-11450,train,train,data/extracted/KolektorSDD2/train/11450.png,data/extracted/KolektorSDD2/train/11450_GT.png,False,3ed4f3f5f5a9602d48af01956763ceb6e79fe841e747fcee55294131242f6df4
train-11451,train,train,data/extracted/KolektorSDD2/train/11451.png,data/extracted/KolektorSDD2/train/11451_GT.png,False,88b95f1eeaa4ed4e4494b4c1fac84d5fad3f8ff677bdd8ac44ee9275d7ce09f0
train-11452,train,train,data/extracted/KolektorSDD2/train/11452.png,data/extracted/KolektorSDD2/train/11452_GT.png,False,bb22560809b5838b44f0d77cbe3b8c39c30090e162a8ba2fce42fc31c7fb2c59
train-11453,train,train,data/extracted/KolektorSDD2/train/11453.png,data/extracted/KolektorSDD2/train/11453_GT.png,False,25fdfbe13b63ae4848b664dc1d9bb9168fc952bff1ded76c2e957f21cfbcc597
train-11454,train,validation,data/extracted/KolektorSDD2/train/11454.png,data/extracted/KolektorSDD2/train/11454_GT.png,False,18e0be502fc1cf7162712f2d34a63b5131e957d4dfa5a8a77af416472c96a6bd
train-11455,train,train,data/extracted/KolektorSDD2/train/11455.png,data/extracted/KolektorSDD2/train/11455_GT.png,False,5f9dbfbe05e06c40c15011ef8c5ec5a08dd59156dd3d5a61b00d94c186621be5
train-11456,train,train,data/extracted/KolektorSDD2/train/11456.png,data/extracted/KolektorSDD2/train/11456_GT.png,False,34e990c6075414a429d7700310f39620552dae6511c67a3374f366cf5765008c
train-11457,train,train,data/extracted/KolektorSDD2/train/11457.png,data/extracted/KolektorSDD2/train/11457_GT.png,False,b83cf7a978a8442dd57c8c98a5545b54974d4a57e123cc744403da189d127971
train-11458,train,train,data/extracted/KolektorSDD2/train/11458.png,data/extracted/KolektorSDD2/train/11458_GT.png,True,d64bdf8e8f574587813bea0641468a41186b108d208607ee6d627a03a5c937c6
train-11459,train,train,data/extracted/KolektorSDD2/train/11459.png,data/extracted/KolektorSDD2/train/11459_GT.png,False,c341a93e66fbb3a9d751fb7ce2b7d0b847345c2513a7d96b3f39665f287475f0
train-11460,train,train,data/extracted/KolektorSDD2/train/11460.png,data/extracted/KolektorSDD2/train/11460_GT.png,False,43d76ef92dc5621692b9c866339a2cb17262044373106ed121aedc2929584cbc
train-11461,train,train,data/extracted/KolektorSDD2/train/11461.png,data/extracted/KolektorSDD2/train/11461_GT.png,False,46d219041d01e612992576fcbc58ad5bc7153b598609ff47a72a55f96bd0c8be
train-11462,train,validation,data/extracted/KolektorSDD2/train/11462.png,data/extracted/KolektorSDD2/train/11462_GT.png,False,c3e7b434ca0e4fdabbee5ec63b8fd88dec2962710d4b9e36d191279b3cb2b18d
train-11463,train,train,data/extracted/KolektorSDD2/train/11463.png,data/extracted/KolektorSDD2/train/11463_GT.png,False,9a803bd1e34d19a781b45ce33329836f6395b53636a844b79aa3199e67398fd5
train-11464,train,train,data/extracted/KolektorSDD2/train/11464.png,data/extracted/KolektorSDD2/train/11464_GT.png,False,8deeb119f1280f2ec9ed5ef41e4e4ddef9fe31b4c46cbe7b59af3830118c4bea
train-11465,train,train,data/extracted/KolektorSDD2/train/11465.png,data/extracted/KolektorSDD2/train/11465_GT.png,False,b91fbc66fa8eeae25a7b55bfd2825ccabe674aa3ecbbc57cfe76b2c952a1bc8a
train-11466,train,train,data/extracted/KolektorSDD2/train/11466.png,data/extracted/KolektorSDD2/train/11466_GT.png,False,6de6ec21ad7005ad6755ce0f2b0f4dd5e57495f8b3e5450df8ade78a5b17594c
train-11467,train,train,data/extracted/KolektorSDD2/train/11467.png,data/extracted/KolektorSDD2/train/11467_GT.png,False,bfc4ecc316ce21f1823d61f82a6ee674f2014c20d081385b73f0aabc4c46bc7e
train-11468,train,train,data/extracted/KolektorSDD2/train/11468.png,data/extracted/KolektorSDD2/train/11468_GT.png,False,184ae3618a34e3b84f631609a27c0ee6d19baccd2240bf33b6978db5092c9676
train-11469,train,train,data/extracted/KolektorSDD2/train/11469.png,data/extracted/KolektorSDD2/train/11469_GT.png,False,ec3f09f0f58852a0cbb1c4c03c5877ca34170ea59ec776ee3d925e6c87f808eb
train-11470,train,train,data/extracted/KolektorSDD2/train/11470.png,data/extracted/KolektorSDD2/train/11470_GT.png,False,cb5d7f627c927c3ebb8522e36d23a97e84f0e9a2f3d6ed91882806e4d7b13b03
train-11471,train,validation,data/extracted/KolektorSDD2/train/11471.png,data/extracted/KolektorSDD2/train/11471_GT.png,False,827569a5f0be8a2f3a056c3292b8c5be64fa70114591591994cc2472a36d602f
train-11472,train,train,data/extracted/KolektorSDD2/train/11472.png,data/extracted/KolektorSDD2/train/11472_GT.png,False,2c8ce87e3b28bf47b59325ff8354b8e98d32ad04699d175c53703f7c089c6fb2
train-11473,train,validation,data/extracted/KolektorSDD2/train/11473.png,data/extracted/KolektorSDD2/train/11473_GT.png,False,439007d25f196dbdd5e1d6b2360e78bafd849724e70ea3435e964039e3ebf352
train-11474,train,train,data/extracted/KolektorSDD2/train/11474.png,data/extracted/KolektorSDD2/train/11474_GT.png,False,e71800fc4f3da859659d1c9f4996cf2a94e72255e876ea2dc903705c00b002b7
train-11475,train,train,data/extracted/KolektorSDD2/train/11475.png,data/extracted/KolektorSDD2/train/11475_GT.png,False,deeb1b19f4a57b05394e9d77e97a8beb43fafd8ee2579fe942286fc8cea6a19f
train-11476,train,train,data/extracted/KolektorSDD2/train/11476.png,data/extracted/KolektorSDD2/train/11476_GT.png,False,36d9f8675428a775b876d16960d4f91671752d28b0275ec24aea882fbdba24ba
train-11477,train,train,data/extracted/KolektorSDD2/train/11477.png,data/extracted/KolektorSDD2/train/11477_GT.png,True,88dbee04bc0b705ea4190670c7e9ee3acd7c24aebff6e577e5f1c22792eb2ebf
train-11478,train,validation,data/extracted/KolektorSDD2/train/11478.png,data/extracted/KolektorSDD2/train/11478_GT.png,False,b3e61524080b4f0c0464a0b19d85d999a5aa73312416ee24e8837fc698572e8a
train-11479,train,validation,data/extracted/KolektorSDD2/train/11479.png,data/extracted/KolektorSDD2/train/11479_GT.png,False,8ee5d677e8227f65aa17b15fc40115475d68932ad03fe4b058edfcaa75e494c3
train-11480,train,validation,data/extracted/KolektorSDD2/train/11480.png,data/extracted/KolektorSDD2/train/11480_GT.png,False,87673e3d81c6a78faabb6c83f61f1a9cb4d8ff5ee367ea9043c09198c35dd224
train-11481,train,train,data/extracted/KolektorSDD2/train/11481.png,data/extracted/KolektorSDD2/train/11481_GT.png,True,23a1a2d8f35efa8e19b05882d371496e944a0161792206b96e68da7e61671bb4
train-11482,train,train,data/extracted/KolektorSDD2/train/11482.png,data/extracted/KolektorSDD2/train/11482_GT.png,True,aa4643c3ef18280e5fd0278c70b5de9acf76d54b66caec6674d8dcd8e55297db
train-11483,train,validation,data/extracted/KolektorSDD2/train/11483.png,data/extracted/KolektorSDD2/train/11483_GT.png,False,77fd01bd4d29d300441dec02c427bd8ecc2abc6162a67ed934492d47e6912ce7
train-11484,train,train,data/extracted/KolektorSDD2/train/11484.png,data/extracted/KolektorSDD2/train/11484_GT.png,False,bdc7647d80d1c08fe7444846d8e2c31fbf614da58418e7b4b64b662fcc733538
train-11485,train,train,data/extracted/KolektorSDD2/train/11485.png,data/extracted/KolektorSDD2/train/11485_GT.png,False,f1dad0001209626dbdcfcdeec980164933d636ac09a06d2dafe44ab0a89af68f
train-11486,train,train,data/extracted/KolektorSDD2/train/11486.png,data/extracted/KolektorSDD2/train/11486_GT.png,False,1873e794e9edefa6da81a76b9b659c47966a772854d18f3efd7ad653ae576b29
train-11487,train,train,data/extracted/KolektorSDD2/train/11487.png,data/extracted/KolektorSDD2/train/11487_GT.png,False,1ed8629167fd3eac7ba7d8c0280562c19b228c65879ba8371940a00f3cd2a851
train-11488,train,train,data/extracted/KolektorSDD2/train/11488.png,data/extracted/KolektorSDD2/train/11488_GT.png,False,4d70c31a899508747909e3d6f1bd02f8b094db493e4dea4f25735fe15aff6469
train-11489,train,train,data/extracted/KolektorSDD2/train/11489.png,data/extracted/KolektorSDD2/train/11489_GT.png,False,24861dc6f498a2d3b31d157ab3a90f16a4e3dea116d12a2ad72891efdb9e21ad
train-11490,train,validation,data/extracted/KolektorSDD2/train/11490.png,data/extracted/KolektorSDD2/train/11490_GT.png,False,8861e1f6f5629d2cd23810fcd042784cd68092cdaa6e9532f52e9ac8494fe54b
train-11491,train,train,data/extracted/KolektorSDD2/train/11491.png,data/extracted/KolektorSDD2/train/11491_GT.png,False,0380d3f49e8e57ba0f4c74bd65a53048064db5e1360d713e8419f7f0df1c36cc
train-11492,train,train,data/extracted/KolektorSDD2/train/11492.png,data/extracted/KolektorSDD2/train/11492_GT.png,False,7d083087ebbe1a496c2d2f616ba06d4ef72fc7690130158523ad130970842e91
train-11493,train,validation,data/extracted/KolektorSDD2/train/11493.png,data/extracted/KolektorSDD2/train/11493_GT.png,False,90f7b6b814b449b87fedf701f399e0fd41ed1a7fb28fcc7d50e166fae3847cf8
train-11494,train,train,data/extracted/KolektorSDD2/train/11494.png,data/extracted/KolektorSDD2/train/11494_GT.png,False,7745b20750dd1f13293c158d2cc6944f7998fe325de7b340f5fd8be24ff0afae
train-11495,train,train,data/extracted/KolektorSDD2/train/11495.png,data/extracted/KolektorSDD2/train/11495_GT.png,False,13ddd0be7da516cb664017a8335cb8c57a1018943e1148a40e74332f144f53d1
train-11496,train,train,data/extracted/KolektorSDD2/train/11496.png,data/extracted/KolektorSDD2/train/11496_GT.png,False,731d36e6175160af42e209a375bdebf35879cbf43ec7521e76805ed911acc797
train-11497,train,train,data/extracted/KolektorSDD2/train/11497.png,data/extracted/KolektorSDD2/train/11497_GT.png,False,ebfd831eab848c081deb8a4071e4df94c5fb32bafd0722add4a59d977eaadbe8
train-11498,train,train,data/extracted/KolektorSDD2/train/11498.png,data/extracted/KolektorSDD2/train/11498_GT.png,False,69c750c4f6d55f61b007c52e58fa2af44e7f8d233c8cfb93b7626ebfead497ba
train-11499,train,train,data/extracted/KolektorSDD2/train/11499.png,data/extracted/KolektorSDD2/train/11499_GT.png,False,6e811cd15c554781e0c2209e80854106e6c534d76337a42ff78a4de6974c2e07
train-11500,train,validation,data/extracted/KolektorSDD2/train/11500.png,data/extracted/KolektorSDD2/train/11500_GT.png,True,a3cbd56bfb2a0a0808b56549186a56ee4ab16d672a8ff85f6ec73e2bea357173
train-11501,train,train,data/extracted/KolektorSDD2/train/11501.png,data/extracted/KolektorSDD2/train/11501_GT.png,False,4d92d02293e3752854dd80a5774f47e904e5b3bc049818bf2d2882b7ee4c2e35
train-11502,train,train,data/extracted/KolektorSDD2/train/11502.png,data/extracted/KolektorSDD2/train/11502_GT.png,False,9fd5d7762f017d6ba1a51e4896b5f5fb91709ea7c02f97762e3566d0a87628dd
train-11503,train,train,data/extracted/KolektorSDD2/train/11503.png,data/extracted/KolektorSDD2/train/11503_GT.png,False,a4aadbd96166bc8a525cdf23cdedcf8f027c817a0017cf9b2046edd5f8459cf8
train-11504,train,train,data/extracted/KolektorSDD2/train/11504.png,data/extracted/KolektorSDD2/train/11504_GT.png,False,64144eeba6047ca1cc13f2abc7ae0a0344866dc5f188c2c42f1fadb5d85cedfa
train-11505,train,train,data/extracted/KolektorSDD2/train/11505.png,data/extracted/KolektorSDD2/train/11505_GT.png,False,8a9c38b5a311e5dd446bab68af72e8bd276b951294ef78d1ab604f7d95c21071
train-11506,train,train,data/extracted/KolektorSDD2/train/11506.png,data/extracted/KolektorSDD2/train/11506_GT.png,True,1e492c7bfaf5d8480c29cfe5f225ba45f458b18623edea1ba8caeb6449c105c5
train-11507,train,train,data/extracted/KolektorSDD2/train/11507.png,data/extracted/KolektorSDD2/train/11507_GT.png,False,95c7363e220469ad6e6e28f212c21406004835341508a943d4334a71f8f598ba
train-11508,train,train,data/extracted/KolektorSDD2/train/11508.png,data/extracted/KolektorSDD2/train/11508_GT.png,False,29075fd5790a0d70a3f9f9e8a1129813dd6e7249f24e6a04b7db0a1d057fc657
train-11509,train,train,data/extracted/KolektorSDD2/train/11509.png,data/extracted/KolektorSDD2/train/11509_GT.png,False,3c571452432240cab73d01014d661b249698095cc38c22c5551c3b49f392f708
train-11510,train,train,data/extracted/KolektorSDD2/train/11510.png,data/extracted/KolektorSDD2/train/11510_GT.png,False,e32feea0beb957e5cfe0352b8f0fdbc05110de9ff82a642b4901fbfd4044d7cb
train-11511,train,train,data/extracted/KolektorSDD2/train/11511.png,data/extracted/KolektorSDD2/train/11511_GT.png,False,9ff549c10d9c40e60453bc8ea95c5ead0b54e799ecea632eed8718c120d57623
train-11512,train,train,data/extracted/KolektorSDD2/train/11512.png,data/extracted/KolektorSDD2/train/11512_GT.png,True,c8db30d32a016c684174f3cd734ae4dec5e7bda53bd540848ecef95e3ac2d180
train-11513,train,train,data/extracted/KolektorSDD2/train/11513.png,data/extracted/KolektorSDD2/train/11513_GT.png,False,b5b9cd3bfef05a896621a24ff19e56045716a978a3182d6ee89c88addf50edc4
train-11514,train,train,data/extracted/KolektorSDD2/train/11514.png,data/extracted/KolektorSDD2/train/11514_GT.png,False,78d7d35c40ba85030812d4b4d65f94997a91c4d2e3644f37424692214206755b
train-11515,train,train,data/extracted/KolektorSDD2/train/11515.png,data/extracted/KolektorSDD2/train/11515_GT.png,False,0cf0e1ac92ec1777f476fb2190f609cf7b52063bd5611d9b524c290417ab433e
train-11516,train,train,data/extracted/KolektorSDD2/train/11516.png,data/extracted/KolektorSDD2/train/11516_GT.png,False,0da051c33301513da21aa0d0bc6d3838b1e1c9465f9069a7f5d154f54f369e96
train-11517,train,validation,data/extracted/KolektorSDD2/train/11517.png,data/extracted/KolektorSDD2/train/11517_GT.png,False,8e60b657429af799af7fdc482c64ab3f9bf7228f3b96ae00122b9a8176f70638
train-11518,train,train,data/extracted/KolektorSDD2/train/11518.png,data/extracted/KolektorSDD2/train/11518_GT.png,False,e5c3c325abb4f1cb88926fe3175338dc7b3b456062669b2d1deede10b4e22abc
train-11519,train,validation,data/extracted/KolektorSDD2/train/11519.png,data/extracted/KolektorSDD2/train/11519_GT.png,False,bc1481139e207f4fea5d2d95b14c1e433e4503d30acc738f11684bc93b333c67
train-11520,train,train,data/extracted/KolektorSDD2/train/11520.png,data/extracted/KolektorSDD2/train/11520_GT.png,False,c96efd35caf89c93d631aa679d234f6dae31e802f20f0d8c25e4d4d446d10fd4
train-11521,train,train,data/extracted/KolektorSDD2/train/11521.png,data/extracted/KolektorSDD2/train/11521_GT.png,False,164b1579a5776c527b71875947fbe478b38f2b724cef82e64a0fc0013b48162c
train-11522,train,train,data/extracted/KolektorSDD2/train/11522.png,data/extracted/KolektorSDD2/train/11522_GT.png,False,1797c2deeebd2e52a746afb736dd41d7ba3d57bf57717132894dcc2d9fec9215
train-11523,train,train,data/extracted/KolektorSDD2/train/11523.png,data/extracted/KolektorSDD2/train/11523_GT.png,False,b65ceedc35e4babe539b85aac6b482d45e2f4861f359fc4c4b7426ebcbae7a11
train-11524,train,train,data/extracted/KolektorSDD2/train/11524.png,data/extracted/KolektorSDD2/train/11524_GT.png,False,ae6302e4ef7baed87aee4cc73ad2fba304a1e8f1bb7e7092ff275e4d4c5828e7
train-11525,train,validation,data/extracted/KolektorSDD2/train/11525.png,data/extracted/KolektorSDD2/train/11525_GT.png,False,875d6d4682adbd6e69f254e62360ddd26752bae928d9e33ee7ae7da89f7f4265
train-11526,train,train,data/extracted/KolektorSDD2/train/11526.png,data/extracted/KolektorSDD2/train/11526_GT.png,False,89795137740696b7adbab4f943508f412d41af4dbe3a76298a0bc13e5fd4946d
train-11527,train,train,data/extracted/KolektorSDD2/train/11527.png,data/extracted/KolektorSDD2/train/11527_GT.png,False,16b2777e196b5a07a96f856016768dbb91bb7bc99405e04765ea00a669ddaf55
train-11528,train,train,data/extracted/KolektorSDD2/train/11528.png,data/extracted/KolektorSDD2/train/11528_GT.png,False,01c4d214d87d0c49d0f03ed32408549feedbe7d47965f134b127aba9b2129ae8
train-11529,train,train,data/extracted/KolektorSDD2/train/11529.png,data/extracted/KolektorSDD2/train/11529_GT.png,False,891e8370c4b75f2c28e6aa48e24a2fd36f23e920ace96b11d29bdfd3eb9d2fc2
train-11530,train,train,data/extracted/KolektorSDD2/train/11530.png,data/extracted/KolektorSDD2/train/11530_GT.png,False,8caa7527e7d553f392c4dad88f5018dfe03d7a9bae40a1424b5a34147a319f79
train-11531,train,train,data/extracted/KolektorSDD2/train/11531.png,data/extracted/KolektorSDD2/train/11531_GT.png,False,91d3a1c2cc095904a61b5789745ee74f1aee0a68fc0942ed6feffc2e76d4d238
train-11532,train,train,data/extracted/KolektorSDD2/train/11532.png,data/extracted/KolektorSDD2/train/11532_GT.png,False,51c42bb8cbafad4d6d7f4abaab3bf651ce17e5edc24edc5a43e93c11c35c159e
train-11533,train,train,data/extracted/KolektorSDD2/train/11533.png,data/extracted/KolektorSDD2/train/11533_GT.png,False,44c641cbc59f862aa978f0318d8c733403bcc10c014613ac407e379681da6be1
train-11534,train,validation,data/extracted/KolektorSDD2/train/11534.png,data/extracted/KolektorSDD2/train/11534_GT.png,False,9a13a5075f3e0037ef12158a219bad8e688fcf1cebb397e31c6e0b314f11bb56
train-11535,train,train,data/extracted/KolektorSDD2/train/11535.png,data/extracted/KolektorSDD2/train/11535_GT.png,False,f82e5e0797a0d651189da583e243b0c924987694411cadba10a429c500bf0ca8
train-11536,train,train,data/extracted/KolektorSDD2/train/11536.png,data/extracted/KolektorSDD2/train/11536_GT.png,False,9ba60aa6cce26b2ebf2d2debd8f71f0eab93ba95f67cf2f5438a6823bffe7481
train-11537,train,train,data/extracted/KolektorSDD2/train/11537.png,data/extracted/KolektorSDD2/train/11537_GT.png,False,e54f2f02926b3eb520c380f0f091a1348e82f939f83d5910c5776d335373107d
train-11538,train,train,data/extracted/KolektorSDD2/train/11538.png,data/extracted/KolektorSDD2/train/11538_GT.png,False,dac10b007dfeb717f0525d395c63ead06ebd252f20d0a1d2b1d36831c5f3d807
train-11539,train,train,data/extracted/KolektorSDD2/train/11539.png,data/extracted/KolektorSDD2/train/11539_GT.png,False,a4dce3e6c7aea9a72dd43a5bbab0aa8b6d79895e1efc5e9e796a1aac632840f8
train-11540,train,train,data/extracted/KolektorSDD2/train/11540.png,data/extracted/KolektorSDD2/train/11540_GT.png,False,3a83f1be8d951b5085499a2b154a7a2f5e872e4cf23564ee3a235fa51fa2ee0f
train-11541,train,train,data/extracted/KolektorSDD2/train/11541.png,data/extracted/KolektorSDD2/train/11541_GT.png,False,0a5a0bad471e2fd66855af92afdef69ae635f5194a0044335afb3f4daf90ae80
train-11542,train,train,data/extracted/KolektorSDD2/train/11542.png,data/extracted/KolektorSDD2/train/11542_GT.png,False,cd1d609c61ec2cd3b8a335cbfe78043a1be52dae101f9d15ccdb79fa4a0e0579
train-11543,train,train,data/extracted/KolektorSDD2/train/11543.png,data/extracted/KolektorSDD2/train/11543_GT.png,True,cd9a440a22d81d74eca89a17059d68054e07fed7929c9582975b07286e67fe7b
train-11544,train,train,data/extracted/KolektorSDD2/train/11544.png,data/extracted/KolektorSDD2/train/11544_GT.png,False,6fb5da048c699e950d9acd607e887f5d8f2bdc6915eb1765543c3f5326d8f452
train-11545,train,train,data/extracted/KolektorSDD2/train/11545.png,data/extracted/KolektorSDD2/train/11545_GT.png,False,6f306864a80457252e1b4ba0dc2c4a918c1f7896fb086bf7ce059183bffcb4d3
train-11546,train,train,data/extracted/KolektorSDD2/train/11546.png,data/extracted/KolektorSDD2/train/11546_GT.png,False,d4063eddaed5fd302f096242579f63d1264fe7278895bcc4a87e02c37bd8cc88
train-11547,train,train,data/extracted/KolektorSDD2/train/11547.png,data/extracted/KolektorSDD2/train/11547_GT.png,False,69ec58ef51a58a64f6369076e79c751a06e0ed7ffe87466d120fe46316e62011
train-11548,train,train,data/extracted/KolektorSDD2/train/11548.png,data/extracted/KolektorSDD2/train/11548_GT.png,False,c3fa5a2f9a0b7591d8d1caf594731e559c85125074a1c32cd4e049eab3661070
train-11549,train,train,data/extracted/KolektorSDD2/train/11549.png,data/extracted/KolektorSDD2/train/11549_GT.png,True,6914727b2a6833a6ce056ab0f29600b2e451e6b9a8bc848b6949cc7440866d04
train-11550,train,train,data/extracted/KolektorSDD2/train/11550.png,data/extracted/KolektorSDD2/train/11550_GT.png,False,178da9778a68115a5d8a98f116d0404fb4c5f625631ac738ab12ac4b82d7644b
train-11551,train,validation,data/extracted/KolektorSDD2/train/11551.png,data/extracted/KolektorSDD2/train/11551_GT.png,False,44a27c32034b8693213000465f8331cf6610b684413c39eb1f0a6f08565916ed
train-11552,train,train,data/extracted/KolektorSDD2/train/11552.png,data/extracted/KolektorSDD2/train/11552_GT.png,False,bd5fd459a6eb3639e3bff1f16b4bda605a21b1db7a736ee8d7880d4d0539548b
train-11553,train,train,data/extracted/KolektorSDD2/train/11553.png,data/extracted/KolektorSDD2/train/11553_GT.png,True,f3322d30b44e70faf728b9c6ba868e616537502ee7345d1af1ee66e74dcadae8
train-11554,train,train,data/extracted/KolektorSDD2/train/11554.png,data/extracted/KolektorSDD2/train/11554_GT.png,False,3cd9b94020defb01dd774df8dffc6b0bc124a1a2b30054bf5a78bc51406626fd
train-11555,train,train,data/extracted/KolektorSDD2/train/11555.png,data/extracted/KolektorSDD2/train/11555_GT.png,False,e7186a2c24ced99f9f94970966b73806181882552dd67e7de44806e66f42e97e
train-11556,train,train,data/extracted/KolektorSDD2/train/11556.png,data/extracted/KolektorSDD2/train/11556_GT.png,False,e48ad6d10d5a5b7115159f44b159e2741415fca3a9d6bc4eda32d3abbdd62896
train-11557,train,train,data/extracted/KolektorSDD2/train/11557.png,data/extracted/KolektorSDD2/train/11557_GT.png,False,154c46994d8738b27766b617a3d93d2afc531613ef68ca4b1bb2792240d2cc73
train-11558,train,train,data/extracted/KolektorSDD2/train/11558.png,data/extracted/KolektorSDD2/train/11558_GT.png,False,7f356775f1085a13fed22151535b7f9ada76b302d8cb0505d80037d83772c3da
train-11559,train,validation,data/extracted/KolektorSDD2/train/11559.png,data/extracted/KolektorSDD2/train/11559_GT.png,False,d914a8a3f3b65aba14d778fceff31acde88a26a4779a1ee2dc0a470bc6e357ae
train-11560,train,train,data/extracted/KolektorSDD2/train/11560.png,data/extracted/KolektorSDD2/train/11560_GT.png,False,fe71cc5691c3d7e9981615cf6c22a4e08cd43ffc211fb415da682e3f142595a2
train-11561,train,train,data/extracted/KolektorSDD2/train/11561.png,data/extracted/KolektorSDD2/train/11561_GT.png,False,1081e5e39ba3125555cba26757b7c00543946dae61a7299836188dc4a92ca0c2
train-11562,train,train,data/extracted/KolektorSDD2/train/11562.png,data/extracted/KolektorSDD2/train/11562_GT.png,False,6745b060fa8f3435fc22df53cf2e7920adaf6cf4ab44d413af21eeeaba23c58e
train-11563,train,validation,data/extracted/KolektorSDD2/train/11563.png,data/extracted/KolektorSDD2/train/11563_GT.png,False,070e370d8618323680ddc0192118cf9ac738965c6c02182692688ceee4d69f92
train-11564,train,train,data/extracted/KolektorSDD2/train/11564.png,data/extracted/KolektorSDD2/train/11564_GT.png,False,7f26e0fdd58c8e8771ca7c6c4aec4d4b4de54ea381a2911f3ad2482336f0b954
train-11565,train,train,data/extracted/KolektorSDD2/train/11565.png,data/extracted/KolektorSDD2/train/11565_GT.png,False,9b5030bb650b72c47dbaca723b45f1972aecc7b29046917a19b288daf5d7dc9d
train-11566,train,validation,data/extracted/KolektorSDD2/train/11566.png,data/extracted/KolektorSDD2/train/11566_GT.png,False,f9524452ee1cf7d2f7acec43e166b0224369bbdd901e5c6b77e1ae2a1276de7e
train-11567,train,train,data/extracted/KolektorSDD2/train/11567.png,data/extracted/KolektorSDD2/train/11567_GT.png,False,f028fc6b450be1549f14269c1a4314c0afbf797268d60779df3f57aefce73f9c
train-11568,train,train,data/extracted/KolektorSDD2/train/11568.png,data/extracted/KolektorSDD2/train/11568_GT.png,True,688099d35bd7547cdf30ca763a1541c64d867dbb81335bc7a53bf56d5a0ff436
train-11569,train,train,data/extracted/KolektorSDD2/train/11569.png,data/extracted/KolektorSDD2/train/11569_GT.png,False,6c595bbe8ef0ee1eb05311f85a7b1d9cfa2f010952e2e8530e1c9c426b6de898
train-11570,train,train,data/extracted/KolektorSDD2/train/11570.png,data/extracted/KolektorSDD2/train/11570_GT.png,False,202f1d819b93aed466a1c2e2ae160d8745ec309c076f31a51d4a74a5060e263e
train-11571,train,validation,data/extracted/KolektorSDD2/train/11571.png,data/extracted/KolektorSDD2/train/11571_GT.png,False,0f32b39f61008dd0851e25af734f9e61404d900f9ea8b9bde256b6834022f763
train-11572,train,train,data/extracted/KolektorSDD2/train/11572.png,data/extracted/KolektorSDD2/train/11572_GT.png,False,04eb0cbe5d1ab29ffd4ed3ccffbc4a6567852163634810dbe2c1f38ffaf07358
train-11573,train,train,data/extracted/KolektorSDD2/train/11573.png,data/extracted/KolektorSDD2/train/11573_GT.png,True,e401d2a79b2766d04a7e5366ebf0e5844b0f2bf71dc3c4cd27c157a2f356c9cd
train-11574,train,train,data/extracted/KolektorSDD2/train/11574.png,data/extracted/KolektorSDD2/train/11574_GT.png,True,2861f9ae711274e0dd9fbacc62d3e6cd1b0a4d8f79730a67267154361276d321
train-11575,train,train,data/extracted/KolektorSDD2/train/11575.png,data/extracted/KolektorSDD2/train/11575_GT.png,False,556650d1df9ca1732ff396c53e23296941f4d2d4386f93f3819035a463f8d7ad
train-11576,train,train,data/extracted/KolektorSDD2/train/11576.png,data/extracted/KolektorSDD2/train/11576_GT.png,False,35098d08d581abf6675ce44f5328f4a0fed9f4a9b7dcc38c6e10d843259890ac
train-11577,train,train,data/extracted/KolektorSDD2/train/11577.png,data/extracted/KolektorSDD2/train/11577_GT.png,False,0acd0f69cdba39b9b0feb388c85aee8b92e88cdc97465f04096f12092da550dc
train-11578,train,train,data/extracted/KolektorSDD2/train/11578.png,data/extracted/KolektorSDD2/train/11578_GT.png,False,bbb02e42016d9ae4cbc034ab7fdfb87a92eda831f1f4ec019b5a2f35bbb95d41
train-11579,train,train,data/extracted/KolektorSDD2/train/11579.png,data/extracted/KolektorSDD2/train/11579_GT.png,False,d033c2dd1768666d2246a4919f726a1ac0176ec8af50e006c56cf56260f6cb72
train-11580,train,train,data/extracted/KolektorSDD2/train/11580.png,data/extracted/KolektorSDD2/train/11580_GT.png,False,152f112dab19198c069e1edfb2e41b3ba87f1d3a9eea4dda275ad90358c49dfd
train-11581,train,train,data/extracted/KolektorSDD2/train/11581.png,data/extracted/KolektorSDD2/train/11581_GT.png,False,2cc025d7120cdd8330d7b80e6fc88f0b526a4d65a5782646f0908c4d5a059e2c
train-11582,train,train,data/extracted/KolektorSDD2/train/11582.png,data/extracted/KolektorSDD2/train/11582_GT.png,False,fcb5eff8ef0af106cfd2e4a746401aa898cb8effab9839de8c2aef8fc297e208
train-11583,train,validation,data/extracted/KolektorSDD2/train/11583.png,data/extracted/KolektorSDD2/train/11583_GT.png,False,616ab35e90f8c1d870c324383d52854cadf3d2492705f65ab9d989b5ba7a97a6
train-11584,train,train,data/extracted/KolektorSDD2/train/11584.png,data/extracted/KolektorSDD2/train/11584_GT.png,True,cb47ba4564bffb7b89ab1efdd9802be9502c6c271edbf5d36016fa5aff7345d1
train-11585,train,train,data/extracted/KolektorSDD2/train/11585.png,data/extracted/KolektorSDD2/train/11585_GT.png,True,a680b1a3b2a18bbf2c814f74db6d5f3afcc8e3a19bbf182e0c3d307e1a728579
train-11586,train,train,data/extracted/KolektorSDD2/train/11586.png,data/extracted/KolektorSDD2/train/11586_GT.png,False,bc4bc49fcd4f6efe8afb487e3ebb4ecff0f5a24400fdc6c64ec042e5f7b34a43
train-11587,train,train,data/extracted/KolektorSDD2/train/11587.png,data/extracted/KolektorSDD2/train/11587_GT.png,False,3cd3c80eb62483ec4e7e0e5362450d820cc36c78b66ccfefb2caac741f549f8f
train-11588,train,train,data/extracted/KolektorSDD2/train/11588.png,data/extracted/KolektorSDD2/train/11588_GT.png,False,6136b24b7d028ba66a21b5b0adc05296f26b281301fa885f0179f0cca74dfdc8
train-11589,train,train,data/extracted/KolektorSDD2/train/11589.png,data/extracted/KolektorSDD2/train/11589_GT.png,False,4112d417bc5be24dd49a7ce4c44ccff14cf338b7c755a65e14e7d3c3abaacc3e
train-11590,train,train,data/extracted/KolektorSDD2/train/11590.png,data/extracted/KolektorSDD2/train/11590_GT.png,True,53643db9c48fe43c264c3d397fa355927789db2c6b7f14ee36349cde0dd1dfe4
train-11591,train,train,data/extracted/KolektorSDD2/train/11591.png,data/extracted/KolektorSDD2/train/11591_GT.png,False,67af0ce689f266aa64c638d01a457a77c0473ba2fe9b0c7a0d2f22c2921560a6
train-11592,train,train,data/extracted/KolektorSDD2/train/11592.png,data/extracted/KolektorSDD2/train/11592_GT.png,False,f03a3014269eae052201801bb49e770f7454086a8a6b919dcb37044e89ef8ae8
train-11593,train,train,data/extracted/KolektorSDD2/train/11593.png,data/extracted/KolektorSDD2/train/11593_GT.png,False,5f3b65a2a25c9e1364e250e6ba9676daf272990943ff38bc0bd5c9c8c7e608c1
train-11594,train,train,data/extracted/KolektorSDD2/train/11594.png,data/extracted/KolektorSDD2/train/11594_GT.png,False,18f0f93240aa6e5a0126c7ea89af57c8feb3ea667197397fa29bba7e631c6cf0
train-11595,train,train,data/extracted/KolektorSDD2/train/11595.png,data/extracted/KolektorSDD2/train/11595_GT.png,False,f04cabd23065667559bea04f39e6e613aff9dffa0b899d2e0c02d89912498dad
train-11596,train,train,data/extracted/KolektorSDD2/train/11596.png,data/extracted/KolektorSDD2/train/11596_GT.png,False,ff302c4993aa4b3d7f8886ded84b23ecb1cbe5f31ea71db6826c4155a7a77ccb
train-11597,train,train,data/extracted/KolektorSDD2/train/11597.png,data/extracted/KolektorSDD2/train/11597_GT.png,False,02506dcf5ade0d70a4226503e91fce667b039b542e90f5a1da404318785997b7
train-11598,train,validation,data/extracted/KolektorSDD2/train/11598.png,data/extracted/KolektorSDD2/train/11598_GT.png,False,fd4054b86b04d3ce9c886d312fedca0ccac08c5e23e884ff2de7069a7822b710
train-11599,train,train,data/extracted/KolektorSDD2/train/11599.png,data/extracted/KolektorSDD2/train/11599_GT.png,False,3fcacd8c473e26e074f9459637cf8499dd88a132cfb9e005e57c6cd1b8f66f24
train-11600,train,train,data/extracted/KolektorSDD2/train/11600.png,data/extracted/KolektorSDD2/train/11600_GT.png,False,9027e3ac948506acfd113335998320416a42c1380f29f9a26ec12f38e8d93fdd
train-11601,train,validation,data/extracted/KolektorSDD2/train/11601.png,data/extracted/KolektorSDD2/train/11601_GT.png,True,b24f058a36adb8a4373365e53f057e56ddb443caec699d02cfb24366f8305368
train-11602,train,train,data/extracted/KolektorSDD2/train/11602.png,data/extracted/KolektorSDD2/train/11602_GT.png,False,541b57581d81e087d8bc34af98ee6175613afbe476957cd0a2daf0702788ca34
train-11603,train,train,data/extracted/KolektorSDD2/train/11603.png,data/extracted/KolektorSDD2/train/11603_GT.png,False,e2f01ea11421f5ab965089012b62490fa9ffc17bd46d718fd48a4ed8a8779d36
train-11604,train,train,data/extracted/KolektorSDD2/train/11604.png,data/extracted/KolektorSDD2/train/11604_GT.png,False,14d1520e8998635f89ba70287070476a5aab6943a79b6eb6dcc3da5c3c65cee3
train-11605,train,train,data/extracted/KolektorSDD2/train/11605.png,data/extracted/KolektorSDD2/train/11605_GT.png,False,75e4fceaaa350d6d91a00332e46458a873badcf21426d569c48142a4c9fd0d53
train-11606,train,train,data/extracted/KolektorSDD2/train/11606.png,data/extracted/KolektorSDD2/train/11606_GT.png,False,95f5f990926f152241d027a939f2530e38bdba45ddd36fc53362bc31c486a344
train-11607,train,train,data/extracted/KolektorSDD2/train/11607.png,data/extracted/KolektorSDD2/train/11607_GT.png,False,635dda3e5b89e4d83f330179648af2a8d9541345157437d7176fc9e9ec249bc9
train-11608,train,train,data/extracted/KolektorSDD2/train/11608.png,data/extracted/KolektorSDD2/train/11608_GT.png,False,83f8d3fa33eef8541da6cd5780ade9f22344006e0bb23fbc2d315ddb2bcab333
train-11609,train,train,data/extracted/KolektorSDD2/train/11609.png,data/extracted/KolektorSDD2/train/11609_GT.png,False,8b581cc84358bfe46655c45ae94419806fdaf6b3f94dd0df8b34f99c3e73542c
train-11610,train,train,data/extracted/KolektorSDD2/train/11610.png,data/extracted/KolektorSDD2/train/11610_GT.png,False,65dab624311360cf7f4467b33c3fc8f75006c5c562186124c7250b41fd0dc66e
train-11611,train,train,data/extracted/KolektorSDD2/train/11611.png,data/extracted/KolektorSDD2/train/11611_GT.png,False,063b79dc8c1c0e87b60636bd3ad751cca15bf72a7acb857e0e483fbc481609ab
train-11612,train,train,data/extracted/KolektorSDD2/train/11612.png,data/extracted/KolektorSDD2/train/11612_GT.png,True,e56f62325016ba1caf63a5040016dd79b081740ebb11d1060d7781ebbe48bbe7
train-11613,train,train,data/extracted/KolektorSDD2/train/11613.png,data/extracted/KolektorSDD2/train/11613_GT.png,False,d17da1e562f9866b27ce1907f477af5f9407bcfa092fb3d652ddd5c847646158
train-11614,train,train,data/extracted/KolektorSDD2/train/11614.png,data/extracted/KolektorSDD2/train/11614_GT.png,False,eebdda18910ae328115ad7d40b4dc3890161a8f3d55c3c8e724cfb02f98e7caa
train-11615,train,validation,data/extracted/KolektorSDD2/train/11615.png,data/extracted/KolektorSDD2/train/11615_GT.png,False,de78b90e36c6394c137cc6d6aba932f12820181006c8ff6fe31d91d71f1f9b86
train-11616,train,train,data/extracted/KolektorSDD2/train/11616.png,data/extracted/KolektorSDD2/train/11616_GT.png,True,833f13867048dd3bb003e8cb01782415398fcd765d51ae3a682a033f44b57243
train-11617,train,train,data/extracted/KolektorSDD2/train/11617.png,data/extracted/KolektorSDD2/train/11617_GT.png,False,2a888c3aa47711315e043d3b9d8a2e09a9a6567119dcc9c7be148f89729bfc16
train-11618,train,validation,data/extracted/KolektorSDD2/train/11618.png,data/extracted/KolektorSDD2/train/11618_GT.png,False,868785355febe81b6417e273e41995d84432abd0a54cd9764a210205940cbc7b
train-11619,train,validation,data/extracted/KolektorSDD2/train/11619.png,data/extracted/KolektorSDD2/train/11619_GT.png,False,92bbc1d55ca890be870cae9694a32b4aee86d41b4bd6353ada7e90ad89edfd78
train-11620,train,train,data/extracted/KolektorSDD2/train/11620.png,data/extracted/KolektorSDD2/train/11620_GT.png,False,2077b93ef59fd0aafd369a994da8d3fe84ecd16b51b1e9c1d5e9b1118411e9af
train-11621,train,train,data/extracted/KolektorSDD2/train/11621.png,data/extracted/KolektorSDD2/train/11621_GT.png,False,359f9470a1c6d0602598967632ad999162bb19c2cfdd458db6f335375b5daac4
train-11622,train,train,data/extracted/KolektorSDD2/train/11622.png,data/extracted/KolektorSDD2/train/11622_GT.png,False,956dc4337f9513fe17590cfb8188deef371850cb7a1e3dd607bb96c627599ead
train-11623,train,train,data/extracted/KolektorSDD2/train/11623.png,data/extracted/KolektorSDD2/train/11623_GT.png,False,26d96cdb81df876c4c04f25d301d5bcc702e43b61ab145155bfe53efc02f6b38
train-11624,train,train,data/extracted/KolektorSDD2/train/11624.png,data/extracted/KolektorSDD2/train/11624_GT.png,False,e6bbfb88d60bd5ff42f19e18715766e1e143d06d40b9cd513890ddac0793ec0e
train-11625,train,train,data/extracted/KolektorSDD2/train/11625.png,data/extracted/KolektorSDD2/train/11625_GT.png,False,41af86f531cb453b47ccb6db78ee631cda80d3ce69b5493ea06e012a2a973160
train-11626,train,train,data/extracted/KolektorSDD2/train/11626.png,data/extracted/KolektorSDD2/train/11626_GT.png,False,e1bc8ac9719803abb3a664f12333935dde351448e237fc50da34fe3b851d375c
train-11627,train,train,data/extracted/KolektorSDD2/train/11627.png,data/extracted/KolektorSDD2/train/11627_GT.png,False,89cf10e0574f0b0eea20264aec91c79c1b61009adea42990e3c0f779be6ece45
train-11628,train,train,data/extracted/KolektorSDD2/train/11628.png,data/extracted/KolektorSDD2/train/11628_GT.png,False,f08fa463f10d2f7f914e086df0364607a1011933d25581b7f9f00084ff84e6ed
train-11629,train,train,data/extracted/KolektorSDD2/train/11629.png,data/extracted/KolektorSDD2/train/11629_GT.png,True,ea5775fa542b368d8526d2685baa5eb4eb5a8d0eafdf67dc3ff2374589d18a44
train-11630,train,train,data/extracted/KolektorSDD2/train/11630.png,data/extracted/KolektorSDD2/train/11630_GT.png,False,c10e778dd28310a2cda6ed44f1b6b29027d01b3243cf430133cfd956a0e2366b
train-11631,train,train,data/extracted/KolektorSDD2/train/11631.png,data/extracted/KolektorSDD2/train/11631_GT.png,False,edd290c3c7a2b10a76fefa09f83debfb7b240ee23ce1d94962392b4b2c556e4a
train-11632,train,train,data/extracted/KolektorSDD2/train/11632.png,data/extracted/KolektorSDD2/train/11632_GT.png,True,97b5293f15a001d9afef05add86a914dca55f046f4fda264eb53406afb353c15
train-11633,train,train,data/extracted/KolektorSDD2/train/11633.png,data/extracted/KolektorSDD2/train/11633_GT.png,False,c1ffb3467358e50e159a724fa41e1ad4708996993bdb554a8c0b2fffdc2781e0
train-11634,train,train,data/extracted/KolektorSDD2/train/11634.png,data/extracted/KolektorSDD2/train/11634_GT.png,False,aaef43d74895fc01ddd8b36b9e911931bb6fd60a7f75f8a2cad4f7c4553a01b9
train-11635,train,train,data/extracted/KolektorSDD2/train/11635.png,data/extracted/KolektorSDD2/train/11635_GT.png,False,2ef72aef82b72e9516a70e992fb5edc9d3fd60dc169118b8efb949129c2c5e5f
train-11636,train,train,data/extracted/KolektorSDD2/train/11636.png,data/extracted/KolektorSDD2/train/11636_GT.png,False,6c707fcee3ab4632e55b7872333644f4d5ad4773850eea19b24f4ba3829016d9
train-11637,train,train,data/extracted/KolektorSDD2/train/11637.png,data/extracted/KolektorSDD2/train/11637_GT.png,False,4f0337b46b06254b0f988f64659eaa8b968258d789b8e1a739892480006e9b05
train-11638,train,train,data/extracted/KolektorSDD2/train/11638.png,data/extracted/KolektorSDD2/train/11638_GT.png,False,1f2a827a6a7201b5c37933a57ce15fc50b61a759af237524222f22c09b1f0f21
train-11639,train,train,data/extracted/KolektorSDD2/train/11639.png,data/extracted/KolektorSDD2/train/11639_GT.png,False,498a2a541a08b5683e468aaa7948508d02ef84f1a81fb18442d4572e3f059c4b
train-11640,train,train,data/extracted/KolektorSDD2/train/11640.png,data/extracted/KolektorSDD2/train/11640_GT.png,False,ec18133f8a9b96f795b0e7261e6bc022d8ff4e480dfc30bd767eaea32e37f63f
train-11641,train,train,data/extracted/KolektorSDD2/train/11641.png,data/extracted/KolektorSDD2/train/11641_GT.png,True,1b36b379930b7d25f24952cc061f28008fdd71c0e0978f23ad8acb1c8557d0a7
train-11642,train,train,data/extracted/KolektorSDD2/train/11642.png,data/extracted/KolektorSDD2/train/11642_GT.png,True,38ae3a2b277949e0523d727743f03a2296230401b586a574fa5e004557bbba58
train-11643,train,validation,data/extracted/KolektorSDD2/train/11643.png,data/extracted/KolektorSDD2/train/11643_GT.png,True,a24b168912c6f8433116e18500020c2c371b349f24a81715a2ad6467b4b89c1e
train-11644,train,train,data/extracted/KolektorSDD2/train/11644.png,data/extracted/KolektorSDD2/train/11644_GT.png,False,488db2757315cb01fe27291dff60714299a899df2ec67c30b722b94c052df69d
train-11645,train,train,data/extracted/KolektorSDD2/train/11645.png,data/extracted/KolektorSDD2/train/11645_GT.png,False,40575e0c495749b4e4dffcfb24e17b8ce2d3b20a7740baae8a47a3b16db7f988
train-11646,train,validation,data/extracted/KolektorSDD2/train/11646.png,data/extracted/KolektorSDD2/train/11646_GT.png,False,485d340872689c1972cf8fa1c3d1e492f5cc32b1456682077534140f3e53a6cf
train-11647,train,validation,data/extracted/KolektorSDD2/train/11647.png,data/extracted/KolektorSDD2/train/11647_GT.png,False,79d92109aff77bfc26d9a02e97abb68f031ee541a6e47ef688254339d0370396
train-11648,train,train,data/extracted/KolektorSDD2/train/11648.png,data/extracted/KolektorSDD2/train/11648_GT.png,False,51091a05890d18e72067f38bdde6a5dd3eab32144d0234193157e32a2089bde4
train-11649,train,train,data/extracted/KolektorSDD2/train/11649.png,data/extracted/KolektorSDD2/train/11649_GT.png,False,6c00efda5c7ed7d5996a202e07c914d98a2489f0ad76641076d299e62c7c28f7
train-11650,train,train,data/extracted/KolektorSDD2/train/11650.png,data/extracted/KolektorSDD2/train/11650_GT.png,False,a820876c97ee56f8e46febef4188cd15c3cf04626f11995f0cbb328d3c248836
train-11651,train,train,data/extracted/KolektorSDD2/train/11651.png,data/extracted/KolektorSDD2/train/11651_GT.png,False,fd74d0bb1ab19690d5bd2c8755e32e1fc473eb0db707b6b374576d0593c1d3ab
train-11652,train,train,data/extracted/KolektorSDD2/train/11652.png,data/extracted/KolektorSDD2/train/11652_GT.png,False,0887b6bb4f82495c9c139bdb4fb19d577e09a0fa8539c5325a1258591c241b82
train-11653,train,train,data/extracted/KolektorSDD2/train/11653.png,data/extracted/KolektorSDD2/train/11653_GT.png,False,6a63a85d07cc7dc480dd95c9528553011857b5376a36bf86dea71b6ae96db3e6
train-11654,train,validation,data/extracted/KolektorSDD2/train/11654.png,data/extracted/KolektorSDD2/train/11654_GT.png,False,caa80c3992e22d0ef447033b21843d14ff6eff9e5ca037dbd876ee8152aac03b
train-11655,train,train,data/extracted/KolektorSDD2/train/11655.png,data/extracted/KolektorSDD2/train/11655_GT.png,False,fdaf14fa1bcbfe4da5493dc9b4381f64e25f6503644cf5a27dd92681e2cea8b2
train-11656,train,train,data/extracted/KolektorSDD2/train/11656.png,data/extracted/KolektorSDD2/train/11656_GT.png,False,299b656743c40bb197179a4a6287d4dee8b093963826e57822dd8dd1de3ee506
train-11657,train,validation,data/extracted/KolektorSDD2/train/11657.png,data/extracted/KolektorSDD2/train/11657_GT.png,False,3d299f1f1c41a9edf7c58df3b03cadbc14fd34ef6d1975476b59780ff53121a5
train-11658,train,train,data/extracted/KolektorSDD2/train/11658.png,data/extracted/KolektorSDD2/train/11658_GT.png,True,910fd94294c9621dbc86ff5bbbe573bb3218a65635cf45aabcdf7f1c49bb6d6d
train-11659,train,train,data/extracted/KolektorSDD2/train/11659.png,data/extracted/KolektorSDD2/train/11659_GT.png,False,ebcf3393df7f650579cb80e23b5085379d66ac592502955d37c93640ba59087f
train-11660,train,train,data/extracted/KolektorSDD2/train/11660.png,data/extracted/KolektorSDD2/train/11660_GT.png,False,af0f77f6447bfe840f709b580d0d90e9b8e26dcad964eb4d5201aa2197291f3a
train-11661,train,validation,data/extracted/KolektorSDD2/train/11661.png,data/extracted/KolektorSDD2/train/11661_GT.png,False,3a9102bf97b122594cbb527e52f09b265b1137a2a413e26e911b0582e7699e50
train-11662,train,train,data/extracted/KolektorSDD2/train/11662.png,data/extracted/KolektorSDD2/train/11662_GT.png,True,bade26966752bbada078ed0ff143f7adb7744a88855dccc04f22cb40a2b9b2f5
train-11663,train,train,data/extracted/KolektorSDD2/train/11663.png,data/extracted/KolektorSDD2/train/11663_GT.png,False,824d7728b8f3430e51b0e9ba12ff4c0c8dd22ab930b9da9ee6f551720f44f00a
train-11664,train,train,data/extracted/KolektorSDD2/train/11664.png,data/extracted/KolektorSDD2/train/11664_GT.png,False,0df6a3e5dc34c0cf24a154c210f5286b8031899b9d7a1289ce0f06fc2f015938
train-11665,train,train,data/extracted/KolektorSDD2/train/11665.png,data/extracted/KolektorSDD2/train/11665_GT.png,False,ddbbf4716c90455fb17413e6571b77e689c1fb82167e831c78f3f5270c0de904
train-11666,train,validation,data/extracted/KolektorSDD2/train/11666.png,data/extracted/KolektorSDD2/train/11666_GT.png,False,107857d12ffb39b21658f1b40f4eabbe2be52644b4139af56b9d417b16c1d910
train-11667,train,train,data/extracted/KolektorSDD2/train/11667.png,data/extracted/KolektorSDD2/train/11667_GT.png,False,3e7bde2c988a0488015fdfee780775af63047c2f0c983ba58c2b19a0e5f1fa7f
train-11668,train,train,data/extracted/KolektorSDD2/train/11668.png,data/extracted/KolektorSDD2/train/11668_GT.png,False,0a48470edd49099a7c61c0100403bb81ebe3f7c20dc2ece148dd285a9c586f94
train-11669,train,train,data/extracted/KolektorSDD2/train/11669.png,data/extracted/KolektorSDD2/train/11669_GT.png,True,1f3d778f1a363c1080567c886a758753e55f0dde420f1e42aacacab14ff90b83
train-11670,train,train,data/extracted/KolektorSDD2/train/11670.png,data/extracted/KolektorSDD2/train/11670_GT.png,True,5a2a303de5cb170f69e2b9ea429664e59ce7133eed58dac31cb040b4866950f0
train-11671,train,train,data/extracted/KolektorSDD2/train/11671.png,data/extracted/KolektorSDD2/train/11671_GT.png,False,c1391bb1845190f0ffae830e38569fb028330d9264c566ae2cfe170da6dc193f
train-11672,train,train,data/extracted/KolektorSDD2/train/11672.png,data/extracted/KolektorSDD2/train/11672_GT.png,False,50c4d8e021e874a16076a84e7940f479a76c44899ba702351f62d47e402f8262
train-11673,train,train,data/extracted/KolektorSDD2/train/11673.png,data/extracted/KolektorSDD2/train/11673_GT.png,False,d8945959c130289848fd8b1c97caca0e6298f21a9e7bff638fe95e283703a178
train-11674,train,train,data/extracted/KolektorSDD2/train/11674.png,data/extracted/KolektorSDD2/train/11674_GT.png,False,73c53f8675e2f060d099aae3aff8b9e559e51668ae949801517097ebacdf66f2
train-11675,train,validation,data/extracted/KolektorSDD2/train/11675.png,data/extracted/KolektorSDD2/train/11675_GT.png,False,3104e43a310fbb0d4d9be78e03baad8f5ce5aa63bd43d8bd8640ad8746aebcb5
train-11676,train,validation,data/extracted/KolektorSDD2/train/11676.png,data/extracted/KolektorSDD2/train/11676_GT.png,False,60c912b9e37036011d70899d5fbbe0b959938b54c24c0fcd0cd45e4a69c64daa
train-11677,train,validation,data/extracted/KolektorSDD2/train/11677.png,data/extracted/KolektorSDD2/train/11677_GT.png,False,79bfe1d1b988b86764056b32ec1fa187fd491bfa96c59f60b972ac32eb97fbd6
train-11678,train,train,data/extracted/KolektorSDD2/train/11678.png,data/extracted/KolektorSDD2/train/11678_GT.png,False,7027dc8988c60bd5d4fa48faabc020b32340e41c4b0df94a93ebe9724087a5cc
train-11679,train,train,data/extracted/KolektorSDD2/train/11679.png,data/extracted/KolektorSDD2/train/11679_GT.png,False,b0f4d39cdd5ec222e119d79a88c1e743d1b803980fd1f031b52de48621c6a3d1
train-11680,train,train,data/extracted/KolektorSDD2/train/11680.png,data/extracted/KolektorSDD2/train/11680_GT.png,False,1ae3b40b5022e01fb45d7f94de41e2721bb5e41af1369999ebe4831b6d93f1f3
train-11681,train,train,data/extracted/KolektorSDD2/train/11681.png,data/extracted/KolektorSDD2/train/11681_GT.png,False,e63bf596c16a1ac3905ff34586e7af379aa6dd7ef045f2926ef757d50f33bdca
train-11682,train,train,data/extracted/KolektorSDD2/train/11682.png,data/extracted/KolektorSDD2/train/11682_GT.png,False,0847fe99e2de0db35c47e9bf8942ee495d6d29e0edcbd1c853580dd8d87ac5d6
train-11683,train,train,data/extracted/KolektorSDD2/train/11683.png,data/extracted/KolektorSDD2/train/11683_GT.png,False,9070028ebcc4c37cda0c4e96613552d0f916b2f4b6105726e6f13ff62d9a01b2
train-11684,train,validation,data/extracted/KolektorSDD2/train/11684.png,data/extracted/KolektorSDD2/train/11684_GT.png,False,f75c9ba728e2ea46cbd5a3f15d04aba13cb84a7d8aff7453d66cdace130c407e
train-11685,train,train,data/extracted/KolektorSDD2/train/11685.png,data/extracted/KolektorSDD2/train/11685_GT.png,False,b0048a0d85adf6d0e9175d30ebaefcdabe6e463fe0779815c8e670a5702c0416
train-11686,train,train,data/extracted/KolektorSDD2/train/11686.png,data/extracted/KolektorSDD2/train/11686_GT.png,False,ddad30c10966622f5ddda501d6694cc9299f1d751bd1f993b36ca4bfc820bd74
train-11687,train,validation,data/extracted/KolektorSDD2/train/11687.png,data/extracted/KolektorSDD2/train/11687_GT.png,False,fab6cc50be10e271ecf86e34b260a11bba144ca3051247fcb13605f5d6ece12c
train-11688,train,train,data/extracted/KolektorSDD2/train/11688.png,data/extracted/KolektorSDD2/train/11688_GT.png,False,8a2a5c9c34613dc49a05bb901e12357d6ffca2d820cebe9c82f2c663f89787ea
train-11689,train,train,data/extracted/KolektorSDD2/train/11689.png,data/extracted/KolektorSDD2/train/11689_GT.png,False,5fca3584ea12178eaed8042188703b9403c57825f184ef9d6cc3b841049980ae
train-11690,train,train,data/extracted/KolektorSDD2/train/11690.png,data/extracted/KolektorSDD2/train/11690_GT.png,False,a702a188b9417ff00c58e39662a782629aa78e3935363a69e7988493de520a94
train-11691,train,train,data/extracted/KolektorSDD2/train/11691.png,data/extracted/KolektorSDD2/train/11691_GT.png,False,3154d6ecc67a2fbdac50a5e536f82f5e046d881cc1eabe570bee10c0bd5401a4
train-11692,train,train,data/extracted/KolektorSDD2/train/11692.png,data/extracted/KolektorSDD2/train/11692_GT.png,False,c244ada5861b1d1f20071033cb1dd60515d1c677c99cb7d36501f259dd659112
train-11693,train,train,data/extracted/KolektorSDD2/train/11693.png,data/extracted/KolektorSDD2/train/11693_GT.png,False,f50da09ec9a276dc372a99176d57edcaf048c7a0a5adcb2486a2d9d57731fc9b
train-11694,train,train,data/extracted/KolektorSDD2/train/11694.png,data/extracted/KolektorSDD2/train/11694_GT.png,False,b98afef7f8f25ffe05724e2e9db22f588ef415364c1a946386ca9450ce3b594c
train-11695,train,train,data/extracted/KolektorSDD2/train/11695.png,data/extracted/KolektorSDD2/train/11695_GT.png,True,8ba1eb3a36eca34e6689600e88e9820cc3c3758949ea29e88d59747e56757817
train-11696,train,train,data/extracted/KolektorSDD2/train/11696.png,data/extracted/KolektorSDD2/train/11696_GT.png,False,74fb81340cb4543a567e28f894ca9c4287192b84e4fc88ac15c713ceb1ce229b
train-11697,train,train,data/extracted/KolektorSDD2/train/11697.png,data/extracted/KolektorSDD2/train/11697_GT.png,False,576ad725c043c68104474605a113423755092359f5b16e1705b1016842d23e5c
train-11698,train,train,data/extracted/KolektorSDD2/train/11698.png,data/extracted/KolektorSDD2/train/11698_GT.png,False,866957ac235fbb3dc45e0379efae11134cdea551fe23a02dbc915fd49c1af3ed
train-11699,train,train,data/extracted/KolektorSDD2/train/11699.png,data/extracted/KolektorSDD2/train/11699_GT.png,False,c9bf5eaec6b158b16893345e235891794648b2089122728ced8f51d9df67db63
train-11700,train,train,data/extracted/KolektorSDD2/train/11700.png,data/extracted/KolektorSDD2/train/11700_GT.png,False,f5a79efa0506ef5a818170ca131de497738d69f7b9b7290bde655abc8442f435
train-11701,train,train,data/extracted/KolektorSDD2/train/11701.png,data/extracted/KolektorSDD2/train/11701_GT.png,False,0a227a991de0bcdc1b32b4ea197cd5848b139b522e6a5b6b18151065b6563942
train-11702,train,train,data/extracted/KolektorSDD2/train/11702.png,data/extracted/KolektorSDD2/train/11702_GT.png,False,c00b0418feccf3709118684b98e3a580eb8ee7f68bb9bd36a162d107152883f2
train-11703,train,train,data/extracted/KolektorSDD2/train/11703.png,data/extracted/KolektorSDD2/train/11703_GT.png,False,bce2c58358fb56b595ed53caef61d7ad31fac4b6a4f71a5ee6a7147a244e4fd7
train-11704,train,train,data/extracted/KolektorSDD2/train/11704.png,data/extracted/KolektorSDD2/train/11704_GT.png,False,36fafd22aafe02062eec46b99633489010624ec0b938135c15efcb9123a4ad71
train-11705,train,validation,data/extracted/KolektorSDD2/train/11705.png,data/extracted/KolektorSDD2/train/11705_GT.png,False,c78151dc4125693190873b433447e21ecd4d9005658417409502a0130c455379
train-11706,train,train,data/extracted/KolektorSDD2/train/11706.png,data/extracted/KolektorSDD2/train/11706_GT.png,False,3d603573a2d8bcebed0bc07cf41d7035652a57e594eeeebd05feaf86011e54ec
train-11707,train,validation,data/extracted/KolektorSDD2/train/11707.png,data/extracted/KolektorSDD2/train/11707_GT.png,False,e9085ceea3968ecb47a57bf5da78317ce426cf3148faa82332ca2b7ce9b0b944
train-11708,train,train,data/extracted/KolektorSDD2/train/11708.png,data/extracted/KolektorSDD2/train/11708_GT.png,False,60d2a08df67dde0b62fb9137858576eb50bbd4202aa9416b1c0fce9f81f3f787
train-11709,train,train,data/extracted/KolektorSDD2/train/11709.png,data/extracted/KolektorSDD2/train/11709_GT.png,False,35d15560b8f9ca1b49f9840faebfd17766305c545046a95ffdfd6219af1013ac
train-11710,train,validation,data/extracted/KolektorSDD2/train/11710.png,data/extracted/KolektorSDD2/train/11710_GT.png,False,ef1d992b3a2888c6ed7405b9aaa85e1b47ed1a410e7f9c7d5371f4edae040557
train-11711,train,train,data/extracted/KolektorSDD2/train/11711.png,data/extracted/KolektorSDD2/train/11711_GT.png,True,b4068d8409ca302994488d65bb5f86250698a40397208da3bda74686128496d6
train-11712,train,train,data/extracted/KolektorSDD2/train/11712.png,data/extracted/KolektorSDD2/train/11712_GT.png,False,43e9226d760c3c776b2e9355acaa30d1f7ab1fe63c3a769318c1302a02e84af9
train-11713,train,validation,data/extracted/KolektorSDD2/train/11713.png,data/extracted/KolektorSDD2/train/11713_GT.png,True,6314bfeaa3db7240330884aa876d93f55cbf6f0b0bd217e370097dea87d841bf
train-11714,train,train,data/extracted/KolektorSDD2/train/11714.png,data/extracted/KolektorSDD2/train/11714_GT.png,False,7d02c74a85c33d548975965f40998c121d56fe6d16877976e5e6a0d1fb3ef082
train-11715,train,train,data/extracted/KolektorSDD2/train/11715.png,data/extracted/KolektorSDD2/train/11715_GT.png,False,0748b028953164fc73906995790c157a584e72657651e58cde76f04d99e2f066
train-11716,train,train,data/extracted/KolektorSDD2/train/11716.png,data/extracted/KolektorSDD2/train/11716_GT.png,False,01886a1485d3962219d9aa8a631a2b9eaae380b161157a11db47cb2517c65bbd
train-11717,train,train,data/extracted/KolektorSDD2/train/11717.png,data/extracted/KolektorSDD2/train/11717_GT.png,False,3ca9e8178c31ec56a2c67df26d3dfc7944609aab734cc164fe69f63aeb911252
train-11718,train,validation,data/extracted/KolektorSDD2/train/11718.png,data/extracted/KolektorSDD2/train/11718_GT.png,False,6e34388ccd0bf497b77bb22c5dda7b99a49a7bca50bab7dbf4f1f4ecef46b8e9
train-11719,train,train,data/extracted/KolektorSDD2/train/11719.png,data/extracted/KolektorSDD2/train/11719_GT.png,False,81a97ba644efd8dd0e0a63999fd1a21738b1bba38069d972f701c0166dc57087
train-11720,train,validation,data/extracted/KolektorSDD2/train/11720.png,data/extracted/KolektorSDD2/train/11720_GT.png,False,24ba5a0c70d817f4b6c367d5f6e5c4ad9ebfe997f2a19f6e6a4cff3f0caeb7b3
train-11721,train,validation,data/extracted/KolektorSDD2/train/11721.png,data/extracted/KolektorSDD2/train/11721_GT.png,False,8f0d6498fc32995c64b0659a0091d07d3207be99ee4361847e1189792c05750d
train-11722,train,validation,data/extracted/KolektorSDD2/train/11722.png,data/extracted/KolektorSDD2/train/11722_GT.png,False,a1d87993fcfd03fca3a3ab01545ce0f6069f61bb407857c361265abf722e0bdb
train-11723,train,train,data/extracted/KolektorSDD2/train/11723.png,data/extracted/KolektorSDD2/train/11723_GT.png,False,f6a9898e8363c8d4044291b5df6887175fd7f258f2e829a2ee37d56363077d13
train-11724,train,train,data/extracted/KolektorSDD2/train/11724.png,data/extracted/KolektorSDD2/train/11724_GT.png,False,7beb547a7ba857cab960437de0f4912beb2edda480268478f02aae1d17b0f2b0
train-11725,train,train,data/extracted/KolektorSDD2/train/11725.png,data/extracted/KolektorSDD2/train/11725_GT.png,False,47d4911d5c4115f76cee2f335630e207851ebc4b60611e09d848734ebb0cc05a
train-11726,train,train,data/extracted/KolektorSDD2/train/11726.png,data/extracted/KolektorSDD2/train/11726_GT.png,False,a742dde03f700ffed9bfd4228206b2a75e79ec1e48a2eb958f45d47d38529e8a
train-11727,train,train,data/extracted/KolektorSDD2/train/11727.png,data/extracted/KolektorSDD2/train/11727_GT.png,False,1b2801a16b31636302455e5ad34dd449767269eaac4834a0a02009ac2c810313
train-11728,train,train,data/extracted/KolektorSDD2/train/11728.png,data/extracted/KolektorSDD2/train/11728_GT.png,False,66431b47e5f78a012942848056a5d75629daaeb5807c40fdd45b7db26319f0f4
train-11729,train,train,data/extracted/KolektorSDD2/train/11729.png,data/extracted/KolektorSDD2/train/11729_GT.png,False,dd07f278339aee21c34fe0d2a74482a359d8a5eb626d2890245872784ab4238f
train-11730,train,train,data/extracted/KolektorSDD2/train/11730.png,data/extracted/KolektorSDD2/train/11730_GT.png,False,b8ddcef678eb9aa4a0e2cb2734c84992fbc10f0e9b008ed1bd068d76586438ee
train-11731,train,train,data/extracted/KolektorSDD2/train/11731.png,data/extracted/KolektorSDD2/train/11731_GT.png,False,88683e539e5d738480c33189a51e7326f0faeda8ca6b97efb7d7f0564d88bda9
train-11732,train,train,data/extracted/KolektorSDD2/train/11732.png,data/extracted/KolektorSDD2/train/11732_GT.png,False,4152e9f55f9720009bf3ff47331e4e273cbf039e6841e06fe7601b1c9899133f
train-11733,train,train,data/extracted/KolektorSDD2/train/11733.png,data/extracted/KolektorSDD2/train/11733_GT.png,False,17e13336df3a47fe089c98165e1d5ecd618752171be2cfbd131ad93917e9f5fd
train-11734,train,train,data/extracted/KolektorSDD2/train/11734.png,data/extracted/KolektorSDD2/train/11734_GT.png,False,92ee2e1fd2dbf10de8caeb9506b3fbb45a09478ccccc7972cecda305d18c4ef6
train-11735,train,train,data/extracted/KolektorSDD2/train/11735.png,data/extracted/KolektorSDD2/train/11735_GT.png,False,00553920144138aa51e538d94448bd291b4d92e7c0b2be98e2757ff5ed7f194c
train-11736,train,train,data/extracted/KolektorSDD2/train/11736.png,data/extracted/KolektorSDD2/train/11736_GT.png,False,97a0dd93654de921838a66b1f6e0be64adfcdc03f61bca8b5c3f4856a1706237
train-11737,train,train,data/extracted/KolektorSDD2/train/11737.png,data/extracted/KolektorSDD2/train/11737_GT.png,False,c8d446438780083588f86a257761ceafa3ba72ee2328dc21d30ac6ec60a4aa89
train-11738,train,train,data/extracted/KolektorSDD2/train/11738.png,data/extracted/KolektorSDD2/train/11738_GT.png,False,5777a784a9c02e4d9bada12d5d097cd5e80ed823a0a3d2ae664013e8824bbca5
train-11739,train,train,data/extracted/KolektorSDD2/train/11739.png,data/extracted/KolektorSDD2/train/11739_GT.png,True,1fc11d1352aed01b591b20693f9f6d1f048ae19864dc9046020b40f12bbf0092
train-11740,train,validation,data/extracted/KolektorSDD2/train/11740.png,data/extracted/KolektorSDD2/train/11740_GT.png,False,b72ae5045171072c1867be698a754ee69cf1368427aa717062e214b3360ff097
train-11741,train,train,data/extracted/KolektorSDD2/train/11741.png,data/extracted/KolektorSDD2/train/11741_GT.png,False,adf3be6742374683926fb0026442221ffd06395fb87099429564d2637530d4f1
train-11742,train,train,data/extracted/KolektorSDD2/train/11742.png,data/extracted/KolektorSDD2/train/11742_GT.png,False,9597d4db2b9d8814738ce8e4be4369c44a70398004e4706ddc1b964b353269fb
train-11743,train,train,data/extracted/KolektorSDD2/train/11743.png,data/extracted/KolektorSDD2/train/11743_GT.png,False,41e2a263b6fc38f48016b44cdc51f887c1284910cfd71877b518c76c8f50f810
train-11744,train,train,data/extracted/KolektorSDD2/train/11744.png,data/extracted/KolektorSDD2/train/11744_GT.png,False,a5a814881122d451496418a7d69bc30ab66da096bdbfad01cbe855c217116279
train-11745,train,train,data/extracted/KolektorSDD2/train/11745.png,data/extracted/KolektorSDD2/train/11745_GT.png,False,28928f2f8e1d91037315d24a42d0ea0c1a89737324d9ddb17a7a0396b1c4e395
train-11746,train,validation,data/extracted/KolektorSDD2/train/11746.png,data/extracted/KolektorSDD2/train/11746_GT.png,True,aa9a05e7bc0f44c1b8dd3f3a0740ce23a99968a552ecab2c947d02ce0dfe10c3
train-11747,train,train,data/extracted/KolektorSDD2/train/11747.png,data/extracted/KolektorSDD2/train/11747_GT.png,False,463011bec0a8e5555b423ec982949de1447433f003fd7508489084e543e72cdf
train-11748,train,train,data/extracted/KolektorSDD2/train/11748.png,data/extracted/KolektorSDD2/train/11748_GT.png,False,400834cfc4ac188fc84fa7004d2a997f91f5867d578e3fb054672e24b12fe6d9
train-11749,train,train,data/extracted/KolektorSDD2/train/11749.png,data/extracted/KolektorSDD2/train/11749_GT.png,False,afe1e4c800ae261715b02b2476cc65d25b984d438420edc9e4ae081e9965f0ef
train-11750,train,train,data/extracted/KolektorSDD2/train/11750.png,data/extracted/KolektorSDD2/train/11750_GT.png,True,ada531e31a10edb9aa76403baa63bba513dabfeb5a745b7fedd375427c956fd6
train-11751,train,train,data/extracted/KolektorSDD2/train/11751.png,data/extracted/KolektorSDD2/train/11751_GT.png,False,ebac202a4f93daf7b67ca0369cf69d54dbd97d8509888c485b44b030ed208523
train-11752,train,train,data/extracted/KolektorSDD2/train/11752.png,data/extracted/KolektorSDD2/train/11752_GT.png,False,48348fedc410be26503e26eb7c2af27ab0ed987b4ffc2bb4360a05e9f9b4cd55
train-11753,train,validation,data/extracted/KolektorSDD2/train/11753.png,data/extracted/KolektorSDD2/train/11753_GT.png,False,9b47cee1e5fdbaeee5e27ab119920f14abe12e9a557b365aa4b2acc8d13519b2
train-11754,train,train,data/extracted/KolektorSDD2/train/11754.png,data/extracted/KolektorSDD2/train/11754_GT.png,False,649130aa2139ef3ec53c59a04dea802eb67929f39a830be661dc13501e5ed9af
train-11755,train,train,data/extracted/KolektorSDD2/train/11755.png,data/extracted/KolektorSDD2/train/11755_GT.png,True,4492846e37bfb02ff1f85a1eddf6cbee72d4787cb67978d492d8c70d05e56045
train-11756,train,train,data/extracted/KolektorSDD2/train/11756.png,data/extracted/KolektorSDD2/train/11756_GT.png,False,151246c1881f475a2dee1d4aaad84558cf31f4ce403733dec78e60cdeeba3d23
train-11757,train,train,data/extracted/KolektorSDD2/train/11757.png,data/extracted/KolektorSDD2/train/11757_GT.png,False,40c5adb3c01b0be20df88a8d27a48391ae77453d5199363e7399b2722ff6a013
train-11758,train,train,data/extracted/KolektorSDD2/train/11758.png,data/extracted/KolektorSDD2/train/11758_GT.png,False,25162769badcfb2357e2983d1501ec5aa033da11fac9e01162172d97ab44ac8f
train-11759,train,train,data/extracted/KolektorSDD2/train/11759.png,data/extracted/KolektorSDD2/train/11759_GT.png,False,e1df7d9e78adcdea731fb60ddf3754d3532c0f8ed3c76f8704577fdd58ba46e0
train-11760,train,train,data/extracted/KolektorSDD2/train/11760.png,data/extracted/KolektorSDD2/train/11760_GT.png,False,d92c0e2276005fcecf340f1b83512b958672247aca3a5c03a6df984f02df5fd6
train-11761,train,train,data/extracted/KolektorSDD2/train/11761.png,data/extracted/KolektorSDD2/train/11761_GT.png,False,77f7bbae047628388e9d48bbaf5269473553ea1ce8d3ddfaabf35054fa370e39
train-11762,train,train,data/extracted/KolektorSDD2/train/11762.png,data/extracted/KolektorSDD2/train/11762_GT.png,False,602a007fe520170cf1fc2870431d8ae08bf5597e0ed3a934ef0f5866ff9de961
train-11763,train,train,data/extracted/KolektorSDD2/train/11763.png,data/extracted/KolektorSDD2/train/11763_GT.png,False,24b1ded5bf4e3542f0fcf25fb154305f1361f57d38616fc2f3aecd507b9cbb35
train-11764,train,validation,data/extracted/KolektorSDD2/train/11764.png,data/extracted/KolektorSDD2/train/11764_GT.png,False,6f24d69ad00324b47356eadd54e89eed1c7ada8c1a84473ec2ee1ee244ef332a
train-11765,train,train,data/extracted/KolektorSDD2/train/11765.png,data/extracted/KolektorSDD2/train/11765_GT.png,False,fdd3edf9396abd5024e9c40bfb83215023672dc3f24183643f12a32f26879472
train-11766,train,train,data/extracted/KolektorSDD2/train/11766.png,data/extracted/KolektorSDD2/train/11766_GT.png,False,ad83a969a4be87077e08dfbef9c9dd9aa3cc2dc904ec0b97fbd07ab551c260e6
train-11767,train,train,data/extracted/KolektorSDD2/train/11767.png,data/extracted/KolektorSDD2/train/11767_GT.png,False,99486d06b534df7356765ca805830cf909b59f82ce681de52194833aa27093bc
train-11768,train,train,data/extracted/KolektorSDD2/train/11768.png,data/extracted/KolektorSDD2/train/11768_GT.png,False,d5d7b37bfd1d0363369f2bf1763c3806f3364f07e234261b13af0a047779980b
train-11769,train,train,data/extracted/KolektorSDD2/train/11769.png,data/extracted/KolektorSDD2/train/11769_GT.png,False,86dd00eadd9786d3d6024867fc0e200e4bcf7854b006e11ce2ddc701d71b758e
train-11770,train,train,data/extracted/KolektorSDD2/train/11770.png,data/extracted/KolektorSDD2/train/11770_GT.png,True,292f05b35effc8d324f814e4bb9d85c41610bfc9d43755085c22cb8a0f45b30e
train-11771,train,train,data/extracted/KolektorSDD2/train/11771.png,data/extracted/KolektorSDD2/train/11771_GT.png,False,64c9b30485da91914c9d0b79c73876e6a84a15ab772deaefaa02657f32d0a65c
train-11772,train,validation,data/extracted/KolektorSDD2/train/11772.png,data/extracted/KolektorSDD2/train/11772_GT.png,False,0787ee10b32a9d22cbb455a48b43c9c0fd26a1525b558905b8dd894c9279878d
train-11773,train,train,data/extracted/KolektorSDD2/train/11773.png,data/extracted/KolektorSDD2/train/11773_GT.png,False,f55fb19d77a43031b803337fd9973b8e378602b294b3098e77669f78de652a88
train-11774,train,train,data/extracted/KolektorSDD2/train/11774.png,data/extracted/KolektorSDD2/train/11774_GT.png,False,b7378029eaec98378a799821ff3bc4360b4e9ea04bbddaba8f8a0cdfffad0b2f
train-11775,train,train,data/extracted/KolektorSDD2/train/11775.png,data/extracted/KolektorSDD2/train/11775_GT.png,True,3e97f26147bb3fe700996cb6d741a8686d3f15496787d02cfa05cc5a325286fc
train-11776,train,train,data/extracted/KolektorSDD2/train/11776.png,data/extracted/KolektorSDD2/train/11776_GT.png,False,26396746ecd8d7aabaff1b392993bb531cd7ea358719246c2546172ce0e71504
train-11777,train,train,data/extracted/KolektorSDD2/train/11777.png,data/extracted/KolektorSDD2/train/11777_GT.png,False,8bbf0f40e5c2dbcb9fcf2748943e0ddf260aa72fc2798f8d9e5dcc7b1fc411c1
train-11778,train,validation,data/extracted/KolektorSDD2/train/11778.png,data/extracted/KolektorSDD2/train/11778_GT.png,False,d6504ec5c4808ce633ea44c66076d4a3ebab9e2b8fe140f18d660babe50fe472
train-11779,train,train,data/extracted/KolektorSDD2/train/11779.png,data/extracted/KolektorSDD2/train/11779_GT.png,False,2c8743c08df07eb9c3c754306c26b97ad9bc6c5fa529c0aa044f83677006132d
train-11780,train,validation,data/extracted/KolektorSDD2/train/11780.png,data/extracted/KolektorSDD2/train/11780_GT.png,False,8e9617bc0c14efe120e4f20a84ab3d3bf603b6fb1ec622a61ae348ccdf230418
train-11781,train,train,data/extracted/KolektorSDD2/train/11781.png,data/extracted/KolektorSDD2/train/11781_GT.png,False,57c55b318c9d7bf5db97ab28dc154f4eb4e7ca31638e68ccc96670bc3bf1d5bf
train-11782,train,train,data/extracted/KolektorSDD2/train/11782.png,data/extracted/KolektorSDD2/train/11782_GT.png,False,d879f00502692483f9df5559fc39e18fce23ec86d7813b0d4b29d6f3aa523571
train-11783,train,train,data/extracted/KolektorSDD2/train/11783.png,data/extracted/KolektorSDD2/train/11783_GT.png,False,d72b215cbc5b18cabf103b25e4da6dfe05bd33d05d62b91d3304230aba15f8d2
train-11784,train,train,data/extracted/KolektorSDD2/train/11784.png,data/extracted/KolektorSDD2/train/11784_GT.png,False,9bfb91b08912096fea9f73827466762d13ac3837af3d4458be270a6d17447d57
train-11785,train,train,data/extracted/KolektorSDD2/train/11785.png,data/extracted/KolektorSDD2/train/11785_GT.png,False,dc3531dcabd8fcb779e9adda4e85cf48a4349a3f012daa2d73275e92a4901b65
train-11786,train,train,data/extracted/KolektorSDD2/train/11786.png,data/extracted/KolektorSDD2/train/11786_GT.png,False,cc60ce2c6a6d49ef06fc063e55bef62c4c79a031d4d97110a730c9bb7e1a4f53
train-11787,train,validation,data/extracted/KolektorSDD2/train/11787.png,data/extracted/KolektorSDD2/train/11787_GT.png,False,3ed59bb34a3c81177d3ec1138e2e99452aea9f58b14a2298e3ad0d135ff7e548
train-11788,train,validation,data/extracted/KolektorSDD2/train/11788.png,data/extracted/KolektorSDD2/train/11788_GT.png,False,1a0302bcb9ef3f35ff3f52da80eb6dce4cfaa42dd7f416564fe21a02d91e209d
train-11789,train,train,data/extracted/KolektorSDD2/train/11789.png,data/extracted/KolektorSDD2/train/11789_GT.png,False,e82d6dc11e8ad957f5756d8957c838e9a9c25cffe96f43985174a13cef5e49b1
train-11790,train,train,data/extracted/KolektorSDD2/train/11790.png,data/extracted/KolektorSDD2/train/11790_GT.png,False,327e8933ec5bf521caea2ae6ac86a2dae585270e75d22df3f4c2adb19d092a38
train-11791,train,train,data/extracted/KolektorSDD2/train/11791.png,data/extracted/KolektorSDD2/train/11791_GT.png,False,cf3250ca6a0146869d6210b4d546e629102722fa6f115d768ea1d94072a1338d
train-11792,train,train,data/extracted/KolektorSDD2/train/11792.png,data/extracted/KolektorSDD2/train/11792_GT.png,False,35486eea26b7856564dec5ff3f926d8bad4e4089cbc091896588a68962b719ac
train-11793,train,train,data/extracted/KolektorSDD2/train/11793.png,data/extracted/KolektorSDD2/train/11793_GT.png,False,0389dea270a030fb6f1dbfa940acff826b8913faab78845b2e5a3c060e103e5d
train-11794,train,validation,data/extracted/KolektorSDD2/train/11794.png,data/extracted/KolektorSDD2/train/11794_GT.png,False,45374c953df8cba3aba095827f8e37577023d109255e415381d837bcb6331727
train-11795,train,train,data/extracted/KolektorSDD2/train/11795.png,data/extracted/KolektorSDD2/train/11795_GT.png,False,2602a709b59a3fef3ff41afeef7a9ab574291b6faaddade2fdb13c196c1a55b2
train-11796,train,train,data/extracted/KolektorSDD2/train/11796.png,data/extracted/KolektorSDD2/train/11796_GT.png,False,8aaabee6284524bdd384c1001776e27b7e6289f1d93432011289b6be60f2c921
train-11797,train,train,data/extracted/KolektorSDD2/train/11797.png,data/extracted/KolektorSDD2/train/11797_GT.png,False,eec276008d746029a58354ea6dea82fceb5c57321326ff4c5207c3f84b163ff9
train-11798,train,train,data/extracted/KolektorSDD2/train/11798.png,data/extracted/KolektorSDD2/train/11798_GT.png,False,b261f4c4831f505f9b09d63ba75f5d3f037481cf7951205c0c4b20207c90b77a
train-11799,train,train,data/extracted/KolektorSDD2/train/11799.png,data/extracted/KolektorSDD2/train/11799_GT.png,False,c74aee5454653fd812c3a8c64a17ccf30f0d7c4c12476c3e6978ccaad4c0af2a
train-11800,train,validation,data/extracted/KolektorSDD2/train/11800.png,data/extracted/KolektorSDD2/train/11800_GT.png,True,51ca920059f69a2c22dca9691e8a636ae8dbd6af855300d6c3167044fedfaf3e
train-11801,train,train,data/extracted/KolektorSDD2/train/11801.png,data/extracted/KolektorSDD2/train/11801_GT.png,False,d59bc6cb3f30f59a385353bdb0e4c38ab325fafb5ccbe8bf274d648500d78929
train-11802,train,train,data/extracted/KolektorSDD2/train/11802.png,data/extracted/KolektorSDD2/train/11802_GT.png,False,8338ad2b9187fec2665016331d9cd7b9bb49aa1baa78a9ba0e375193e66538d0
train-11803,train,train,data/extracted/KolektorSDD2/train/11803.png,data/extracted/KolektorSDD2/train/11803_GT.png,False,1a4a88cf289e12048d693cee3cfc05d735458b2de84f795dbb773d1d0f250861
train-11804,train,train,data/extracted/KolektorSDD2/train/11804.png,data/extracted/KolektorSDD2/train/11804_GT.png,True,5a1f549ee9ff9b7f4f25594e0c735c0d3cc12d8bc4f5969eb954699fe870570c
train-11805,train,train,data/extracted/KolektorSDD2/train/11805.png,data/extracted/KolektorSDD2/train/11805_GT.png,False,6f1c5988994062580aad64eeb7bb0c1d27ce38ef2c1439d65455d96ca14b4404
train-11806,train,train,data/extracted/KolektorSDD2/train/11806.png,data/extracted/KolektorSDD2/train/11806_GT.png,False,9eb7aa93e4b4df0f8be41046250b1fade8bebb9e446a6b90a4915e6868631c9e
train-11807,train,train,data/extracted/KolektorSDD2/train/11807.png,data/extracted/KolektorSDD2/train/11807_GT.png,False,53231dfe308778113375b20a51ef7daedc19c0ee39df0c42b771ca14f592ae4c
train-11808,train,train,data/extracted/KolektorSDD2/train/11808.png,data/extracted/KolektorSDD2/train/11808_GT.png,True,c54a100056a383f826f4024a0fc230b1fedd7012154070ebdcb41b69b4a6fe13
train-11809,train,train,data/extracted/KolektorSDD2/train/11809.png,data/extracted/KolektorSDD2/train/11809_GT.png,False,1ad1cfda3bcb621f2b2d265cc6a4004d7234e9653cf1fdbe36e57dafe0b338e5
train-11810,train,train,data/extracted/KolektorSDD2/train/11810.png,data/extracted/KolektorSDD2/train/11810_GT.png,True,7fa7c4eac863c53bbe34d132e619eb13c8baebf7b4ca77d4cc91f4aff36dbc86
train-11811,train,train,data/extracted/KolektorSDD2/train/11811.png,data/extracted/KolektorSDD2/train/11811_GT.png,False,a34d8c820258343b802e5d1e3dff3b369e3ad4fd03b61e557b56cb9a599fd726
train-11812,train,validation,data/extracted/KolektorSDD2/train/11812.png,data/extracted/KolektorSDD2/train/11812_GT.png,False,b437151aa1157b47baf7251061a4be2fc36ea7e85716b80133ae0d8a19c2e903
train-11813,train,train,data/extracted/KolektorSDD2/train/11813.png,data/extracted/KolektorSDD2/train/11813_GT.png,False,58878258e578f543f35069f477d5b8e53560c5f7c3bfc59109e1a6d11436478c
train-11814,train,train,data/extracted/KolektorSDD2/train/11814.png,data/extracted/KolektorSDD2/train/11814_GT.png,False,aa1145555bed50f9f8303859d5d4d33e0febbf24d47b8212b1a3909a0ed97c66
train-11815,train,train,data/extracted/KolektorSDD2/train/11815.png,data/extracted/KolektorSDD2/train/11815_GT.png,False,4acc6e0010a8cca668d20cd8340d41ddfab31629f47fcd518cc4fcb11b79281c
train-11816,train,train,data/extracted/KolektorSDD2/train/11816.png,data/extracted/KolektorSDD2/train/11816_GT.png,False,8924fbd7ed72d84b0b2a86797e62880d19570c43bdbbf5452f42010fdbc67784
train-11817,train,train,data/extracted/KolektorSDD2/train/11817.png,data/extracted/KolektorSDD2/train/11817_GT.png,False,751825275255a19493964152afb371f8805e73811f8f78bdf32a04862deef822
train-11818,train,train,data/extracted/KolektorSDD2/train/11818.png,data/extracted/KolektorSDD2/train/11818_GT.png,False,dcc7e2b1c7c1e8f743087de902058a1ccc0b6706368006b6f618c6e87ca395fb
train-11819,train,train,data/extracted/KolektorSDD2/train/11819.png,data/extracted/KolektorSDD2/train/11819_GT.png,False,b6d9ce91e0d1a3777aa3322abf07bffa02aa3acf67115422fb454e30d80701b7
train-11820,train,train,data/extracted/KolektorSDD2/train/11820.png,data/extracted/KolektorSDD2/train/11820_GT.png,False,6cd03f9fd16456df7b7735c687440f98751717476d6984c5e7c612c1da41ace7
train-11821,train,validation,data/extracted/KolektorSDD2/train/11821.png,data/extracted/KolektorSDD2/train/11821_GT.png,False,e63054ebe86150ebc004de9a4f20be18f7f2d8ee68f40168085af38c205c876e
train-11822,train,train,data/extracted/KolektorSDD2/train/11822.png,data/extracted/KolektorSDD2/train/11822_GT.png,False,f1f827359b09c3bfc375062de875a7754f79e6eacecabc62b9841ded73495f49
train-11823,train,train,data/extracted/KolektorSDD2/train/11823.png,data/extracted/KolektorSDD2/train/11823_GT.png,False,eddde672c0a1d97072dbbe6dbf81d512f11d721c46861f4aa46dab23177a92fb
train-11824,train,train,data/extracted/KolektorSDD2/train/11824.png,data/extracted/KolektorSDD2/train/11824_GT.png,False,39f4e606d57069405af1fe80ac8e8b0bba6c22e595278bbcc0fc7ce0879222b2
train-11825,train,train,data/extracted/KolektorSDD2/train/11825.png,data/extracted/KolektorSDD2/train/11825_GT.png,False,f55b4dc614881ad1318b7c1183a98ef4d3320e032e21cd9c79587903eb653532
train-11826,train,validation,data/extracted/KolektorSDD2/train/11826.png,data/extracted/KolektorSDD2/train/11826_GT.png,False,423423adcee8fb01392a6b438b4963fc0700f8638e3d3a01848697280bcb026d
train-11827,train,train,data/extracted/KolektorSDD2/train/11827.png,data/extracted/KolektorSDD2/train/11827_GT.png,False,40c39ebdcf6d74a6a0a6f6471a13bcb81ed3d72957a1cc612f68c56cea1f38e0
train-11828,train,validation,data/extracted/KolektorSDD2/train/11828.png,data/extracted/KolektorSDD2/train/11828_GT.png,False,74a49f47e9d067c4ae04cb33d6071b5d49c46a85dc647424a2e849e7c0461ad6
train-11829,train,train,data/extracted/KolektorSDD2/train/11829.png,data/extracted/KolektorSDD2/train/11829_GT.png,False,cfa9689648e5e40633c180ad61dd0ddac4271d10bb2c2812accc87031ce1c4a8
train-11830,train,train,data/extracted/KolektorSDD2/train/11830.png,data/extracted/KolektorSDD2/train/11830_GT.png,False,3b510914b86c76b1d685010294b5d8e9891d1f91f5bf5f2f57853bbb55bf32db
train-11831,train,train,data/extracted/KolektorSDD2/train/11831.png,data/extracted/KolektorSDD2/train/11831_GT.png,False,ddf9470f81b7242b2b83087b0cd13690efc364a000efcb62ad3b4b600f6ec5b8
train-11832,train,train,data/extracted/KolektorSDD2/train/11832.png,data/extracted/KolektorSDD2/train/11832_GT.png,True,5ce58839c3acc909792da7dd6e1cd149c9bf15dfc9abe000c2166026201abeaf
train-11833,train,train,data/extracted/KolektorSDD2/train/11833.png,data/extracted/KolektorSDD2/train/11833_GT.png,False,fee21a3a530de56e45af42384d1f82b65f8212cfb3a198be0b3f155e862364d7
train-11834,train,train,data/extracted/KolektorSDD2/train/11834.png,data/extracted/KolektorSDD2/train/11834_GT.png,False,24aad239e3dacdfa12fed258880dd366b5fa7c9b6dc966774f8c78171edc2100
train-11835,train,train,data/extracted/KolektorSDD2/train/11835.png,data/extracted/KolektorSDD2/train/11835_GT.png,False,cf30de07251d11694bbb6986314878c4da9e623f5ac88cd1286ded0f62050f95
train-11836,train,train,data/extracted/KolektorSDD2/train/11836.png,data/extracted/KolektorSDD2/train/11836_GT.png,True,181abfa61caabdd69378a39d647e6a1a0ca99427cdcef6b9597b563a60a9d8c6
train-11837,train,train,data/extracted/KolektorSDD2/train/11837.png,data/extracted/KolektorSDD2/train/11837_GT.png,False,cf048414806de5d532bc079f1a27efdf8a25bdf20916a0deb353c3bee44de10e
train-11838,train,train,data/extracted/KolektorSDD2/train/11838.png,data/extracted/KolektorSDD2/train/11838_GT.png,False,65ac9a47489ab47ac70fb32f649be0a6f7299f9876b563b961ed9578ff814fc3
train-11839,train,validation,data/extracted/KolektorSDD2/train/11839.png,data/extracted/KolektorSDD2/train/11839_GT.png,False,c1830696212e9d2bd0a216c263e93522084671473f64b100088eeb31614088ef
train-11840,train,train,data/extracted/KolektorSDD2/train/11840.png,data/extracted/KolektorSDD2/train/11840_GT.png,False,b599625c1d3940a924fab7424336ab9ef60449ff7a383ec6eb28da2ea4cdb00b
train-11841,train,train,data/extracted/KolektorSDD2/train/11841.png,data/extracted/KolektorSDD2/train/11841_GT.png,False,3c7adb7a135494110d79a71744b74455bb2eaabd42e1b470586b4492096e94c7
train-11842,train,train,data/extracted/KolektorSDD2/train/11842.png,data/extracted/KolektorSDD2/train/11842_GT.png,False,0f08b8f5e1bba2989956e1bc7b08ea862b8265da653aa86781c713bae0cf351b
train-11843,train,validation,data/extracted/KolektorSDD2/train/11843.png,data/extracted/KolektorSDD2/train/11843_GT.png,False,686d44daf4be8c40c530069bb4f4198b00b2d368eaded2ee99e5a487e257ce3d
train-11844,train,validation,data/extracted/KolektorSDD2/train/11844.png,data/extracted/KolektorSDD2/train/11844_GT.png,False,63ab993588d0a603a93875d219101c0885c4c2db89b1411c005eeb9776d27d37
train-11845,train,train,data/extracted/KolektorSDD2/train/11845.png,data/extracted/KolektorSDD2/train/11845_GT.png,False,07f373786f6dc2f202a7ca434625ffd4bc66af383f8df4d474b1c2d21a2a552f
train-11846,train,train,data/extracted/KolektorSDD2/train/11846.png,data/extracted/KolektorSDD2/train/11846_GT.png,False,8a7495854aec7aa341df65636fedc7bd05b90290d290a1ed30328dd0ee4f8b4e
train-11847,train,train,data/extracted/KolektorSDD2/train/11847.png,data/extracted/KolektorSDD2/train/11847_GT.png,False,f1bef63f2c74cd04578b92d356ef4343553641f30229a866dc1ee9f790fb570a
train-11848,train,train,data/extracted/KolektorSDD2/train/11848.png,data/extracted/KolektorSDD2/train/11848_GT.png,False,c9c0a31b6512e50ed5decb9414286e534569c03153cda5f0bc7885018f43ee1f
train-11849,train,train,data/extracted/KolektorSDD2/train/11849.png,data/extracted/KolektorSDD2/train/11849_GT.png,False,e035ae0403dbce15353058fbc72ce07cfa31e2ea1c02e27cf1639f245193f102
train-11850,train,train,data/extracted/KolektorSDD2/train/11850.png,data/extracted/KolektorSDD2/train/11850_GT.png,False,fe9e636e73702d5ae90eb60701bd7eaa56e6ac861a26871c2504d7743bc4ee4c
train-11851,train,train,data/extracted/KolektorSDD2/train/11851.png,data/extracted/KolektorSDD2/train/11851_GT.png,True,7f0eb4c72013fb29f83df073e1db4e8df42ac3958e09a4f160dbe74d78ff18ba
train-11852,train,train,data/extracted/KolektorSDD2/train/11852.png,data/extracted/KolektorSDD2/train/11852_GT.png,False,54c74de9f0a67088c759a12b76860f7a3f42d0c2657bcf516d2c1c706182ab3a
train-11853,train,train,data/extracted/KolektorSDD2/train/11853.png,data/extracted/KolektorSDD2/train/11853_GT.png,False,336bc35bbbe7c67107b697bbe474dbb98145709f8cef52e1a064c338f0e66b9a
train-11854,train,validation,data/extracted/KolektorSDD2/train/11854.png,data/extracted/KolektorSDD2/train/11854_GT.png,False,b2ac0a596db4c55e392deeeb92bdafe58d418c9fd49be693ce6990af3c029450
train-11855,train,train,data/extracted/KolektorSDD2/train/11855.png,data/extracted/KolektorSDD2/train/11855_GT.png,False,3ef71f5c5cbf3dc99877fb3d1ea9e6ab2deb7bb0564ed4b8f435a13d55c02ba2
train-11856,train,train,data/extracted/KolektorSDD2/train/11856.png,data/extracted/KolektorSDD2/train/11856_GT.png,False,7d78ff5e397dd3420b0b9bdf28a03d3bbe689826ccd621a3c1b709da38f6e1ff
train-11857,train,train,data/extracted/KolektorSDD2/train/11857.png,data/extracted/KolektorSDD2/train/11857_GT.png,False,14e7355b4c733823c6b0ad0bfd6b8ce4a54237411b55feacf061347c7832bb13
train-11858,train,train,data/extracted/KolektorSDD2/train/11858.png,data/extracted/KolektorSDD2/train/11858_GT.png,True,d3d908893a6e0d82802b0137ba4b4599a56b741fd16ba3adfd13d44c1452d8c1
train-11859,train,train,data/extracted/KolektorSDD2/train/11859.png,data/extracted/KolektorSDD2/train/11859_GT.png,False,30a49b4906f28099fcf8054c495ee3f46f8f62e5da4ac64d88fd12045b2d8d78
train-11860,train,train,data/extracted/KolektorSDD2/train/11860.png,data/extracted/KolektorSDD2/train/11860_GT.png,False,819d1cd4e9094136f372c9ff1a7afa1384dd0eba14df65843ed68fd234a5443d
train-11861,train,train,data/extracted/KolektorSDD2/train/11861.png,data/extracted/KolektorSDD2/train/11861_GT.png,False,d4998b0265478f8d48a1587c6062beb6761464b08d520f50a2b2788a9d8613fe
train-11862,train,train,data/extracted/KolektorSDD2/train/11862.png,data/extracted/KolektorSDD2/train/11862_GT.png,False,62035de41ec75122c1d0309b886635262442c24119887dc141995a1bf5f64e70
train-11863,train,train,data/extracted/KolektorSDD2/train/11863.png,data/extracted/KolektorSDD2/train/11863_GT.png,False,da415831316be8be5aca6591b18a62e40de23621a8779f104f97bba6501b81e5
train-11864,train,train,data/extracted/KolektorSDD2/train/11864.png,data/extracted/KolektorSDD2/train/11864_GT.png,False,d6d639f2151fe966cb32c4cd4655b765f09ba5615b46e255f42d9ddbe3b4c630
train-11865,train,train,data/extracted/KolektorSDD2/train/11865.png,data/extracted/KolektorSDD2/train/11865_GT.png,False,c270a247633481e6afd4f8fd7812a2268bc658acbd600bc6ce7a5123e167ccc2
train-11866,train,train,data/extracted/KolektorSDD2/train/11866.png,data/extracted/KolektorSDD2/train/11866_GT.png,False,b854c6d62eb8c969cf6acc1282fc425fa65689b508a79480843bccbfbaef9547
train-11867,train,validation,data/extracted/KolektorSDD2/train/11867.png,data/extracted/KolektorSDD2/train/11867_GT.png,True,708e51ef87cacaedc5342be3debbd6cb95343c454b9a64e9e734d644a416ab01
train-11868,train,train,data/extracted/KolektorSDD2/train/11868.png,data/extracted/KolektorSDD2/train/11868_GT.png,False,e751b010f2f9a5af97daa457f4eb19f6919bca27f5a38f0f3463ce8e5eb858a1
train-11869,train,validation,data/extracted/KolektorSDD2/train/11869.png,data/extracted/KolektorSDD2/train/11869_GT.png,False,64bc2fce0c3ad16660965cdc5a3e7d659d0b5a81549712c036484926f90e9226
train-11870,train,train,data/extracted/KolektorSDD2/train/11870.png,data/extracted/KolektorSDD2/train/11870_GT.png,True,8132ffe46456086e97269c99498a89c0f90938640e3c5ef9845bad44cbae51bb
train-11871,train,train,data/extracted/KolektorSDD2/train/11871.png,data/extracted/KolektorSDD2/train/11871_GT.png,False,37291f9d93c63d7186d4f55da94a63db01a11077addfe4ba5ad60af324777d34
train-11872,train,train,data/extracted/KolektorSDD2/train/11872.png,data/extracted/KolektorSDD2/train/11872_GT.png,False,b3c69443a052c540f2ab6415e39d24a7e7674f3dde4d54b4d90ccc86bfb4f099
train-11873,train,train,data/extracted/KolektorSDD2/train/11873.png,data/extracted/KolektorSDD2/train/11873_GT.png,False,80662cee1d32361ed73ba8132de14170172feece1ba504dd08d6ef5672be1246
train-11874,train,train,data/extracted/KolektorSDD2/train/11874.png,data/extracted/KolektorSDD2/train/11874_GT.png,True,c7eb278b3591274eb6fb6b6ff1bef23a9701167b471c4687b17c8b07b952fcc5
train-11875,train,train,data/extracted/KolektorSDD2/train/11875.png,data/extracted/KolektorSDD2/train/11875_GT.png,False,7494b2db827560ae6a7f140fb5b80f064d280b471f48c1dcb24f37d94cfccfaf
train-11876,train,train,data/extracted/KolektorSDD2/train/11876.png,data/extracted/KolektorSDD2/train/11876_GT.png,False,76fa78b432aa2d33c2a29ebfd630af091839271b9678f171abd7f77083c1522f
train-11877,train,train,data/extracted/KolektorSDD2/train/11877.png,data/extracted/KolektorSDD2/train/11877_GT.png,False,a87f4c3e6dc7425c91e1523d98f7c5eeb089b2aae9310cf8a11fb69a5c1f2d9e
train-11878,train,validation,data/extracted/KolektorSDD2/train/11878.png,data/extracted/KolektorSDD2/train/11878_GT.png,False,9c4ec1e751530874d5e0697d2f242e0f75167572818f069cfb4dc5c58f885482
train-11879,train,train,data/extracted/KolektorSDD2/train/11879.png,data/extracted/KolektorSDD2/train/11879_GT.png,False,a95764e1d3755ee79d8d6bc1f51edf2458f9f5cacbb855958a67e13fa471e888
train-11880,train,train,data/extracted/KolektorSDD2/train/11880.png,data/extracted/KolektorSDD2/train/11880_GT.png,False,f9f47d379200d2d71050fceb35c160fef1cdbe572d16b6315dd811c3ab130346
train-11881,train,train,data/extracted/KolektorSDD2/train/11881.png,data/extracted/KolektorSDD2/train/11881_GT.png,False,5d3abfe34968a3934fef4e786190302d5163ed73a2d5b6842f1a40a604cb991f
train-11882,train,train,data/extracted/KolektorSDD2/train/11882.png,data/extracted/KolektorSDD2/train/11882_GT.png,False,9a6791379808dfe9335da2aab71cffa849bbd136b2616dc27a7df004ac661738
train-11883,train,train,data/extracted/KolektorSDD2/train/11883.png,data/extracted/KolektorSDD2/train/11883_GT.png,False,6b2e53827d692ea1007f20c2d8e9147fa6efec2013aae3634da7235b230061a2
train-11884,train,train,data/extracted/KolektorSDD2/train/11884.png,data/extracted/KolektorSDD2/train/11884_GT.png,True,fdb14724493eb2b9b613c661d9367e89fd92e38737b575af245c5e3a5a179212
train-11885,train,train,data/extracted/KolektorSDD2/train/11885.png,data/extracted/KolektorSDD2/train/11885_GT.png,False,03395aac53bdaccdb5063369fa431bb1ed6cf05d5799e561466dedcea3232aab
train-11886,train,validation,data/extracted/KolektorSDD2/train/11886.png,data/extracted/KolektorSDD2/train/11886_GT.png,False,c652105a1388f83a01f20aaadb761f0c1de712e65254db8fedc74803991d4366
train-11887,train,train,data/extracted/KolektorSDD2/train/11887.png,data/extracted/KolektorSDD2/train/11887_GT.png,False,93a179aba28f9ca15798fbebeba29f18504045ff05a826283efc33559aabdaa4
train-11888,train,train,data/extracted/KolektorSDD2/train/11888.png,data/extracted/KolektorSDD2/train/11888_GT.png,False,1b71cfa33dde94f06d2deb6d990c47bb631ac3d7a0a345ffa859a08c1a64abc3
train-11889,train,train,data/extracted/KolektorSDD2/train/11889.png,data/extracted/KolektorSDD2/train/11889_GT.png,False,0b599d91f53000ad846021bb566cbff9b860ea1c852b1bdc99d918705bf668ce
train-11890,train,train,data/extracted/KolektorSDD2/train/11890.png,data/extracted/KolektorSDD2/train/11890_GT.png,False,c4f64234c69290c8544bb1cea8bb4ee06c536f3835d6a1ad87ec25f2af6cd776
train-11891,train,train,data/extracted/KolektorSDD2/train/11891.png,data/extracted/KolektorSDD2/train/11891_GT.png,False,fa314473a2536f845b064a95fad4a4ed8486a0dd556dcfd40187c0ffebddcfbe
train-11892,train,train,data/extracted/KolektorSDD2/train/11892.png,data/extracted/KolektorSDD2/train/11892_GT.png,False,5b3f4fa5b53a0276bcf5e8ee43b7743e14ae67a67c28be929f35ec4b097ee378
train-11893,train,train,data/extracted/KolektorSDD2/train/11893.png,data/extracted/KolektorSDD2/train/11893_GT.png,False,01b3d62480aff4a0a8e3fe0bfde1c3e6f8a51d259db1aba74807a5bc0e1d85df
train-11894,train,train,data/extracted/KolektorSDD2/train/11894.png,data/extracted/KolektorSDD2/train/11894_GT.png,False,42e4f4dcd125b7cb3e0d9d234c981d55157b3c539ab25073d5181863436a31b1
train-11895,train,train,data/extracted/KolektorSDD2/train/11895.png,data/extracted/KolektorSDD2/train/11895_GT.png,False,763625de9f231a54a585631b55866fc4f8bc90205a16c6c448cbbacd85328141
train-11896,train,train,data/extracted/KolektorSDD2/train/11896.png,data/extracted/KolektorSDD2/train/11896_GT.png,False,0850f5aa0c5a4550cff89798507ed46dff380d0748f25f660c5aafc0e7a53060
train-11897,train,train,data/extracted/KolektorSDD2/train/11897.png,data/extracted/KolektorSDD2/train/11897_GT.png,False,93b8539aa26b53631a55cd6b8a270435315eca75732918a87ff8b739b8bcb499
train-11898,train,train,data/extracted/KolektorSDD2/train/11898.png,data/extracted/KolektorSDD2/train/11898_GT.png,False,f434c05ff15c0cf465299cad9fb7f07e9500cb8bb77431ed2deb6934ce666d5b
train-11899,train,validation,data/extracted/KolektorSDD2/train/11899.png,data/extracted/KolektorSDD2/train/11899_GT.png,True,fbd6b627b450baad199928d69c0984ef89f9045a274fcacb4674acbfd4335036
train-11900,train,train,data/extracted/KolektorSDD2/train/11900.png,data/extracted/KolektorSDD2/train/11900_GT.png,False,3ca8e6f6cfcf01fc4c3c2f0a9297119c08fb536462c702fb1fa86522f935e529
train-11901,train,train,data/extracted/KolektorSDD2/train/11901.png,data/extracted/KolektorSDD2/train/11901_GT.png,False,dbfcbc63347df8a6f7a61ec8c805a815d2b3a3da7b3d21b1c89c6f64f7b9fc0f
train-11902,train,train,data/extracted/KolektorSDD2/train/11902.png,data/extracted/KolektorSDD2/train/11902_GT.png,False,51c65986d825cad54dc5e677051b35ba988e165f0f5152a3fc92c29ed28a595d
train-11903,train,train,data/extracted/KolektorSDD2/train/11903.png,data/extracted/KolektorSDD2/train/11903_GT.png,False,0bcc840eb9d4dbcbeb2b17de43904409bd2219ce6a2af8ed0221cdef0596ad51
train-11904,train,train,data/extracted/KolektorSDD2/train/11904.png,data/extracted/KolektorSDD2/train/11904_GT.png,False,7de52ec85f1fc2ae23a250c5fd5c0a0729ce6dc9f548ea10d8057a6e194f56f1
train-11905,train,validation,data/extracted/KolektorSDD2/train/11905.png,data/extracted/KolektorSDD2/train/11905_GT.png,True,44198034711cbbaccb351201c407f3311e80d1e793de91a74824504d3934a87a
train-11906,train,validation,data/extracted/KolektorSDD2/train/11906.png,data/extracted/KolektorSDD2/train/11906_GT.png,False,547213d375bea909619f04bb3ee037cbec08a68c6bf739f3e6e570b899fe8188
train-11907,train,train,data/extracted/KolektorSDD2/train/11907.png,data/extracted/KolektorSDD2/train/11907_GT.png,False,06a6fd1b3d64597b907b0897343e82cd8bf2e612a2a1b0136bfd9b5625c07c30
train-11908,train,train,data/extracted/KolektorSDD2/train/11908.png,data/extracted/KolektorSDD2/train/11908_GT.png,False,214ee2237f1ce7c02029d1670a04816ca832b3746416094315b01bec1779fe6d
train-11909,train,train,data/extracted/KolektorSDD2/train/11909.png,data/extracted/KolektorSDD2/train/11909_GT.png,False,5a042fd2e16aac02310e0b19056e110f86832e2ef4897f1a8b82c8c333b33eb0
train-11910,train,train,data/extracted/KolektorSDD2/train/11910.png,data/extracted/KolektorSDD2/train/11910_GT.png,False,d56c043e1fa3fa1058cc8fa26ecb789d21352e286ebb2e1f59f89560a0182812
train-11911,train,train,data/extracted/KolektorSDD2/train/11911.png,data/extracted/KolektorSDD2/train/11911_GT.png,False,13cdf89d33baccce8dd3a18a094157daa488a43f79d87237e59f60959df8f731
train-11912,train,train,data/extracted/KolektorSDD2/train/11912.png,data/extracted/KolektorSDD2/train/11912_GT.png,True,cfa30b5d1e867884f044ffdd779126945bc6fbb8f41b348e8511c75c73b85505
train-11913,train,train,data/extracted/KolektorSDD2/train/11913.png,data/extracted/KolektorSDD2/train/11913_GT.png,False,a7424530b16230ec329d9a6654d73ad08b0a1e0f184c60c3508f59f60e9c085d
train-11914,train,train,data/extracted/KolektorSDD2/train/11914.png,data/extracted/KolektorSDD2/train/11914_GT.png,False,debb83f2cdc309b351d89cb128bfed2d96be102913a63f18ba82da5dec04694b
train-11915,train,train,data/extracted/KolektorSDD2/train/11915.png,data/extracted/KolektorSDD2/train/11915_GT.png,False,7290559d4fb3ee2259b4b642173539a0257ddf563c726b36d45fac2ccc9e77e8
train-11916,train,train,data/extracted/KolektorSDD2/train/11916.png,data/extracted/KolektorSDD2/train/11916_GT.png,False,334d4bf0439895134c190d7ee8fa33d0aed63904e6a3429c621a73a4dc612ac4
train-11917,train,train,data/extracted/KolektorSDD2/train/11917.png,data/extracted/KolektorSDD2/train/11917_GT.png,True,902bb0636df69daab4e8f51cf2df3b90b5ccdc53865da397871d0ea07f25941a
train-11918,train,train,data/extracted/KolektorSDD2/train/11918.png,data/extracted/KolektorSDD2/train/11918_GT.png,False,f6e81c8ca39d99894829c265b26a0bab60541ed2a56b74b43f1431958ecd993a
train-11919,train,train,data/extracted/KolektorSDD2/train/11919.png,data/extracted/KolektorSDD2/train/11919_GT.png,False,467690f3457956edae44fd9eb37b6a434a6e0641a58b68a2eec7bda88dfba955
train-11920,train,train,data/extracted/KolektorSDD2/train/11920.png,data/extracted/KolektorSDD2/train/11920_GT.png,True,a9bffa54cb3974074711fefcafa6d82a7f40d2ba403a72aa5a5e7ebd3024c82f
train-11921,train,train,data/extracted/KolektorSDD2/train/11921.png,data/extracted/KolektorSDD2/train/11921_GT.png,False,2e88e8d4150b562882c658f43eaa590643cdc2badcb0c34e27945715b4230154
train-11922,train,validation,data/extracted/KolektorSDD2/train/11922.png,data/extracted/KolektorSDD2/train/11922_GT.png,False,ec63ed5d4ddce7e90e0d2b44914085db4a0e1e73ccfffcc3adb9ac6c35c99e93
train-11923,train,train,data/extracted/KolektorSDD2/train/11923.png,data/extracted/KolektorSDD2/train/11923_GT.png,True,45e824e280caea35737ee3a28cb265bf793209a42304b8b5ba377a84ee23e27f
train-11924,train,train,data/extracted/KolektorSDD2/train/11924.png,data/extracted/KolektorSDD2/train/11924_GT.png,True,da5d6696226fe53e2be3a721ac317178b9953c649c48042e96717db40a63d96a
train-11925,train,train,data/extracted/KolektorSDD2/train/11925.png,data/extracted/KolektorSDD2/train/11925_GT.png,False,12524559b6a45a7a5cdcf3e2f779bc94affc005a10ba83ea947d9ae614b58fc4
train-11926,train,train,data/extracted/KolektorSDD2/train/11926.png,data/extracted/KolektorSDD2/train/11926_GT.png,False,a1e8ad68f95bdc8dc6647adbefc804c362a8e2d7c2cea591286f74c00f482055
train-11927,train,train,data/extracted/KolektorSDD2/train/11927.png,data/extracted/KolektorSDD2/train/11927_GT.png,True,e91c246e1dfa5cbac7ce1f161fbdd77ad0179270c52398bdd72a429315fd8227
train-11928,train,train,data/extracted/KolektorSDD2/train/11928.png,data/extracted/KolektorSDD2/train/11928_GT.png,False,dad2b62afa0b6ab056c5a6bb18a948d2dc596e66b5bc449dd04420bdb35dea72
train-11929,train,train,data/extracted/KolektorSDD2/train/11929.png,data/extracted/KolektorSDD2/train/11929_GT.png,False,cb51c2f9371ebab4a3558ff4cbbf1958af55595a0e945295f70637eb0b19f607
train-11930,train,validation,data/extracted/KolektorSDD2/train/11930.png,data/extracted/KolektorSDD2/train/11930_GT.png,False,51f971ee89f5a79e470cb30faa0e1b73b321f1d83c935709c65e28ae1e60adae
train-11931,train,validation,data/extracted/KolektorSDD2/train/11931.png,data/extracted/KolektorSDD2/train/11931_GT.png,False,22cca88d26a21098f55c9cf1f3b86ed8bbaaf6e0d4dbc8d25bc91fd0745629f4
train-11932,train,train,data/extracted/KolektorSDD2/train/11932.png,data/extracted/KolektorSDD2/train/11932_GT.png,False,081af9268838d7978444c26432e47ed2c2fe69202482f234d8a783882d867c09
train-11933,train,validation,data/extracted/KolektorSDD2/train/11933.png,data/extracted/KolektorSDD2/train/11933_GT.png,False,ad17f00588485071653c709953928fe27665c0af4d4a6853b515b136265f2c0d
train-11934,train,train,data/extracted/KolektorSDD2/train/11934.png,data/extracted/KolektorSDD2/train/11934_GT.png,False,e25711d9bf9b96fce489f98fef9f1286bfed3b2167d5901b695bc56c1866bbaf
train-11935,train,train,data/extracted/KolektorSDD2/train/11935.png,data/extracted/KolektorSDD2/train/11935_GT.png,False,ca704b2951949c8248477889008e7a9dbae53230cd2bd9f8e1360e6d4918b832
train-11936,train,train,data/extracted/KolektorSDD2/train/11936.png,data/extracted/KolektorSDD2/train/11936_GT.png,False,616a14fee1a62c3c26734f9976e875dba04f5b30d3668a305d3cb0df975353e4
train-11937,train,train,data/extracted/KolektorSDD2/train/11937.png,data/extracted/KolektorSDD2/train/11937_GT.png,False,1e24efdc5fb7c29e6cab86abf1e91ef3cfe86335483f02f675e7dadb045b4671
train-11938,train,train,data/extracted/KolektorSDD2/train/11938.png,data/extracted/KolektorSDD2/train/11938_GT.png,False,3f165357a76abb21358fdefa54e0cd8b6ef92df0acdd248b673164aabe0f5d6e
train-11939,train,validation,data/extracted/KolektorSDD2/train/11939.png,data/extracted/KolektorSDD2/train/11939_GT.png,False,6fc2f0a05bd2e7602a4db3ef5e2cec47325deb5a2b62427622f2205a73f40b1e
train-11940,train,train,data/extracted/KolektorSDD2/train/11940.png,data/extracted/KolektorSDD2/train/11940_GT.png,False,0a7a683ab5cd44f9fbda7fae637cd43feb870109ef7ff489e88b4689492b278b
train-11941,train,train,data/extracted/KolektorSDD2/train/11941.png,data/extracted/KolektorSDD2/train/11941_GT.png,False,97090102ffc7892707513ec65592f9f25429e8e1ff167413734a22bc62024499
train-11942,train,train,data/extracted/KolektorSDD2/train/11942.png,data/extracted/KolektorSDD2/train/11942_GT.png,False,a2609818a9b0db5c582c805ba8bb3c264756ed48f30024fa89437b4fe6c0eacb
train-11943,train,train,data/extracted/KolektorSDD2/train/11943.png,data/extracted/KolektorSDD2/train/11943_GT.png,False,90a2a8c90896ee44a9725817bdfd28d8aeec86ec8db3928ddfb91d1fd9b2f8cd
train-11944,train,train,data/extracted/KolektorSDD2/train/11944.png,data/extracted/KolektorSDD2/train/11944_GT.png,False,5192ba3e0900b08b618224c4539613786beb59b3fd34ccc023aef3656a309795
train-11945,train,train,data/extracted/KolektorSDD2/train/11945.png,data/extracted/KolektorSDD2/train/11945_GT.png,False,486b88335ad76eaebdebadee2e83d67aee83b824e85caa71a4203a726d356e29
train-11946,train,train,data/extracted/KolektorSDD2/train/11946.png,data/extracted/KolektorSDD2/train/11946_GT.png,False,fb666664e8d134c12b74478158bbc8f0b122a2c44d9965d6e7fe6b0f8e4b91a2
train-11947,train,validation,data/extracted/KolektorSDD2/train/11947.png,data/extracted/KolektorSDD2/train/11947_GT.png,False,90b750964e03d2b65994d88c09a9b894ae9a38da5ea15a0384b7c58ba7267236
train-11948,train,train,data/extracted/KolektorSDD2/train/11948.png,data/extracted/KolektorSDD2/train/11948_GT.png,False,3ced888768790002e696b111943fa58eaba407396d35bf9cc84706dc124f0447
train-11949,train,validation,data/extracted/KolektorSDD2/train/11949.png,data/extracted/KolektorSDD2/train/11949_GT.png,False,3498c8dc7f33a66befd26b817b1a528de696a8d4f80d940f8d0bf27377b2379f
train-11950,train,validation,data/extracted/KolektorSDD2/train/11950.png,data/extracted/KolektorSDD2/train/11950_GT.png,False,375ef5df99ff6b223fd842f937b945ec072d310cc8e76447c4c85c18aeedd1e0
train-11951,train,train,data/extracted/KolektorSDD2/train/11951.png,data/extracted/KolektorSDD2/train/11951_GT.png,False,4a55ebee8a4b7c736507ec472793601703b736e9aa346885b2cb18c49c014642
train-11952,train,train,data/extracted/KolektorSDD2/train/11952.png,data/extracted/KolektorSDD2/train/11952_GT.png,False,40d1a99a5f5119b366d969744022da91567b9d01175c491878f428f37496e0ab
train-11953,train,train,data/extracted/KolektorSDD2/train/11953.png,data/extracted/KolektorSDD2/train/11953_GT.png,False,b4388c73bed9d0c95458eaf28be3344402893b391ff7d2480f524eebb33777a0
train-11954,train,train,data/extracted/KolektorSDD2/train/11954.png,data/extracted/KolektorSDD2/train/11954_GT.png,False,09445ccf8c5e8c7afa3a8080ffbbf44a0a068f4cf72d842c52edc3c275752484
train-11955,train,train,data/extracted/KolektorSDD2/train/11955.png,data/extracted/KolektorSDD2/train/11955_GT.png,False,7535db2780fb1345f96b22de1c0a2416631557b5fdba6f94313180f23bd4dc46
train-11956,train,train,data/extracted/KolektorSDD2/train/11956.png,data/extracted/KolektorSDD2/train/11956_GT.png,True,e98360602903ab9c386290859c1160fef5052935837a1c9705823430b8c95ad8
train-11957,train,train,data/extracted/KolektorSDD2/train/11957.png,data/extracted/KolektorSDD2/train/11957_GT.png,True,323d629d60cf61fcfe078b3cce66ef6cf9a5ad6ccb90f512d9b0100d0d0602f1
train-11958,train,train,data/extracted/KolektorSDD2/train/11958.png,data/extracted/KolektorSDD2/train/11958_GT.png,False,028634afbd399cd7db43512c57cfaa273f6e6d7880583d18c3fe43994d51686c
train-11959,train,validation,data/extracted/KolektorSDD2/train/11959.png,data/extracted/KolektorSDD2/train/11959_GT.png,False,589ee133e71aa5b9a61123cb9683b91ee7cc5ee3fba7f0c6f39120057552b2d6
train-11960,train,train,data/extracted/KolektorSDD2/train/11960.png,data/extracted/KolektorSDD2/train/11960_GT.png,False,0e31509b53fd3b27dc575621296bd39b22430e1395212b0120df7c3a5f94716d
train-11961,train,train,data/extracted/KolektorSDD2/train/11961.png,data/extracted/KolektorSDD2/train/11961_GT.png,False,616528e4c357e16ed4da2ef3729c22ae4b020fe4f29500d12209bc028ec818dd
train-11962,train,train,data/extracted/KolektorSDD2/train/11962.png,data/extracted/KolektorSDD2/train/11962_GT.png,True,c3cf09a2f790a62fbe70464d00ae8d96cd2e5d0d739e8b2cefddf6b930bd9880
train-11963,train,train,data/extracted/KolektorSDD2/train/11963.png,data/extracted/KolektorSDD2/train/11963_GT.png,False,63ab4766a8c73014e7561500ce2a77070bcd8322c27f3efc99f427265bc78428
train-11964,train,train,data/extracted/KolektorSDD2/train/11964.png,data/extracted/KolektorSDD2/train/11964_GT.png,False,47eb1bc281ece0ee89763728101a4667c319fa66413673d6b77ff292261b50a3
train-11965,train,train,data/extracted/KolektorSDD2/train/11965.png,data/extracted/KolektorSDD2/train/11965_GT.png,False,c46af71589dbc31db082825ceaf12584341a95de254f3b3627eb714a5590ee77
train-11966,train,train,data/extracted/KolektorSDD2/train/11966.png,data/extracted/KolektorSDD2/train/11966_GT.png,False,275df6a46beeb8ad556646c0de15005fad61e553ce494b4a28b2210bf322ba68
train-11967,train,train,data/extracted/KolektorSDD2/train/11967.png,data/extracted/KolektorSDD2/train/11967_GT.png,False,2d6ad65322e435f060f033f616d55e61f5a04bb5083a8bc6e7bfa7364fcc5240
train-11968,train,train,data/extracted/KolektorSDD2/train/11968.png,data/extracted/KolektorSDD2/train/11968_GT.png,False,6acb33a6d18249ef707b65e0aab3e593347310acb88984eb2f31f7dda85c5591
train-11969,train,validation,data/extracted/KolektorSDD2/train/11969.png,data/extracted/KolektorSDD2/train/11969_GT.png,True,716915888eb4466d5b3fc05693a96169efe043f3b8d0f45fc642c7bc16676104
train-11970,train,train,data/extracted/KolektorSDD2/train/11970.png,data/extracted/KolektorSDD2/train/11970_GT.png,False,63e05fceeedb155bcf81506a0a28a57bf6c1152843d2ab363b298a1880cd980c
train-11971,train,train,data/extracted/KolektorSDD2/train/11971.png,data/extracted/KolektorSDD2/train/11971_GT.png,False,ceefdc74988443332ac81e3700ba07270105155c49d9643a4e02c3769ce6ce4e
train-11972,train,train,data/extracted/KolektorSDD2/train/11972.png,data/extracted/KolektorSDD2/train/11972_GT.png,False,59bbf268c4a6156114fccd8b2f1befffead10a6a03f8565d78c893b4394f0c86
train-11973,train,validation,data/extracted/KolektorSDD2/train/11973.png,data/extracted/KolektorSDD2/train/11973_GT.png,False,57e81bd2efa12f0c46a4df107c96497aa8648e462cf233ec146731c4e6f20fc3
train-11974,train,train,data/extracted/KolektorSDD2/train/11974.png,data/extracted/KolektorSDD2/train/11974_GT.png,False,3a3de86d678e756eb6beccb7f33e022bd9cfb5b285e42164d463ddc1f116e21d
train-11975,train,validation,data/extracted/KolektorSDD2/train/11975.png,data/extracted/KolektorSDD2/train/11975_GT.png,False,57df20f147c2228a3d4f84e95d8eab56a9171a03821857c41e84eca7a3253f24
train-11976,train,train,data/extracted/KolektorSDD2/train/11976.png,data/extracted/KolektorSDD2/train/11976_GT.png,False,713c9dae339269be87e11847c01679381750366125bbc86790f353665fd080e6
train-11977,train,train,data/extracted/KolektorSDD2/train/11977.png,data/extracted/KolektorSDD2/train/11977_GT.png,False,8c9bebcb46f9f6244b60524cea8f66ccb25f51b6b79db22c8d84590e1f7dfd40
train-11978,train,train,data/extracted/KolektorSDD2/train/11978.png,data/extracted/KolektorSDD2/train/11978_GT.png,False,6fec0ea3d29a6893a0bab1c4274a69c08199c3ce0f391860a33f39b617f6f1f7
train-11979,train,train,data/extracted/KolektorSDD2/train/11979.png,data/extracted/KolektorSDD2/train/11979_GT.png,False,171e97c8e3f2877ef52c7815ae77516def9ea7f219fd1d61c987edf2875cb413
train-11980,train,train,data/extracted/KolektorSDD2/train/11980.png,data/extracted/KolektorSDD2/train/11980_GT.png,True,c6198f745ed7f93321113771135dd696575089fcc243bf1f3cd6ebc6aa90a444
train-11981,train,train,data/extracted/KolektorSDD2/train/11981.png,data/extracted/KolektorSDD2/train/11981_GT.png,False,729b13d824d0ab1ca2ab757a5313a73392bb3186520a9226c2645869f9ad635f
train-11982,train,train,data/extracted/KolektorSDD2/train/11982.png,data/extracted/KolektorSDD2/train/11982_GT.png,False,8e0fb1bf24f3adaeb5c3f49692080f2d418ad074289abe176a2c667047c35f13
train-11983,train,train,data/extracted/KolektorSDD2/train/11983.png,data/extracted/KolektorSDD2/train/11983_GT.png,False,a65b75b09f6fd12cd9de1f90f8ff8f4c212f9060aeed07d7da7bca1304f63d21
train-11984,train,train,data/extracted/KolektorSDD2/train/11984.png,data/extracted/KolektorSDD2/train/11984_GT.png,False,3477dde5ca8a1c905ea98663f25b89dc7090b8b66f8936f063df8a6b34026588
train-11985,train,validation,data/extracted/KolektorSDD2/train/11985.png,data/extracted/KolektorSDD2/train/11985_GT.png,False,a268a5b248a9e8cb237972e4d371249b90b0922e61083b3ebaf3532743804beb
train-11986,train,train,data/extracted/KolektorSDD2/train/11986.png,data/extracted/KolektorSDD2/train/11986_GT.png,True,795a6400f73060936c9af7de198cd05102d357bfa206fc55dc3bbf405a58432a
train-11987,train,train,data/extracted/KolektorSDD2/train/11987.png,data/extracted/KolektorSDD2/train/11987_GT.png,False,36bdd3fbecc092ee4ace1110f725361bb9c27de62e64929d3f14464e908c8e40
train-11988,train,validation,data/extracted/KolektorSDD2/train/11988.png,data/extracted/KolektorSDD2/train/11988_GT.png,False,00e6bde7bb5203b1853f7d239f5f7ed27e87e5bc64e97df71f72ba6513b5e26b
train-11989,train,train,data/extracted/KolektorSDD2/train/11989.png,data/extracted/KolektorSDD2/train/11989_GT.png,False,30fb6a4846a2786729241f662dbb14664c4ccbfe026002a440bcb482646499f2
train-11990,train,train,data/extracted/KolektorSDD2/train/11990.png,data/extracted/KolektorSDD2/train/11990_GT.png,False,7fb19e005630b2d9fbabf293209a2e147eed37e3f512de7bd88bfb063113ec10
train-11991,train,train,data/extracted/KolektorSDD2/train/11991.png,data/extracted/KolektorSDD2/train/11991_GT.png,False,d1413c559fa6d68dea7962c9d853a84a991daa205df89fac9c89c14b84afd57b
train-11992,train,train,data/extracted/KolektorSDD2/train/11992.png,data/extracted/KolektorSDD2/train/11992_GT.png,False,fb748581a5b15e2196d6b70c5fcaaf09298712b6942e7f096c3f77278e9d8bde
train-11993,train,train,data/extracted/KolektorSDD2/train/11993.png,data/extracted/KolektorSDD2/train/11993_GT.png,False,025de508337343ea03d5c7ef476212e9319cb0ce5b90ad2becf98f68d9edc00c
train-11994,train,train,data/extracted/KolektorSDD2/train/11994.png,data/extracted/KolektorSDD2/train/11994_GT.png,False,67a3e9ce88cfc94f270f8b044052b9350ff181aca38fe8f1f782e592a8d71351
train-11995,train,validation,data/extracted/KolektorSDD2/train/11995.png,data/extracted/KolektorSDD2/train/11995_GT.png,False,4ea1ad8f2e17a23e8aa58fffa3e8660f528d227234805c7566eeaef09e8f9447
train-11996,train,validation,data/extracted/KolektorSDD2/train/11996.png,data/extracted/KolektorSDD2/train/11996_GT.png,False,94798e4f0df6ba5725b64e3c2114f30f4bce2eade3757ff0a37093473e054f16
train-11997,train,train,data/extracted/KolektorSDD2/train/11997.png,data/extracted/KolektorSDD2/train/11997_GT.png,False,0b5c957513a961f8d6f368f4f6a4231ffbd32d9e84954b04ada6550bc9fe2485
train-11998,train,train,data/extracted/KolektorSDD2/train/11998.png,data/extracted/KolektorSDD2/train/11998_GT.png,False,0a9651eea6c962a5c80d5291e3b0848fbd5107c623a9dcdf72acc1a8c84f0399
train-11999,train,train,data/extracted/KolektorSDD2/train/11999.png,data/extracted/KolektorSDD2/train/11999_GT.png,False,2f6a6456422b5544a9cce8be9265bc7e51ce6265710d3c070861ee60735b20e5
train-12000,train,train,data/extracted/KolektorSDD2/train/12000.png,data/extracted/KolektorSDD2/train/12000_GT.png,False,015b83393e596ce0809477a423e78a83410bdd1b6a45aaccdc6b955aaa97c318
train-12001,train,train,data/extracted/KolektorSDD2/train/12001.png,data/extracted/KolektorSDD2/train/12001_GT.png,False,d7935884b994e6fae7aae710199b5b1b0e29897494e4e602d1ba0c1b9828628d
train-12002,train,train,data/extracted/KolektorSDD2/train/12002.png,data/extracted/KolektorSDD2/train/12002_GT.png,False,8df201ad44395e5b40865989192bdac382aad5f9b1c78b7335f21ec176ca0bcb
train-12003,train,train,data/extracted/KolektorSDD2/train/12003.png,data/extracted/KolektorSDD2/train/12003_GT.png,False,312626b7b4b18e14c19792d369a38cedf2a1bbda4ac1b519e087ad4158c138f0
train-12004,train,train,data/extracted/KolektorSDD2/train/12004.png,data/extracted/KolektorSDD2/train/12004_GT.png,False,420888b20db1891bde587d1e2663f6e805a290db105ef6bddb9ad97282628e01
train-12005,train,train,data/extracted/KolektorSDD2/train/12005.png,data/extracted/KolektorSDD2/train/12005_GT.png,False,116c8671b8d29ff7e6f37f55b5bf241cb45ec8950e02f7fd776cfe9443b85b81
train-12006,train,validation,data/extracted/KolektorSDD2/train/12006.png,data/extracted/KolektorSDD2/train/12006_GT.png,False,e6891185fc67493e75f6fb7f044097c8bbd2cc929ddc7cf21fcd1a46a7f94847
train-12007,train,train,data/extracted/KolektorSDD2/train/12007.png,data/extracted/KolektorSDD2/train/12007_GT.png,False,73839375dab1b27ae0091e12b90902b5f70335f1d7d06008f53c36cf58e1e761
train-12008,train,train,data/extracted/KolektorSDD2/train/12008.png,data/extracted/KolektorSDD2/train/12008_GT.png,True,e47e67ae7f06892bb536cf3cb0a0908fc941d7b2b0b7e6c28db7fe9aed99f177
train-12009,train,train,data/extracted/KolektorSDD2/train/12009.png,data/extracted/KolektorSDD2/train/12009_GT.png,False,2f04e2e7c1d0257ec791db33554dd630d910658cdbf807b8cd399d026940d4be
train-12010,train,train,data/extracted/KolektorSDD2/train/12010.png,data/extracted/KolektorSDD2/train/12010_GT.png,False,6b82279c6577cb920a21e8d4e08ce33fd636356cc8cd9c9e785c2d1f74f8dc51
train-12011,train,train,data/extracted/KolektorSDD2/train/12011.png,data/extracted/KolektorSDD2/train/12011_GT.png,False,c7c01f65c486a1b20903785758565fd319a4e3122c8925d70cfe3c770ce5d989
train-12012,train,train,data/extracted/KolektorSDD2/train/12012.png,data/extracted/KolektorSDD2/train/12012_GT.png,False,70fe9f35793a3e63266a5279c27a979fdbc2774f4d75573366b5a4012370f118
train-12013,train,train,data/extracted/KolektorSDD2/train/12013.png,data/extracted/KolektorSDD2/train/12013_GT.png,False,f1544c4583873c1f6cdb85409de51235de7975bfd9edfdea64a72a04bd6a667f
train-12014,train,train,data/extracted/KolektorSDD2/train/12014.png,data/extracted/KolektorSDD2/train/12014_GT.png,False,3af328244378ed46eab82c9711f319ae9602d98fe321ba389623587213e25c5a
train-12015,train,train,data/extracted/KolektorSDD2/train/12015.png,data/extracted/KolektorSDD2/train/12015_GT.png,False,41916f3b38756a5841ac49a0a6fd45a7656e221651239750843be5e7e9d35eb7
train-12016,train,train,data/extracted/KolektorSDD2/train/12016.png,data/extracted/KolektorSDD2/train/12016_GT.png,False,b605eb3cddf11467fe0d32d1983e6540ad8d161cc778be0370740f0de47a9445
train-12017,train,train,data/extracted/KolektorSDD2/train/12017.png,data/extracted/KolektorSDD2/train/12017_GT.png,False,c1d8d2ea3caf4eb14710584fff76438a2104a46d2c29021df6aae711812ab0ee
train-12018,train,train,data/extracted/KolektorSDD2/train/12018.png,data/extracted/KolektorSDD2/train/12018_GT.png,False,000e879c3b51485801bef6d6152ba2a2ebe88d02c07dbf1349b48285299c8b5d
train-12019,train,validation,data/extracted/KolektorSDD2/train/12019.png,data/extracted/KolektorSDD2/train/12019_GT.png,False,2cec946be5ee4ac92795691ee5efeeea285e26ccac1d29c4c00bedd0fee64ea8
train-12020,train,train,data/extracted/KolektorSDD2/train/12020.png,data/extracted/KolektorSDD2/train/12020_GT.png,False,e6873dcb49a0c92602b1f9eb55b7dbae39814fecb55abdf88ac747f5c38950e5
train-12021,train,train,data/extracted/KolektorSDD2/train/12021.png,data/extracted/KolektorSDD2/train/12021_GT.png,False,0a1dab8164ab303308ec57e90d2e6e82f635b2a8a96ee6ca3c1f713f9ef01999
train-12022,train,train,data/extracted/KolektorSDD2/train/12022.png,data/extracted/KolektorSDD2/train/12022_GT.png,False,55a97048086f888b6a558d24e73f7ec9bb6485e6928309a3c961ab2ed0844228
train-12023,train,train,data/extracted/KolektorSDD2/train/12023.png,data/extracted/KolektorSDD2/train/12023_GT.png,False,9f2d36a1cbcdbae864834f4f8b5f115c076d693bed5176cece38abfb9ffe69e4
train-12024,train,train,data/extracted/KolektorSDD2/train/12024.png,data/extracted/KolektorSDD2/train/12024_GT.png,False,5ec6c312f7cf81992e29a1144d97078c485a01e1aebb4d04220d31009cf1af82
train-12025,train,train,data/extracted/KolektorSDD2/train/12025.png,data/extracted/KolektorSDD2/train/12025_GT.png,False,c953c083e3a86ce9d17cf9e6eb0fee643bef317a39c55412182c8a0acb34ad33
train-12026,train,train,data/extracted/KolektorSDD2/train/12026.png,data/extracted/KolektorSDD2/train/12026_GT.png,True,04ac6994623e39e5f61ffad71c24406faba6ddc1f18455b984d59d3417b12100
train-12027,train,train,data/extracted/KolektorSDD2/train/12027.png,data/extracted/KolektorSDD2/train/12027_GT.png,False,b8526a1b4c61f41a927bea9e8e378eb55f167355604e495156b34bc9c810103f
train-12028,train,validation,data/extracted/KolektorSDD2/train/12028.png,data/extracted/KolektorSDD2/train/12028_GT.png,True,c0ec2fd0ebe7f45013993d12d64c1b2c23547e7a85c1019a8f2e5d424b68c0d0
train-12029,train,train,data/extracted/KolektorSDD2/train/12029.png,data/extracted/KolektorSDD2/train/12029_GT.png,False,2de0aa9d61a7f878fabcba3601defdf7252d172fb9da2d1254c4e2bb5ae8fa52
train-12030,train,train,data/extracted/KolektorSDD2/train/12030.png,data/extracted/KolektorSDD2/train/12030_GT.png,False,1efd5c130d317569d16c03beda50c428be19cd3872a1240ba614f1c77ef357f8
train-12031,train,train,data/extracted/KolektorSDD2/train/12031.png,data/extracted/KolektorSDD2/train/12031_GT.png,False,2ead442191f292b85aa8f1d846fba9928181df84eac38db753a6a8e0b9779efb
train-12032,train,train,data/extracted/KolektorSDD2/train/12032.png,data/extracted/KolektorSDD2/train/12032_GT.png,False,67604a7ab61dfee0de00f3fb896534c6f453253e6af212cab5c32138b53f0126
train-12033,train,train,data/extracted/KolektorSDD2/train/12033.png,data/extracted/KolektorSDD2/train/12033_GT.png,False,71806112c5cc0bc305e629c9b370052ae329992971a773e6755f9081abcf6363
train-12034,train,train,data/extracted/KolektorSDD2/train/12034.png,data/extracted/KolektorSDD2/train/12034_GT.png,False,dd0357c420a1eec428752ab7d9947072d4db9b4410b4241e02a5169b7d9c4641
train-12035,train,train,data/extracted/KolektorSDD2/train/12035.png,data/extracted/KolektorSDD2/train/12035_GT.png,False,14db1b4ee2c99b5ce601757794e89e530e86a201dadff9d4728f00a51aebbafe
train-12036,train,train,data/extracted/KolektorSDD2/train/12036.png,data/extracted/KolektorSDD2/train/12036_GT.png,False,bd75f7da8a17c393ac70660a9cbcd1e76c5e775fca26e223a0a7f70e2ddf3d4d
train-12037,train,train,data/extracted/KolektorSDD2/train/12037.png,data/extracted/KolektorSDD2/train/12037_GT.png,False,f45085ab3fdf772f45ed6ec791301dee9f9064860af89b9867ccc73df68db127
train-12038,train,train,data/extracted/KolektorSDD2/train/12038.png,data/extracted/KolektorSDD2/train/12038_GT.png,False,6cdaecd41f81b296c6430e79b577a97b383ef50657ffb98349f1b635852eaa5c
train-12039,train,train,data/extracted/KolektorSDD2/train/12039.png,data/extracted/KolektorSDD2/train/12039_GT.png,False,e6f8cd86e90a9d8f3bf664ab8d6f80b05c22e1218ef2b86091a4675381041c01
train-12040,train,train,data/extracted/KolektorSDD2/train/12040.png,data/extracted/KolektorSDD2/train/12040_GT.png,False,ba04e8dc9b110073e10c3aac34ead85b1c34738375ddd2b269f7f34c9624cfac
train-12041,train,train,data/extracted/KolektorSDD2/train/12041.png,data/extracted/KolektorSDD2/train/12041_GT.png,True,9c9f48fa0687abff795ae7852c3a2a0a06984551c1d6b5e3509af10c7e1da742
train-12042,train,train,data/extracted/KolektorSDD2/train/12042.png,data/extracted/KolektorSDD2/train/12042_GT.png,False,7f8cf473a38f8c2a23cd9982c8a8120d802a883dcab5b75e141bfb530dc4678a
train-12043,train,train,data/extracted/KolektorSDD2/train/12043.png,data/extracted/KolektorSDD2/train/12043_GT.png,False,289e35a1167171b9295b72882c98a4b8534fdbf816238bba17cd4038331da5cb
train-12044,train,train,data/extracted/KolektorSDD2/train/12044.png,data/extracted/KolektorSDD2/train/12044_GT.png,False,797bf63646751db3083c92a7c7baa5da082d003c05fda829cd933d56079b1985
train-12045,train,train,data/extracted/KolektorSDD2/train/12045.png,data/extracted/KolektorSDD2/train/12045_GT.png,False,bc5e15696d2a27a6361024f7a7a04c84c4028d8b406f4de7efb60a112e2cafe0
train-12046,train,train,data/extracted/KolektorSDD2/train/12046.png,data/extracted/KolektorSDD2/train/12046_GT.png,False,751fbab1e8871c6158f8cdd0f04dd71a6a8ca060396aa399791c3900394d567a
train-12047,train,train,data/extracted/KolektorSDD2/train/12047.png,data/extracted/KolektorSDD2/train/12047_GT.png,False,eaa015cf5275ab6bbaabff8ef324bf3f806e0d7054522263683f778b9d4a358d
train-12048,train,train,data/extracted/KolektorSDD2/train/12048.png,data/extracted/KolektorSDD2/train/12048_GT.png,False,41098b919aff2845ecda33e24908b56b0cb9d743dc4be9ff107a63962997d134
train-12049,train,train,data/extracted/KolektorSDD2/train/12049.png,data/extracted/KolektorSDD2/train/12049_GT.png,False,cb60e75d39c22d64f690738f101da5a6bdae181459500f442c682a8079e41ae2
train-12050,train,validation,data/extracted/KolektorSDD2/train/12050.png,data/extracted/KolektorSDD2/train/12050_GT.png,True,c2d82a6040d46abf7f5136028334f0fe968fc0e38a53432ff57d15ffac39c155
train-12051,train,train,data/extracted/KolektorSDD2/train/12051.png,data/extracted/KolektorSDD2/train/12051_GT.png,False,789b449d0be15336e7d6d357760ab5bec3fbec53c537a659f7787f8a051ae707
train-12052,train,train,data/extracted/KolektorSDD2/train/12052.png,data/extracted/KolektorSDD2/train/12052_GT.png,False,e4c37c63fbf0ad75f42f16bc93e61f6d6253bfd6705f1f9a1c3756b77d8208c6
train-12053,train,train,data/extracted/KolektorSDD2/train/12053.png,data/extracted/KolektorSDD2/train/12053_GT.png,False,fc83866cd7bfebb82880a3b69ea1081a062f77bf5254149fb2a3912a072419dd
train-12054,train,train,data/extracted/KolektorSDD2/train/12054.png,data/extracted/KolektorSDD2/train/12054_GT.png,False,803a204ffb85aed48184c61b50b2015a6afd9f44e80b969af64d9e2a7772ee6b
train-12055,train,validation,data/extracted/KolektorSDD2/train/12055.png,data/extracted/KolektorSDD2/train/12055_GT.png,False,8cac4b362138a045a7ef60092e914b18233c977402a9248b2a38084910dd872b
train-12056,train,train,data/extracted/KolektorSDD2/train/12056.png,data/extracted/KolektorSDD2/train/12056_GT.png,True,e6d2bfd3fefde3913d98079c716f3743071f5ab4980f340be19669c99b61941b
train-12057,train,train,data/extracted/KolektorSDD2/train/12057.png,data/extracted/KolektorSDD2/train/12057_GT.png,False,eea0bfd493211a866ea7c14e71bc48e3884c7e94a8e7fae5dd2ef58eb2e22719
train-12058,train,validation,data/extracted/KolektorSDD2/train/12058.png,data/extracted/KolektorSDD2/train/12058_GT.png,False,c2b955736311d23bfcf146b42d3f779a30d75e5bb7aa4286961b0e04ea8e94b0
train-12059,train,train,data/extracted/KolektorSDD2/train/12059.png,data/extracted/KolektorSDD2/train/12059_GT.png,False,fb8441a33d32cce6e4bbfde7f2e3486f41b92f1d2100f03b1568615b6748b08d
train-12060,train,train,data/extracted/KolektorSDD2/train/12060.png,data/extracted/KolektorSDD2/train/12060_GT.png,False,d7c29028980a63113bbded7b513c27cd7c8de5ea4cbaea19f66185c8c52f79d0
train-12061,train,train,data/extracted/KolektorSDD2/train/12061.png,data/extracted/KolektorSDD2/train/12061_GT.png,False,ce933c4b2ea6299514d5928f278aae4c9fda7f803e952a4b106a4722f6b8f0f1
train-12062,train,train,data/extracted/KolektorSDD2/train/12062.png,data/extracted/KolektorSDD2/train/12062_GT.png,False,09f5fb27f7949160b9647afbc3081a21b1519e1211802e81ec8a8f1c1913d04e
train-12063,train,train,data/extracted/KolektorSDD2/train/12063.png,data/extracted/KolektorSDD2/train/12063_GT.png,False,b6cf41ac76f133ee7d86498be7a9f70b6a8904d7874a8a804610bfd4804ac87c
train-12064,train,train,data/extracted/KolektorSDD2/train/12064.png,data/extracted/KolektorSDD2/train/12064_GT.png,False,ab3296a7875aa5646ae28cf6d6d72ba0dc8f7af7e45158cb1a2e1b4829620aa5
train-12065,train,train,data/extracted/KolektorSDD2/train/12065.png,data/extracted/KolektorSDD2/train/12065_GT.png,False,7215b10d49a8f5608834d160e3996772d84094316a0bdff62b6f3ea3c47903bb
train-12066,train,validation,data/extracted/KolektorSDD2/train/12066.png,data/extracted/KolektorSDD2/train/12066_GT.png,False,d9dd1eef00c2984d89e4f376ad5b05a07d829572cce299d8254b4ffc6261f29e
train-12067,train,train,data/extracted/KolektorSDD2/train/12067.png,data/extracted/KolektorSDD2/train/12067_GT.png,False,dd25eaa0ce7cb63b6730b554ef1c3c7c2e1b56af539b5fddcb004e17bd45e829
train-12068,train,validation,data/extracted/KolektorSDD2/train/12068.png,data/extracted/KolektorSDD2/train/12068_GT.png,False,cab6f975ac0d34b4a390936f1d1e6d4ad96c412b133a267678aaf94be7bfa575
train-12069,train,train,data/extracted/KolektorSDD2/train/12069.png,data/extracted/KolektorSDD2/train/12069_GT.png,False,30d10b4b1bca49f1d4c195295c9835085bde22fdba95d40a645361de86fccc04
train-12070,train,train,data/extracted/KolektorSDD2/train/12070.png,data/extracted/KolektorSDD2/train/12070_GT.png,True,531257067d6d8625410535bc574e19b27494a0e6bd2820f65d9f7e94485f4eaa
train-12071,train,train,data/extracted/KolektorSDD2/train/12071.png,data/extracted/KolektorSDD2/train/12071_GT.png,True,956f077ae19b92ee664616138e1e1a707a35f4777842ff1f44e3602d9fb06bfd
train-12072,train,validation,data/extracted/KolektorSDD2/train/12072.png,data/extracted/KolektorSDD2/train/12072_GT.png,False,72e663759dd478510c616d93452bba9d8993fbd4c8d2715c547c27919855d3c8
train-12073,train,validation,data/extracted/KolektorSDD2/train/12073.png,data/extracted/KolektorSDD2/train/12073_GT.png,False,8c516b1e6069641e362c087416dc89c04494dc6516e24c59ad88fe0171600a0e
train-12074,train,train,data/extracted/KolektorSDD2/train/12074.png,data/extracted/KolektorSDD2/train/12074_GT.png,False,2642bfb067aab40d4c391f1ec54ccf33f19cb7f6ecdeb109c379954f455f03f2
train-12075,train,train,data/extracted/KolektorSDD2/train/12075.png,data/extracted/KolektorSDD2/train/12075_GT.png,False,52c279c8462ca45f6c09e00c50941dd32d670fda2758bd5734d3e4e7cb67317c
train-12076,train,train,data/extracted/KolektorSDD2/train/12076.png,data/extracted/KolektorSDD2/train/12076_GT.png,False,f3ee0ab195051897a3cb7226b7ecd18f06052fae9c9a5f3135ce81c73bc36bbf
train-12077,train,validation,data/extracted/KolektorSDD2/train/12077.png,data/extracted/KolektorSDD2/train/12077_GT.png,False,81000361361a7560b133c3a08bdbe96e7febaea214794015dccabafeb1ee55e1
train-12078,train,train,data/extracted/KolektorSDD2/train/12078.png,data/extracted/KolektorSDD2/train/12078_GT.png,False,ec05bfb9e9d5f2a8f9b314f08fdcfa9152441db3cf76a7a5852a6ae2bafa6650
train-12079,train,train,data/extracted/KolektorSDD2/train/12079.png,data/extracted/KolektorSDD2/train/12079_GT.png,False,497059b4bbc9d8d396b54952ee9f9ed83866f047779ba68965834c042f1671ac
train-12080,train,train,data/extracted/KolektorSDD2/train/12080.png,data/extracted/KolektorSDD2/train/12080_GT.png,True,45a1286788c90e2c999e54a503958383fcfec89584bf7dd159bf754fda9812d9
train-12081,train,validation,data/extracted/KolektorSDD2/train/12081.png,data/extracted/KolektorSDD2/train/12081_GT.png,True,ea66dfae89d105cdc18d5fd5ae44165796a2e7964d356c6eb090476060d71049
train-12082,train,train,data/extracted/KolektorSDD2/train/12082.png,data/extracted/KolektorSDD2/train/12082_GT.png,False,691c5853737d70ed651d4045519e02381368ba2a3bfdf1a7e33861e7b8a42179
train-12083,train,train,data/extracted/KolektorSDD2/train/12083.png,data/extracted/KolektorSDD2/train/12083_GT.png,False,03820016c644faf928001acaaf38d09aae3a646427661eb0d2b66b9ee81b32b5
train-12084,train,train,data/extracted/KolektorSDD2/train/12084.png,data/extracted/KolektorSDD2/train/12084_GT.png,False,995663ca975f37faa17f804cf7f987969a87d1da9182205bad279b8c686431b1
train-12085,train,train,data/extracted/KolektorSDD2/train/12085.png,data/extracted/KolektorSDD2/train/12085_GT.png,False,4811d40a1da920d53efae11b7bc01374f19c7cc61de98f251c8515df81a0c6fd
train-12086,train,train,data/extracted/KolektorSDD2/train/12086.png,data/extracted/KolektorSDD2/train/12086_GT.png,False,87118b183c82cc6b926cc7457d629ed01953dc16d66e3d4c9c17d142e76f18ed
train-12087,train,train,data/extracted/KolektorSDD2/train/12087.png,data/extracted/KolektorSDD2/train/12087_GT.png,False,17d7dbbf531160e32be5eecc2f306dc938ffbd15e84a24edb0f54e32c4ef58f4
train-12088,train,train,data/extracted/KolektorSDD2/train/12088.png,data/extracted/KolektorSDD2/train/12088_GT.png,False,c22d904701929e2c4edbfb5d726553722045cb66747b3286e2eaa0cbd1f345c9
train-12089,train,train,data/extracted/KolektorSDD2/train/12089.png,data/extracted/KolektorSDD2/train/12089_GT.png,False,7d861b1da91c3133d428173d1425870a0d995f5f5e59664a46d7dd8d2776f95e
train-12090,train,train,data/extracted/KolektorSDD2/train/12090.png,data/extracted/KolektorSDD2/train/12090_GT.png,False,54b2ab97e534909ce9c23fa22fb223a738314977c19da6f9a89def90d7dc9e12
train-12091,train,train,data/extracted/KolektorSDD2/train/12091.png,data/extracted/KolektorSDD2/train/12091_GT.png,False,a854b96d426186aed2e28ede08a41b437336ad1551824ad68556014fae457ace
train-12092,train,train,data/extracted/KolektorSDD2/train/12092.png,data/extracted/KolektorSDD2/train/12092_GT.png,False,6f0c7bb34375fcbb7af09bb4c77465361fc4f5de282a43c6ba388e2c07812800
train-12093,train,train,data/extracted/KolektorSDD2/train/12093.png,data/extracted/KolektorSDD2/train/12093_GT.png,False,6cdac82d242ba5909172af9b20de5fc4bf4aea6a7f67bf9eaf89c04b017cc8e3
train-12094,train,train,data/extracted/KolektorSDD2/train/12094.png,data/extracted/KolektorSDD2/train/12094_GT.png,False,b9933c9dfc762921b5596c3acb975e428b051ce9272856af96b53fa61b574b71
train-12095,train,train,data/extracted/KolektorSDD2/train/12095.png,data/extracted/KolektorSDD2/train/12095_GT.png,False,ad6277ccc6854b4e0589fd838887e2d471a03cd564544f611338b7fd425c7176
train-12096,train,train,data/extracted/KolektorSDD2/train/12096.png,data/extracted/KolektorSDD2/train/12096_GT.png,False,1759f342172d090a0e140757a329565fdc5461ff1f9bdd11e83603e625cbc48f
train-12097,train,train,data/extracted/KolektorSDD2/train/12097.png,data/extracted/KolektorSDD2/train/12097_GT.png,False,4a33ec2931ea79813edb6240b8e7c4c1f8386963124abdc5d904fe3806b163b3
train-12098,train,train,data/extracted/KolektorSDD2/train/12098.png,data/extracted/KolektorSDD2/train/12098_GT.png,False,1a8a5baca12dbab96d48860d4d40e9e0630a9810a09de28a045279c77f6c160f
train-12099,train,train,data/extracted/KolektorSDD2/train/12099.png,data/extracted/KolektorSDD2/train/12099_GT.png,False,74b9c0ad42ef7efac900fe4f470110890f235fcb1d21e879fbf430afd5b44a3c
train-12100,train,train,data/extracted/KolektorSDD2/train/12100.png,data/extracted/KolektorSDD2/train/12100_GT.png,False,bb16d8af7c124cd6533161c4258baa55d0e48553cdca018ff11f1c0077d57455
train-12101,train,train,data/extracted/KolektorSDD2/train/12101.png,data/extracted/KolektorSDD2/train/12101_GT.png,False,2cc07b0896e46f895dda43dfe4102e7a1c9264099e91a9b14dd76d8f655c9a51
train-12102,train,train,data/extracted/KolektorSDD2/train/12102.png,data/extracted/KolektorSDD2/train/12102_GT.png,False,1008f5eae723d67c46370de122c7b62557ed38fc5b97df6d8673f521f1ba15c3
train-12103,train,validation,data/extracted/KolektorSDD2/train/12103.png,data/extracted/KolektorSDD2/train/12103_GT.png,False,02af20bfcb57cbf26597e56c5d58a540272c10c1abd403d096cd61d15b8ed42a
train-12104,train,train,data/extracted/KolektorSDD2/train/12104.png,data/extracted/KolektorSDD2/train/12104_GT.png,False,acc2d2989f45083e262fad580ea96bdf1f34a290697deb2eb088b77039ac7b28
train-12105,train,train,data/extracted/KolektorSDD2/train/12105.png,data/extracted/KolektorSDD2/train/12105_GT.png,True,f040b5b0812e7d9e9e4040c36dbfe7cd592061f409dc6769c8ca08612ac38492
train-12106,train,train,data/extracted/KolektorSDD2/train/12106.png,data/extracted/KolektorSDD2/train/12106_GT.png,False,b9d55819fe891940872261d4ce07151a1e30393cbf0fecf2bc1b06fb3b6b2f55
train-12107,train,train,data/extracted/KolektorSDD2/train/12107.png,data/extracted/KolektorSDD2/train/12107_GT.png,False,77019477ec6d1da5deeabaf54cf970e3c9f0bb88bcc948754dfebf43caa1426e
train-12108,train,train,data/extracted/KolektorSDD2/train/12108.png,data/extracted/KolektorSDD2/train/12108_GT.png,False,0101b7796a7313d77d3621e344a3ad1e34e9972dae11eee6d06cab043037ba1e
train-12109,train,train,data/extracted/KolektorSDD2/train/12109.png,data/extracted/KolektorSDD2/train/12109_GT.png,True,0ef565b7d9efd590941b614c89be1ff56eb83f261a34fc9bd267249687fe48fd
train-12110,train,train,data/extracted/KolektorSDD2/train/12110.png,data/extracted/KolektorSDD2/train/12110_GT.png,False,27634f8a9dcc998cad45809e79ae89f53a48133384f28f818d64f933364ab27b
train-12111,train,validation,data/extracted/KolektorSDD2/train/12111.png,data/extracted/KolektorSDD2/train/12111_GT.png,False,ea46c67dcb10a224642fd1a219137bc181187879a3045fe0bb02695bde33c4e8
train-12112,train,train,data/extracted/KolektorSDD2/train/12112.png,data/extracted/KolektorSDD2/train/12112_GT.png,False,c80c66da4a8e8977cfc623bd114d554b3d633db0c5fdf9c48937d87f83c2d59e
train-12113,train,train,data/extracted/KolektorSDD2/train/12113.png,data/extracted/KolektorSDD2/train/12113_GT.png,False,d21d4000b417af6390462ecf9fa92a7c3451ffc7d5fb0400e2d98020a07d43f4
train-12114,train,validation,data/extracted/KolektorSDD2/train/12114.png,data/extracted/KolektorSDD2/train/12114_GT.png,False,e40972b8e0737c34d292743b6fbac5642cfbc1989b510444f34ea82782916632
train-12115,train,train,data/extracted/KolektorSDD2/train/12115.png,data/extracted/KolektorSDD2/train/12115_GT.png,False,31de860085a54d90406c8f8ba9afd41fe922d2f6a072712ce215aefedfdbb11f
train-12116,train,train,data/extracted/KolektorSDD2/train/12116.png,data/extracted/KolektorSDD2/train/12116_GT.png,False,5e0fd97eb8899fef7ba9f26134f6334f79fc77a4d0c6b777730837cbcaee47de
train-12117,train,train,data/extracted/KolektorSDD2/train/12117.png,data/extracted/KolektorSDD2/train/12117_GT.png,False,d61ec4409820ebdfd758f5dfde2d028a1299994d8170f679842638a5a4a976f4
train-12118,train,train,data/extracted/KolektorSDD2/train/12118.png,data/extracted/KolektorSDD2/train/12118_GT.png,False,289084bc57e0ba5fb3db1d7afee1bd547f0befd86747785eeae30da2e54f8296
train-12119,train,train,data/extracted/KolektorSDD2/train/12119.png,data/extracted/KolektorSDD2/train/12119_GT.png,False,957efd359e2aad89e9e3f5d22d14475936cac2bf31adfb94d40f4eac9885e1ae
train-12120,train,train,data/extracted/KolektorSDD2/train/12120.png,data/extracted/KolektorSDD2/train/12120_GT.png,False,3e78f075773ee360e3bf4fcd3bf06b44e16497470db917bdcb642bc0adcd3972
train-12121,train,train,data/extracted/KolektorSDD2/train/12121.png,data/extracted/KolektorSDD2/train/12121_GT.png,False,afda625ae709858778d6f203e0f7e8bf14b1843e46fb1f6f1db1e7291c735e59
train-12122,train,validation,data/extracted/KolektorSDD2/train/12122.png,data/extracted/KolektorSDD2/train/12122_GT.png,False,b7470e13d7e631b0832216979335c9c64757b9cbbc0d4431fa793885997f356d
train-12123,train,train,data/extracted/KolektorSDD2/train/12123.png,data/extracted/KolektorSDD2/train/12123_GT.png,False,b931560736b61a42db8039766bc54d67025299876ef55348a48731a7dc30df9c
train-12124,train,train,data/extracted/KolektorSDD2/train/12124.png,data/extracted/KolektorSDD2/train/12124_GT.png,False,976db92dd1834540b1236ebf5f38a1804a50f52d996b6336946b13e2ef62c1a5
train-12125,train,train,data/extracted/KolektorSDD2/train/12125.png,data/extracted/KolektorSDD2/train/12125_GT.png,False,bdd6796bb2445ce55f32ee4800dd6a6bd2e9b2e416a9349143cc48fd7eb92af9
train-12126,train,train,data/extracted/KolektorSDD2/train/12126.png,data/extracted/KolektorSDD2/train/12126_GT.png,False,dc2e03ad72d642dd1051b642e8c5c136b931ca5ab59101f0866fd26454e1ab33
train-12127,train,train,data/extracted/KolektorSDD2/train/12127.png,data/extracted/KolektorSDD2/train/12127_GT.png,False,e18554117816ef80f0a707b35cd2a29e83c107d6531f9a9884fb8e6acf471c92
train-12128,train,train,data/extracted/KolektorSDD2/train/12128.png,data/extracted/KolektorSDD2/train/12128_GT.png,False,4849b5949084a57742f847350d5e63a4de106c46b11f236747f4a95e77aa7c2e
train-12129,train,train,data/extracted/KolektorSDD2/train/12129.png,data/extracted/KolektorSDD2/train/12129_GT.png,False,3d86fced2e9667e74cce47318799074f3e26bab0bd898ce0b1c18f1c074fcf7b
train-12130,train,train,data/extracted/KolektorSDD2/train/12130.png,data/extracted/KolektorSDD2/train/12130_GT.png,False,17f54c5a2417ad77204e10c50e6494dbbf7b011c672e6463135be91ea68ef9fe
train-12131,train,train,data/extracted/KolektorSDD2/train/12131.png,data/extracted/KolektorSDD2/train/12131_GT.png,True,588facf521f3c4ea5c5a8165ba8f83f753d2432f388716f390e92506ae2589ff
train-12132,train,train,data/extracted/KolektorSDD2/train/12132.png,data/extracted/KolektorSDD2/train/12132_GT.png,False,c77d58091d3365a01bc1f72f5fba59a8a9ee64d7ce6188477e25817d06fc570d
train-12133,train,train,data/extracted/KolektorSDD2/train/12133.png,data/extracted/KolektorSDD2/train/12133_GT.png,False,ae023e083f5e8cf71e7251822ca6a65fc1576133f7476d530187c8fd46b0c3ef
train-12134,train,train,data/extracted/KolektorSDD2/train/12134.png,data/extracted/KolektorSDD2/train/12134_GT.png,False,2da5b230250418f0ac8705e9c13e43be4ae93df641d0ad0f9b5d9d768dcba8b5
train-12135,train,train,data/extracted/KolektorSDD2/train/12135.png,data/extracted/KolektorSDD2/train/12135_GT.png,False,04641dd4f332e6a98c09eba242413d9e1a4ada8261d52b6a0847c85ac8341c66
train-12136,train,validation,data/extracted/KolektorSDD2/train/12136.png,data/extracted/KolektorSDD2/train/12136_GT.png,False,a22d9913c9e8b4aa7b06e5899008586682280bdd1fc35009a06835f31bba9f31
train-12137,train,train,data/extracted/KolektorSDD2/train/12137.png,data/extracted/KolektorSDD2/train/12137_GT.png,False,cacb6f46d7ac486b49ac0ad7e3ab38fe165bab796f1028fb82e72570ae9a61fd
train-12138,train,train,data/extracted/KolektorSDD2/train/12138.png,data/extracted/KolektorSDD2/train/12138_GT.png,False,e2bd525e650a10829b730c235ef6038dc67ad5d31eff00ae9b60cc45900c347c
train-12139,train,train,data/extracted/KolektorSDD2/train/12139.png,data/extracted/KolektorSDD2/train/12139_GT.png,False,396753aeb4407e5cf8ec601ae3d002d7a1b06a63a86066eef5637380d5b02536
train-12140,train,train,data/extracted/KolektorSDD2/train/12140.png,data/extracted/KolektorSDD2/train/12140_GT.png,False,4a64a5e72084a4322db83e5c34d9f33238c388c8fc792a07bc8ad14f1766f87f
train-12141,train,train,data/extracted/KolektorSDD2/train/12141.png,data/extracted/KolektorSDD2/train/12141_GT.png,True,3881c04093308b1ff44c7737a2305c8a211cab5b83ea502f956831e89483c700
train-12142,train,validation,data/extracted/KolektorSDD2/train/12142.png,data/extracted/KolektorSDD2/train/12142_GT.png,False,2b7b17aaaa680a912ae8c558d8647eaae80993805f35d9577d5f9422b8a25d14
train-12143,train,train,data/extracted/KolektorSDD2/train/12143.png,data/extracted/KolektorSDD2/train/12143_GT.png,False,508334dfe1a31dd35bc85b655c6ae094d240d28dc369de3eca71533d7b0ae27a
train-12144,train,train,data/extracted/KolektorSDD2/train/12144.png,data/extracted/KolektorSDD2/train/12144_GT.png,False,2d4b2ebc6a519ca2d28dd42dd9b07fe85c90fcdba10bad63c23cfb9b0af27c1f
train-12145,train,train,data/extracted/KolektorSDD2/train/12145.png,data/extracted/KolektorSDD2/train/12145_GT.png,False,87ab10a609153398bd197552e358b639d800fb19ad5b34525746fbce1bee6853
train-12146,train,train,data/extracted/KolektorSDD2/train/12146.png,data/extracted/KolektorSDD2/train/12146_GT.png,True,c23960e53b7f4faf6ae5afcc13bec055a5c3b9b81e8607e1b5690115562c762b
train-12147,train,train,data/extracted/KolektorSDD2/train/12147.png,data/extracted/KolektorSDD2/train/12147_GT.png,False,2b26f5a76a65d7675b4475adaf57a34fb3a69c11a3b9f506a7b017fd8a35d9c8
train-12148,train,train,data/extracted/KolektorSDD2/train/12148.png,data/extracted/KolektorSDD2/train/12148_GT.png,False,8dda49a15d3330dadb2549e5cdb5adb658e997408adf28280926af71ea5636fb
train-12149,train,train,data/extracted/KolektorSDD2/train/12149.png,data/extracted/KolektorSDD2/train/12149_GT.png,False,823671c569524a632529a45b51d11f796bc0d2e345f5be8c660d5fe3817834e3
train-12150,train,train,data/extracted/KolektorSDD2/train/12150.png,data/extracted/KolektorSDD2/train/12150_GT.png,False,8b347420db3d1d52809fd4b13fd4d051c8549615c561be31285a08254328ad82
train-12151,train,train,data/extracted/KolektorSDD2/train/12151.png,data/extracted/KolektorSDD2/train/12151_GT.png,False,616f812638973ccb8190399e66e47a6188be79eaf28439e6dae055ff4971ce43
train-12152,train,train,data/extracted/KolektorSDD2/train/12152.png,data/extracted/KolektorSDD2/train/12152_GT.png,False,266236c26a7acea01933fe4a5b0ff4a1067bdc71af2c929bb3bd18a97ef105b9
train-12153,train,train,data/extracted/KolektorSDD2/train/12153.png,data/extracted/KolektorSDD2/train/12153_GT.png,False,c83c5efc92cae7986a59771d08ba50292fd9c6e9d9e0efcafcb0e35a79ad2530
train-12154,train,train,data/extracted/KolektorSDD2/train/12154.png,data/extracted/KolektorSDD2/train/12154_GT.png,False,16f7b120d1a3ef14661cd73a69c7a6f0d83c4782c816d629f275ea295af18478
train-12155,train,train,data/extracted/KolektorSDD2/train/12155.png,data/extracted/KolektorSDD2/train/12155_GT.png,False,a53cff789a5ad315b1112dfc1322017829c4ac70ae394713a495ca1dbc5f4c64
train-12156,train,train,data/extracted/KolektorSDD2/train/12156.png,data/extracted/KolektorSDD2/train/12156_GT.png,False,ec376284aaefb2072f7e3531d5f1b7b051b380ae43afdee3a32dae78a13ffa28
train-12157,train,train,data/extracted/KolektorSDD2/train/12157.png,data/extracted/KolektorSDD2/train/12157_GT.png,False,b21f8583868dd1d533ff4c9c2e4fbe28c5ee1e60b7d4d11ed50ea432ad956eb5
train-12158,train,train,data/extracted/KolektorSDD2/train/12158.png,data/extracted/KolektorSDD2/train/12158_GT.png,False,eb7e0b854825208144b4f7fd52d0b9fbf1d957fd4286c685ed30969d7ed19c37
train-12159,train,train,data/extracted/KolektorSDD2/train/12159.png,data/extracted/KolektorSDD2/train/12159_GT.png,False,ecdc13870a00d911144631700284be6b05a67ab15f33b5c0e1f8ac04b560d88c
train-12160,train,train,data/extracted/KolektorSDD2/train/12160.png,data/extracted/KolektorSDD2/train/12160_GT.png,True,647841be2d121a211a54d1b3b9c40c75af31d828d720be92084f479dd7a10668
train-12161,train,train,data/extracted/KolektorSDD2/train/12161.png,data/extracted/KolektorSDD2/train/12161_GT.png,False,eb146929b09375687be238bc91fd067dd6135588e83b633687d25904f4fa8045
train-12162,train,train,data/extracted/KolektorSDD2/train/12162.png,data/extracted/KolektorSDD2/train/12162_GT.png,False,3628babf745d65516e03d4462b3af666b9796719dcc407c00c62e5654c8fe02a
train-12163,train,train,data/extracted/KolektorSDD2/train/12163.png,data/extracted/KolektorSDD2/train/12163_GT.png,False,33edec81132827f5571f80eb81a793d334a37d630ed535c3da053abe49a628ac
train-12164,train,validation,data/extracted/KolektorSDD2/train/12164.png,data/extracted/KolektorSDD2/train/12164_GT.png,False,327d93c6b8d32de13e75c0fcd2fdda35cba2779737b3a0fbddaaac14671ddf11
train-12165,train,train,data/extracted/KolektorSDD2/train/12165.png,data/extracted/KolektorSDD2/train/12165_GT.png,False,1afdf8d3883950981bb624f5b27690bbc33c09b68a02b28f9e52b1120b0e5865
train-12166,train,train,data/extracted/KolektorSDD2/train/12166.png,data/extracted/KolektorSDD2/train/12166_GT.png,False,58119e55b0eacbdab018485dfe66787c9973d26b98d050e5568f0d810ca41c7f
train-12167,train,train,data/extracted/KolektorSDD2/train/12167.png,data/extracted/KolektorSDD2/train/12167_GT.png,False,dacff2c55fe6e47618d48b571dce35c9e513060fe9a88129b8ab2c96ace989e8
train-12168,train,validation,data/extracted/KolektorSDD2/train/12168.png,data/extracted/KolektorSDD2/train/12168_GT.png,False,32b1462d490bd0971314d87ca3a5a9da329ee0730cc13dfd85e3cdd7161c1534
train-12169,train,train,data/extracted/KolektorSDD2/train/12169.png,data/extracted/KolektorSDD2/train/12169_GT.png,False,4ffbfcacb3f285fd60ade8229056ebbbae2c5b0985b8644542baed3bf44005a1
train-12170,train,validation,data/extracted/KolektorSDD2/train/12170.png,data/extracted/KolektorSDD2/train/12170_GT.png,False,fc0d0c40e8c74056d059d32238958307f04fd72f28db9541b139d250457d6683
train-12171,train,train,data/extracted/KolektorSDD2/train/12171.png,data/extracted/KolektorSDD2/train/12171_GT.png,False,599314e1cd9335817f5f36e5b6f0e235a5505ca80b36629dfed2c456840fb903
train-12172,train,train,data/extracted/KolektorSDD2/train/12172.png,data/extracted/KolektorSDD2/train/12172_GT.png,False,9fb9dffbefc26c67022316502829af3a77c2fa42289bf36470cfd0ecc700d664
train-12173,train,train,data/extracted/KolektorSDD2/train/12173.png,data/extracted/KolektorSDD2/train/12173_GT.png,False,787315000f6b34cb83622330e52ce27cf8066e2fcf8095a145e2e24336a38dda
train-12174,train,train,data/extracted/KolektorSDD2/train/12174.png,data/extracted/KolektorSDD2/train/12174_GT.png,False,7fa5b9c4adf85e46556a895db8ca182a79467c7a36c7d26dd3a86d3fafb2f0a9
train-12175,train,train,data/extracted/KolektorSDD2/train/12175.png,data/extracted/KolektorSDD2/train/12175_GT.png,False,162d27f66011fa729fa00b688b33d408277d6f5405b4a59b022f3973b734c1bb
train-12176,train,train,data/extracted/KolektorSDD2/train/12176.png,data/extracted/KolektorSDD2/train/12176_GT.png,False,6f92a51ef99acc2fa60e09e3300d757e849f653967e49f49a56ef7f45eef976a
train-12177,train,train,data/extracted/KolektorSDD2/train/12177.png,data/extracted/KolektorSDD2/train/12177_GT.png,False,de75feaa4e602589b4d22af4bf5c7c6b56ab73882831d42271d3e78313482543
train-12178,train,train,data/extracted/KolektorSDD2/train/12178.png,data/extracted/KolektorSDD2/train/12178_GT.png,False,2d1cafbaf1a7fe4b7e649df2209d748456e5cbf75377841b0bbc0c28bc9161c3
train-12179,train,train,data/extracted/KolektorSDD2/train/12179.png,data/extracted/KolektorSDD2/train/12179_GT.png,True,2427c89fd500cbb6b6b0b7688ed18b9412551b9b617895332f4598082f7fe6b1
train-12180,train,train,data/extracted/KolektorSDD2/train/12180.png,data/extracted/KolektorSDD2/train/12180_GT.png,False,e6c3c604f84052436aa232418327e8611b62eb6c6f144ca78d203cab9a90e67f
train-12181,train,train,data/extracted/KolektorSDD2/train/12181.png,data/extracted/KolektorSDD2/train/12181_GT.png,False,6fb34b4443af8536500cd9771ac5219a4402fe2e70cc49c883ccac6032f026fe
train-12182,train,train,data/extracted/KolektorSDD2/train/12182.png,data/extracted/KolektorSDD2/train/12182_GT.png,False,5d484f76b7953de57280f7b7fb7faec6bcc35fc2a0b0113755e7881da77a9409
train-12183,train,validation,data/extracted/KolektorSDD2/train/12183.png,data/extracted/KolektorSDD2/train/12183_GT.png,False,291d02249241e42e3f4a1c064a197b63599f3f8dc7c9dd0d3cf82c9219a3a73f
train-12184,train,train,data/extracted/KolektorSDD2/train/12184.png,data/extracted/KolektorSDD2/train/12184_GT.png,False,7153de322441c60ab360d599a4a438e132486054fe430e2c046d3578d59c4972
train-12185,train,train,data/extracted/KolektorSDD2/train/12185.png,data/extracted/KolektorSDD2/train/12185_GT.png,False,70bf6d371ce2a4b48ed37e61816369635cb4ad720d11c0a3e2dfd027bc185307
train-12186,train,train,data/extracted/KolektorSDD2/train/12186.png,data/extracted/KolektorSDD2/train/12186_GT.png,False,0a3729dba7a6a63e87fd72d2f5917a3f338dcf232c760e41af06ac772696a109
train-12187,train,train,data/extracted/KolektorSDD2/train/12187.png,data/extracted/KolektorSDD2/train/12187_GT.png,False,5480b4fd15b36af56fe2653fbca34cc34f56934991b005dc3086b1df00a67276
train-12188,train,train,data/extracted/KolektorSDD2/train/12188.png,data/extracted/KolektorSDD2/train/12188_GT.png,False,a2d316373dd78f23d40ad6516423fd5f8674442d64ac9828e459ec040f506810
train-12189,train,train,data/extracted/KolektorSDD2/train/12189.png,data/extracted/KolektorSDD2/train/12189_GT.png,False,ad892393dfa964dd2dd841324365220c729fb10a08e0ceb24dc707cf4d348138
train-12190,train,train,data/extracted/KolektorSDD2/train/12190.png,data/extracted/KolektorSDD2/train/12190_GT.png,False,8e6e3bf0debb716aa9376dd6d20f60661f9d5172ee22dd4b6f3803b513d014a9
train-12191,train,train,data/extracted/KolektorSDD2/train/12191.png,data/extracted/KolektorSDD2/train/12191_GT.png,True,4ba553e6dbfbc1c38050a018b93e46c6c0cbe75879e84f466647960a61702855
train-12192,train,validation,data/extracted/KolektorSDD2/train/12192.png,data/extracted/KolektorSDD2/train/12192_GT.png,False,4089bd49afa906f86156167b82dd991d2a4473e19180920cac80e3af8e112d9d
train-12193,train,train,data/extracted/KolektorSDD2/train/12193.png,data/extracted/KolektorSDD2/train/12193_GT.png,False,bb0ca933ede6c7e5cfa8f825a7da2fbb876498c1183ad05eb69ebc47c72c16ad
train-12194,train,train,data/extracted/KolektorSDD2/train/12194.png,data/extracted/KolektorSDD2/train/12194_GT.png,False,170d4187c32cc3a242c3ba448cd1cd4c60ef31b6da3bf6e8b3d14d9333b43a4d
train-12195,train,train,data/extracted/KolektorSDD2/train/12195.png,data/extracted/KolektorSDD2/train/12195_GT.png,False,615703c03488052d9f7a3370bc422ed2a7d59e99aa45d0463ba27f1f3c8d2517
train-12196,train,train,data/extracted/KolektorSDD2/train/12196.png,data/extracted/KolektorSDD2/train/12196_GT.png,False,f1eafe44524970eab8116db850edd9e175d9831ec569a60dfec4f6738f4497b5
train-12197,train,train,data/extracted/KolektorSDD2/train/12197.png,data/extracted/KolektorSDD2/train/12197_GT.png,False,f97ecfe243d7b9621584270a99f8c623fc56d32cd7e41022afcbc99b532041bc
train-12198,train,train,data/extracted/KolektorSDD2/train/12198.png,data/extracted/KolektorSDD2/train/12198_GT.png,False,933840d2e6fe936d34e52f14db44215ef17d5e3d2be8cc66f3f47db0f0f440ed
train-12199,train,train,data/extracted/KolektorSDD2/train/12199.png,data/extracted/KolektorSDD2/train/12199_GT.png,False,f72fd3a38417541be273e14dcba94207087230e20ad24b46694a45f63165dbbc
train-12200,train,train,data/extracted/KolektorSDD2/train/12200.png,data/extracted/KolektorSDD2/train/12200_GT.png,False,09cc0ce545566e069ee1773106028685370417b8a4e36c0d568eb14274ca08bc
train-12201,train,train,data/extracted/KolektorSDD2/train/12201.png,data/extracted/KolektorSDD2/train/12201_GT.png,True,05b8074f649c464f30dbd8a5c7e6ea415626e2fa292d7534dc6ee4d7e01c4baa
train-12202,train,train,data/extracted/KolektorSDD2/train/12202.png,data/extracted/KolektorSDD2/train/12202_GT.png,False,af03fe9a957101a27dbfa854eea130093899671d1b309b8180cf863bb861b744
train-12203,train,train,data/extracted/KolektorSDD2/train/12203.png,data/extracted/KolektorSDD2/train/12203_GT.png,False,f28ffe315d12019244c8fcde664a2557b0eab0cbac643ab9df94ccb62eef3d6c
train-12204,train,train,data/extracted/KolektorSDD2/train/12204.png,data/extracted/KolektorSDD2/train/12204_GT.png,False,f0507be7fb11eaa0e4137cd856a021cd8bb5fb161adba2f1eef0ad82c3db1036
train-12205,train,train,data/extracted/KolektorSDD2/train/12205.png,data/extracted/KolektorSDD2/train/12205_GT.png,False,4def6a1dbefd028bda59bb7982a5ea15150e044be69727004963c56e4601bfe0
train-12206,train,train,data/extracted/KolektorSDD2/train/12206.png,data/extracted/KolektorSDD2/train/12206_GT.png,False,9704fd576db883db8f9baf598011495cb7b387847a87364620e66037e89e69b9
train-12207,train,train,data/extracted/KolektorSDD2/train/12207.png,data/extracted/KolektorSDD2/train/12207_GT.png,False,291490644a385da854ea57670ef691fb4581f17e66aff6de6688c23b43a64449
train-12208,train,train,data/extracted/KolektorSDD2/train/12208.png,data/extracted/KolektorSDD2/train/12208_GT.png,False,d515162d3904d470867823ef7aac1e96f84636caa5e7592c9deacc10badfa20a
train-12209,train,train,data/extracted/KolektorSDD2/train/12209.png,data/extracted/KolektorSDD2/train/12209_GT.png,False,f48671540c2f7c50da0e24691c093bd3ec3da5cc333707eb72cb84a900df1425
train-12210,train,train,data/extracted/KolektorSDD2/train/12210.png,data/extracted/KolektorSDD2/train/12210_GT.png,True,11a7799075bec5d80d53aca60cfab7559ccb091ef0b7d0e4dc291c9a1596617f
train-12211,train,train,data/extracted/KolektorSDD2/train/12211.png,data/extracted/KolektorSDD2/train/12211_GT.png,False,3b8b8ae9b12659277ec76005721b473444c1e8ad22a3423149e2ece7ce20b022
train-12212,train,validation,data/extracted/KolektorSDD2/train/12212.png,data/extracted/KolektorSDD2/train/12212_GT.png,False,1c51aa9de433e642882060345fe6c00fa24e9ad2a4cdf94aff8402ec80e590d0
train-12213,train,train,data/extracted/KolektorSDD2/train/12213.png,data/extracted/KolektorSDD2/train/12213_GT.png,False,0f7b3d8da7d80303af219a205a5176e9e607779bfcc3a6d64c14df514981c2d5
train-12214,train,train,data/extracted/KolektorSDD2/train/12214.png,data/extracted/KolektorSDD2/train/12214_GT.png,False,b0fd9fa51ef5c178569059331e37007ce03c14f4ad89e8838cfb57411e19f106
train-12215,train,train,data/extracted/KolektorSDD2/train/12215.png,data/extracted/KolektorSDD2/train/12215_GT.png,False,6497a876752952190b3e5380504dcd375c0d66fe651847c7b6b44b6c9befa446
train-12216,train,train,data/extracted/KolektorSDD2/train/12216.png,data/extracted/KolektorSDD2/train/12216_GT.png,True,f954b70dbbc10b9d145ada39580022611858c7dd15afb5db9cee55f424b7c34e
train-12217,train,train,data/extracted/KolektorSDD2/train/12217.png,data/extracted/KolektorSDD2/train/12217_GT.png,False,c13246d60a691dfa4889f6fb4288a9a3d4a8d19c6dfdccc438eb2824605a6493
train-12218,train,train,data/extracted/KolektorSDD2/train/12218.png,data/extracted/KolektorSDD2/train/12218_GT.png,False,f0e06ae2cb23848e9978273444232ea982ed4269c58e9cec972418ec9256fa52
train-12219,train,train,data/extracted/KolektorSDD2/train/12219.png,data/extracted/KolektorSDD2/train/12219_GT.png,False,85a4bd8e85923318aba6d812eebe0828e9e520d488412197f561b55ceecd0604
train-12220,train,train,data/extracted/KolektorSDD2/train/12220.png,data/extracted/KolektorSDD2/train/12220_GT.png,False,9b347906666da47e13d426ab84efecbf04ccb502ea3f766598e9bd1e5b6c20a6
train-12221,train,validation,data/extracted/KolektorSDD2/train/12221.png,data/extracted/KolektorSDD2/train/12221_GT.png,False,59df812d658b03a858e6db5227101bd6c666ad8d500271a6e0bcf70903a833f0
train-12222,train,train,data/extracted/KolektorSDD2/train/12222.png,data/extracted/KolektorSDD2/train/12222_GT.png,False,153d62bc5d3d50f6692051fe02fd0c6c8ce083a24de6bd07d695921819df1d33
train-12223,train,train,data/extracted/KolektorSDD2/train/12223.png,data/extracted/KolektorSDD2/train/12223_GT.png,False,11d876f5c90cb981aa2876f777cc420c5294f811c707959e6bdc49f1ed496ab8
train-12224,train,validation,data/extracted/KolektorSDD2/train/12224.png,data/extracted/KolektorSDD2/train/12224_GT.png,False,e656b3c43977e475cc5d701b9c788db6005426e79547543a0b3ecd99d29df15a
train-12225,train,train,data/extracted/KolektorSDD2/train/12225.png,data/extracted/KolektorSDD2/train/12225_GT.png,False,ba805e2ce63cb3ad60ff9875528c91e0ab94f6a74e625614ae01b565bdbde533
train-12226,train,train,data/extracted/KolektorSDD2/train/12226.png,data/extracted/KolektorSDD2/train/12226_GT.png,False,913652f9752528473a124c31daaee93420729b5e4291980641949be5709f6e4b
train-12227,train,train,data/extracted/KolektorSDD2/train/12227.png,data/extracted/KolektorSDD2/train/12227_GT.png,False,a2b2e8978b1f1b339bc878f0cf7bd79a9984b8f4349b8677cf0f30e3d23488e5
train-12228,train,train,data/extracted/KolektorSDD2/train/12228.png,data/extracted/KolektorSDD2/train/12228_GT.png,False,59ea582e889384e881214d026b0749e1e1765c46f96090097019ef8e34441b1d
train-12229,train,train,data/extracted/KolektorSDD2/train/12229.png,data/extracted/KolektorSDD2/train/12229_GT.png,False,30c2f8aca6edfb6911153a09df19f6e3ff8587d491acdefaf91f74073116a6b5
train-12230,train,train,data/extracted/KolektorSDD2/train/12230.png,data/extracted/KolektorSDD2/train/12230_GT.png,False,90f96fb36a4d45bdbc6880a37b874a0b0e002ad6a62fa44c58a1b830c8546fc2
train-12231,train,train,data/extracted/KolektorSDD2/train/12231.png,data/extracted/KolektorSDD2/train/12231_GT.png,False,b349ec6803b963089904c2cfe9ecdaa3359af68107f387d4d360dd5ca2a5417c
train-12232,train,validation,data/extracted/KolektorSDD2/train/12232.png,data/extracted/KolektorSDD2/train/12232_GT.png,False,7fb7f8f26bceafd67971d2b77eae5c5ee2d9b5cb475c633868c4a533aa9ebb0f
train-12233,train,train,data/extracted/KolektorSDD2/train/12233.png,data/extracted/KolektorSDD2/train/12233_GT.png,True,9f48329b601f0d74053a24245e7216a83c3a7dd8acbccb9b89ca32a3412e17c6
train-12234,train,train,data/extracted/KolektorSDD2/train/12234.png,data/extracted/KolektorSDD2/train/12234_GT.png,False,34ce025e8039f121e681becef46fc5bea1e1ec4330e996f3b95cb933973631ce
train-12235,train,validation,data/extracted/KolektorSDD2/train/12235.png,data/extracted/KolektorSDD2/train/12235_GT.png,False,8a7d1bba62247bbcd8c954ea56023d90b7475f68e9bf657f58a2e58e868924d2
train-12236,train,train,data/extracted/KolektorSDD2/train/12236.png,data/extracted/KolektorSDD2/train/12236_GT.png,False,971a5454edfd4cece158b47d77966a867c54bc30db41079cac9fcbd64d50d0fb
train-12237,train,train,data/extracted/KolektorSDD2/train/12237.png,data/extracted/KolektorSDD2/train/12237_GT.png,True,4623d8c8aef3f02eaa6d0c9c53ae3916affd582178e12dcbc35cb22939c8af95
train-12238,train,train,data/extracted/KolektorSDD2/train/12238.png,data/extracted/KolektorSDD2/train/12238_GT.png,False,3c8afc90c888f8f1edcec7e3fc3de9782698ad162d79f39d729611177a446785
train-12239,train,train,data/extracted/KolektorSDD2/train/12239.png,data/extracted/KolektorSDD2/train/12239_GT.png,False,484bd92da24bacce63b52e64f08951f2ebb967ce12fee20f243b64d40407608e
train-12240,train,validation,data/extracted/KolektorSDD2/train/12240.png,data/extracted/KolektorSDD2/train/12240_GT.png,False,8f4c73da9b1d258bf6b5dcb1415443402403152229bcf48209af4ceea3dabb75
train-12241,train,train,data/extracted/KolektorSDD2/train/12241.png,data/extracted/KolektorSDD2/train/12241_GT.png,False,84273beaa812b5c86171d44b8dbd504f29ef5e4d497c1ddde4f65f55c22e0598
train-12242,train,train,data/extracted/KolektorSDD2/train/12242.png,data/extracted/KolektorSDD2/train/12242_GT.png,False,9859e88f2896ab11c56061786171c386877fb8e5a8994eaf3575d8549c72029f
train-12243,train,train,data/extracted/KolektorSDD2/train/12243.png,data/extracted/KolektorSDD2/train/12243_GT.png,False,459fce6b7b41ff2a0eb2db271951480098a36a745584301bf303bb5efa127679
train-12244,train,train,data/extracted/KolektorSDD2/train/12244.png,data/extracted/KolektorSDD2/train/12244_GT.png,True,d87f273eae73d3e356a458c90af35a4717545505fd97b9c5b8cdd07569a98ac9
train-12245,train,train,data/extracted/KolektorSDD2/train/12245.png,data/extracted/KolektorSDD2/train/12245_GT.png,True,6a12b2073d12eb4102c84366673e4e032e31e44d5b0f00364f5a2cc6b53e59e6
train-12246,train,train,data/extracted/KolektorSDD2/train/12246.png,data/extracted/KolektorSDD2/train/12246_GT.png,False,ec0041bb0b61a6d773628b1f7db13331f4c20a4347e5a4911472666b8f02d6e5
train-12247,train,train,data/extracted/KolektorSDD2/train/12247.png,data/extracted/KolektorSDD2/train/12247_GT.png,False,049bda88016f6fdf1d1fd5077c2748c455a9ad31760b843b6678c7d63d714e41
train-12248,train,train,data/extracted/KolektorSDD2/train/12248.png,data/extracted/KolektorSDD2/train/12248_GT.png,False,3c45565c77d741d633cd76aecf56d77593449afa312709358d836545e0dc00d9
train-12249,train,train,data/extracted/KolektorSDD2/train/12249.png,data/extracted/KolektorSDD2/train/12249_GT.png,False,b6c694ab32eb2794c39b38f7c873dbed6e05afb793f41b1bc4a6c154e4d3f6e4
train-12250,train,train,data/extracted/KolektorSDD2/train/12250.png,data/extracted/KolektorSDD2/train/12250_GT.png,False,8944ad10a6aa2fd8f75b94107dc41378088c51c8f8604819739f295741dae028
train-12251,train,train,data/extracted/KolektorSDD2/train/12251.png,data/extracted/KolektorSDD2/train/12251_GT.png,False,ce08ba5341466be89dbf67efa3551632b0d897fd42ef49e0bc439251ae4c3c07
train-12252,train,train,data/extracted/KolektorSDD2/train/12252.png,data/extracted/KolektorSDD2/train/12252_GT.png,False,9d9f56330a8765be453c88cccc17b0bbd75ab95efd6274d707e1d27f917a355f
train-12253,train,train,data/extracted/KolektorSDD2/train/12253.png,data/extracted/KolektorSDD2/train/12253_GT.png,False,ba83b199bf1015cae8d4f00a460a7320184cf82adf0e2962241d63f34b9fb34b
train-12254,train,train,data/extracted/KolektorSDD2/train/12254.png,data/extracted/KolektorSDD2/train/12254_GT.png,False,313a29807fa19ada6b6a4a9e647ac21f6704043858ad65fb2a18d34af5e49b40
train-12255,train,train,data/extracted/KolektorSDD2/train/12255.png,data/extracted/KolektorSDD2/train/12255_GT.png,True,f8fd9524ef81af6e95cc49c8eb02add29e61fd069706eb064f3a90999c15b364
train-12256,train,train,data/extracted/KolektorSDD2/train/12256.png,data/extracted/KolektorSDD2/train/12256_GT.png,False,3a76efb66bf936643494c2d292c295a31a20654424eaf5e118129f16def409f3
train-12257,train,train,data/extracted/KolektorSDD2/train/12257.png,data/extracted/KolektorSDD2/train/12257_GT.png,False,9d0f0de27e810b7fc45d6559bb204b1b1c7f3cce0298bfcd5332682ba67bbd4b
train-12258,train,train,data/extracted/KolektorSDD2/train/12258.png,data/extracted/KolektorSDD2/train/12258_GT.png,False,f2ec6eaf8ff6e9c97c6647267ff96d8650dbd871038bdde1dce73f4aaa0adeae
train-12259,train,train,data/extracted/KolektorSDD2/train/12259.png,data/extracted/KolektorSDD2/train/12259_GT.png,False,cb4ae3b990ce50e33ddf7ecd47c70dd4b868430c7cc578315adc306209fa7aff
train-12260,train,train,data/extracted/KolektorSDD2/train/12260.png,data/extracted/KolektorSDD2/train/12260_GT.png,False,47a0761839894aed7ea3c980a14ea4972023efbd4e7e58020f4fecfaf2119667
train-12261,train,train,data/extracted/KolektorSDD2/train/12261.png,data/extracted/KolektorSDD2/train/12261_GT.png,False,8bf5e28fe2812498e7be84e946bd86bb92859b9852b1c2f0d95ad9c3799a3b6c
train-12262,train,train,data/extracted/KolektorSDD2/train/12262.png,data/extracted/KolektorSDD2/train/12262_GT.png,False,8af8a0ad68dd0fa46a31b21f391c479d25843e0b02ab522c11e12505699d4c2f
train-12263,train,train,data/extracted/KolektorSDD2/train/12263.png,data/extracted/KolektorSDD2/train/12263_GT.png,False,184f9ce5463c1e4c4df1a4ac7e86fd0850b3be7cb8ce90e47dd15816b39a24d8
train-12264,train,validation,data/extracted/KolektorSDD2/train/12264.png,data/extracted/KolektorSDD2/train/12264_GT.png,False,afe7764aa5e019a0b98b2e6d197360bce945101ccc7164871955be3061da9072
train-12265,train,train,data/extracted/KolektorSDD2/train/12265.png,data/extracted/KolektorSDD2/train/12265_GT.png,False,05db8fca7bcb58d72491cd90300239d59fefbc5f0fc1d3419b1f27391f9f5e6b
train-12266,train,validation,data/extracted/KolektorSDD2/train/12266.png,data/extracted/KolektorSDD2/train/12266_GT.png,False,3a3c7be4ef539908972af65223954b807127d336072686837c74b23bbf9dc0cf
train-12267,train,train,data/extracted/KolektorSDD2/train/12267.png,data/extracted/KolektorSDD2/train/12267_GT.png,False,2aaa9c7faff47a3b7dd2085ac71bd48588433606e9cf60e415de011f9e08c397
train-12268,train,train,data/extracted/KolektorSDD2/train/12268.png,data/extracted/KolektorSDD2/train/12268_GT.png,False,b49d335b63c5b6b380af428ec9ddf2393e71b7b6be529c60b1879b0ed78b83df
train-12269,train,train,data/extracted/KolektorSDD2/train/12269.png,data/extracted/KolektorSDD2/train/12269_GT.png,False,2ab94a310cf2492b3c714e94879b863c72b428d2e2336396aa492046711a4622
train-12270,train,train,data/extracted/KolektorSDD2/train/12270.png,data/extracted/KolektorSDD2/train/12270_GT.png,False,6e12f3c8eb92c1a5b37ae5a1cf606e69263498f0ebc4fe0b31e3bb67a53e9ed9
train-12271,train,train,data/extracted/KolektorSDD2/train/12271.png,data/extracted/KolektorSDD2/train/12271_GT.png,False,7bfb41c6f15f493a2d93658a2e4f53d1648be62a9e6dba71b0fd6919addba0e4
train-12272,train,train,data/extracted/KolektorSDD2/train/12272.png,data/extracted/KolektorSDD2/train/12272_GT.png,False,b3e250e2ab3a5949861d3877710fa3aab98a98187d531ad6f66e3e5f36d70def
train-12273,train,train,data/extracted/KolektorSDD2/train/12273.png,data/extracted/KolektorSDD2/train/12273_GT.png,False,7c4844602cdb5c27a26add15a071fa5ec51710fe83426143f8bd21d0f692ede7
train-12274,train,validation,data/extracted/KolektorSDD2/train/12274.png,data/extracted/KolektorSDD2/train/12274_GT.png,True,1fcfd13884a912c0ddf524162440c0d961f3ec4903ef5b8642bdede4a78aa358
train-12275,train,train,data/extracted/KolektorSDD2/train/12275.png,data/extracted/KolektorSDD2/train/12275_GT.png,False,0acf0fbb6906f1e15036c8883669cbf0b53d8a67527ad0cf7fcccda9783e4270
train-12276,train,validation,data/extracted/KolektorSDD2/train/12276.png,data/extracted/KolektorSDD2/train/12276_GT.png,False,80751dcafc021186a3e5f52df97bd480e6f2919cbf4a8fa17880dffa3ab6267f
train-12277,train,validation,data/extracted/KolektorSDD2/train/12277.png,data/extracted/KolektorSDD2/train/12277_GT.png,False,d3ae16de27d12ed15bc53f65e36980c9cf29194ddd57e1a19b275fb15d17fae3
train-12278,train,train,data/extracted/KolektorSDD2/train/12278.png,data/extracted/KolektorSDD2/train/12278_GT.png,False,4ff61914941965789f5e40746261149e9776e40d2f2adb86e8d91393deadc665
train-12279,train,validation,data/extracted/KolektorSDD2/train/12279.png,data/extracted/KolektorSDD2/train/12279_GT.png,False,cdb371825d17f8cada88e4c65c3d4b91c9ad6b8aa43ed7480f7fe683b4d30738
train-12280,train,train,data/extracted/KolektorSDD2/train/12280.png,data/extracted/KolektorSDD2/train/12280_GT.png,False,055ede3036c758850e7e7012017c5077f2d917f3b291653469cf974a51d8b45b
train-12281,train,train,data/extracted/KolektorSDD2/train/12281.png,data/extracted/KolektorSDD2/train/12281_GT.png,False,b6db023bb22e24892d99ff32b7abc1345963f5127c2e516895305045ae5022c0
train-12282,train,train,data/extracted/KolektorSDD2/train/12282.png,data/extracted/KolektorSDD2/train/12282_GT.png,False,8f29588c5f263f08ab7b11273206c6edf70b152358a15dc0640a1c59a5047825
train-12283,train,train,data/extracted/KolektorSDD2/train/12283.png,data/extracted/KolektorSDD2/train/12283_GT.png,False,9d39c5755e83af654a4dd048ec50270c044cac0419aa208fd6af948c8b88d230
train-12284,train,validation,data/extracted/KolektorSDD2/train/12284.png,data/extracted/KolektorSDD2/train/12284_GT.png,False,de79801cf6b37b977bf778d6cb1a21e5ecaa9dce28ff3676492cf7af8bb706df
train-12285,train,train,data/extracted/KolektorSDD2/train/12285.png,data/extracted/KolektorSDD2/train/12285_GT.png,False,606f20c879a5da797757a2ae9a08e875ef98fc7dfa8bfd8a1d31612fe44b42d5
train-12286,train,train,data/extracted/KolektorSDD2/train/12286.png,data/extracted/KolektorSDD2/train/12286_GT.png,False,48340fff7bb9cc0ac9cd280218b5d835e5edb9f82606d95404cd4d2d160c45bc
train-12287,train,train,data/extracted/KolektorSDD2/train/12287.png,data/extracted/KolektorSDD2/train/12287_GT.png,True,b471c8da377a8109557603d8d1b3f3c3e46f6f5708a4c406a4db6e3a2126028b
train-12288,train,train,data/extracted/KolektorSDD2/train/12288.png,data/extracted/KolektorSDD2/train/12288_GT.png,True,f53170d4a3d45781a9a040e35c30abd0bb87ba7867c858d484fc075579db1033
train-12289,train,train,data/extracted/KolektorSDD2/train/12289.png,data/extracted/KolektorSDD2/train/12289_GT.png,False,cc9795910ee71855cf62df7909e897241bd7ab55fcb9fae9bf2f9ba01e0c0cb4
train-12290,train,train,data/extracted/KolektorSDD2/train/12290.png,data/extracted/KolektorSDD2/train/12290_GT.png,False,cbb1dfcbba2ecbe7e2d48fc0124f352cf9857ab17f8982eb5be3d4022e9cb858
train-12291,train,train,data/extracted/KolektorSDD2/train/12291.png,data/extracted/KolektorSDD2/train/12291_GT.png,False,b5a2a8a6d555dbf86be1fbd5523de93c56311d19755f02fe746fc93ff0b58b8b
train-12292,train,train,data/extracted/KolektorSDD2/train/12292.png,data/extracted/KolektorSDD2/train/12292_GT.png,False,cf669391aecafee2ab6b8e01dcbfcd15b268c28cccd238ed2aaa5f154c48bc91
train-12293,train,train,data/extracted/KolektorSDD2/train/12293.png,data/extracted/KolektorSDD2/train/12293_GT.png,False,475090ffb754dc44dbcdec4f213c9d3d62eaf470e2bcc43553175c969e1dd9ed
train-12294,train,train,data/extracted/KolektorSDD2/train/12294.png,data/extracted/KolektorSDD2/train/12294_GT.png,False,4423b118d6767827c3581dce34150680b14aa72c521f55fc5b64e23cccb23176
train-12295,train,train,data/extracted/KolektorSDD2/train/12295.png,data/extracted/KolektorSDD2/train/12295_GT.png,False,a861e49fbdccbd6a160534adef488d6bb9fd12cdc375ecac2dd301887f5f601e
train-12296,train,train,data/extracted/KolektorSDD2/train/12296.png,data/extracted/KolektorSDD2/train/12296_GT.png,False,8a90e280116b2234df52213c3449b5c2932f90a852db2e0ce19d80694a6c3703
train-12297,train,train,data/extracted/KolektorSDD2/train/12297.png,data/extracted/KolektorSDD2/train/12297_GT.png,False,74be4b0266bb431ef56ec80b91e2ac8c214056d8f225dbc73c71c3fd85ca28cc
train-12298,train,train,data/extracted/KolektorSDD2/train/12298.png,data/extracted/KolektorSDD2/train/12298_GT.png,False,f89abafefe0d93c9399b8d21e502a20b863969070e4c88677220d08d6fca3123
train-12299,train,train,data/extracted/KolektorSDD2/train/12299.png,data/extracted/KolektorSDD2/train/12299_GT.png,False,3ab1b262f4db1e39be395317cc565805d5891fe00547741a4d5ee9fc07047fe9
train-12300,train,train,data/extracted/KolektorSDD2/train/12300.png,data/extracted/KolektorSDD2/train/12300_GT.png,False,dffdf6b420da5145bc6fd587e6eb18a83d490ce3159af0bcdb210230d25d35f2
train-12301,train,train,data/extracted/KolektorSDD2/train/12301.png,data/extracted/KolektorSDD2/train/12301_GT.png,True,691ae0fe705e83c8af8d1afacf12f88dedb2dff2a5154e3274b1e98c383c18ff
train-12302,train,train,data/extracted/KolektorSDD2/train/12302.png,data/extracted/KolektorSDD2/train/12302_GT.png,False,6697988c27e014a1809e9dc9e1e4fd0ebdad66fe381f2c0bff2368d0b4dbb195
train-12303,train,train,data/extracted/KolektorSDD2/train/12303.png,data/extracted/KolektorSDD2/train/12303_GT.png,True,c6ac7b4c442d9a41a744d4167cff48c0cd01938590472e3841c26f7cd21da8ca
train-12304,train,train,data/extracted/KolektorSDD2/train/12304.png,data/extracted/KolektorSDD2/train/12304_GT.png,False,c987fd43c2fa91bc5c84264bcbef6b41ec6c29fa5484b61853b74e06a8dc7e95
train-12305,train,train,data/extracted/KolektorSDD2/train/12305.png,data/extracted/KolektorSDD2/train/12305_GT.png,False,d8b2f6a7e310b642e3a04994eb86b3368bbb4b498cca28a85c4bb5a916489264
train-12306,train,validation,data/extracted/KolektorSDD2/train/12306.png,data/extracted/KolektorSDD2/train/12306_GT.png,False,9104a94629fe24011250a9acf57d1271c938eda291dc4d1d49c2259417b5e26d
train-12307,train,train,data/extracted/KolektorSDD2/train/12307.png,data/extracted/KolektorSDD2/train/12307_GT.png,False,b3ee5d82ea3d48d3e8c7a7104cac3e26b3c98cb66fd5708e0dda9a217b709bfe
train-12308,train,train,data/extracted/KolektorSDD2/train/12308.png,data/extracted/KolektorSDD2/train/12308_GT.png,False,d6dfbf197cbb5e4e669fc32eefd3f47e5c6385e994a805dae384b1e329b1a947
train-12309,train,train,data/extracted/KolektorSDD2/train/12309.png,data/extracted/KolektorSDD2/train/12309_GT.png,False,c90790124e3d290ecbf3489a557faafb0c29c9b853a80dd3e76138821ee91943
train-12310,train,train,data/extracted/KolektorSDD2/train/12310.png,data/extracted/KolektorSDD2/train/12310_GT.png,False,4683eb76114ad14afce4968af24b845f10953b40b95de4e8c29303bc97a731df
train-12311,train,train,data/extracted/KolektorSDD2/train/12311.png,data/extracted/KolektorSDD2/train/12311_GT.png,False,2c7719f436310e7944927abb178c15c55bfa93eed1691ead079624d43a5d3104
train-12312,train,train,data/extracted/KolektorSDD2/train/12312.png,data/extracted/KolektorSDD2/train/12312_GT.png,False,07ff205c17cefdae0dc8c46425c555357a626c8e414b92a31a4b95c1a951f17c
train-12313,train,train,data/extracted/KolektorSDD2/train/12313.png,data/extracted/KolektorSDD2/train/12313_GT.png,False,69f6eb7dd8582f636ca7f6b4cd7bfb2be02c5be52a9ecba81835313bf8580719
train-12314,train,train,data/extracted/KolektorSDD2/train/12314.png,data/extracted/KolektorSDD2/train/12314_GT.png,True,43e0ed32cf74f1bd746a4d1faf0fc9f1654d8ce96e96f224c585c7d2fdf4b9d6
train-12315,train,validation,data/extracted/KolektorSDD2/train/12315.png,data/extracted/KolektorSDD2/train/12315_GT.png,True,242559ed5bab481ef010c3aa9381d1a26dc92fcbb6a8295f5fcbb2d3d0ef17f4
train-12316,train,train,data/extracted/KolektorSDD2/train/12316.png,data/extracted/KolektorSDD2/train/12316_GT.png,False,a8668c830f51763af98bb5bba8641c83b414739032fb2fda926253d7bf442bfe
train-12317,train,train,data/extracted/KolektorSDD2/train/12317.png,data/extracted/KolektorSDD2/train/12317_GT.png,True,14b23a88cf2d554145766d186dd5a17c868b4ab23f9562adf259090be77284d8
train-12318,train,validation,data/extracted/KolektorSDD2/train/12318.png,data/extracted/KolektorSDD2/train/12318_GT.png,False,7944888f96440fd24e476635022991035d023472a0fc4705b534fad18644d4f4
train-12319,train,validation,data/extracted/KolektorSDD2/train/12319.png,data/extracted/KolektorSDD2/train/12319_GT.png,False,dc405c387ef90c4f3d586e1b91ec46a4862491212d131c5cebc9ac0b1f62eeee
train-12320,train,train,data/extracted/KolektorSDD2/train/12320.png,data/extracted/KolektorSDD2/train/12320_GT.png,False,f717d8c165933a955086e93e62759422eb07d119d37d26dfe2271d737d90f4fb
train-12321,train,train,data/extracted/KolektorSDD2/train/12321.png,data/extracted/KolektorSDD2/train/12321_GT.png,False,cb905fabc85af62411139290081f66a9f89e36e69609b2fc2cf0b9aca8c4a099
train-12322,train,train,data/extracted/KolektorSDD2/train/12322.png,data/extracted/KolektorSDD2/train/12322_GT.png,False,36f7dfcbb58df3ccaaa4fea5780000013979dc24eb2e932250ff9aefcc59e39e
train-12323,train,validation,data/extracted/KolektorSDD2/train/12323.png,data/extracted/KolektorSDD2/train/12323_GT.png,False,8367bf898968c6bf8a716571b388ff102c3fb5bdd87344bda180c79882589141
train-12324,train,train,data/extracted/KolektorSDD2/train/12324.png,data/extracted/KolektorSDD2/train/12324_GT.png,False,d8f5e8c129c2b3c19257adafeaa708daf1337d206182adadbcb2bf6bd8523402
train-12325,train,train,data/extracted/KolektorSDD2/train/12325.png,data/extracted/KolektorSDD2/train/12325_GT.png,False,ea4d4348d64530fd3a6c87f7317cd33a6e6b2400fad29b0260cb79c207bc17cf
train-12326,train,train,data/extracted/KolektorSDD2/train/12326.png,data/extracted/KolektorSDD2/train/12326_GT.png,False,60c0293f2b03c33694689f05ec1336edb449e6f6ffd8de07f122f128aaac45cf
train-12327,train,train,data/extracted/KolektorSDD2/train/12327.png,data/extracted/KolektorSDD2/train/12327_GT.png,False,d28ebcdbfc1dbe288877d6e7fa3a3b8eaed1f429dcbb89ee6c49f5dfd993fd26
train-12328,train,validation,data/extracted/KolektorSDD2/train/12328.png,data/extracted/KolektorSDD2/train/12328_GT.png,False,961ab46be2c7a4e684d740a7bbad607536cd30e069c274af5408d3e0b349dace
train-12329,train,train,data/extracted/KolektorSDD2/train/12329.png,data/extracted/KolektorSDD2/train/12329_GT.png,False,dc3b532e878ae44173ee4dcf9016b9f3063df07f2dadef1a06078d11c3b393f7
train-12330,train,train,data/extracted/KolektorSDD2/train/12330.png,data/extracted/KolektorSDD2/train/12330_GT.png,False,22d88d08a268fc7296525e78a573f0026488b1eed1d248053e81556204096779
test-20000,test,test,data/extracted/KolektorSDD2/test/20000.png,data/extracted/KolektorSDD2/test/20000_GT.png,False,92534e5c45ceb4a8a43d9affb744350c2fe976d0ffde055f384381f1aec3bec4
test-20001,test,test,data/extracted/KolektorSDD2/test/20001.png,data/extracted/KolektorSDD2/test/20001_GT.png,False,2f4bd1f8e4ded902b0b0cb84e9267f5d0f4ccaaae70218334765af328addf9e0
test-20002,test,test,data/extracted/KolektorSDD2/test/20002.png,data/extracted/KolektorSDD2/test/20002_GT.png,False,2bd034bf82b0babf1f881ccf97af80ac0f54d86e8d17cbbe0146fa9e9650db5c
test-20003,test,test,data/extracted/KolektorSDD2/test/20003.png,data/extracted/KolektorSDD2/test/20003_GT.png,False,974f6b1670b5be22c7b42cf047721c26662c18338df3eead46c932f152a9f0d8
test-20004,test,test,data/extracted/KolektorSDD2/test/20004.png,data/extracted/KolektorSDD2/test/20004_GT.png,False,0104cf24b6a6629a12fa6c0274d5fd25d4a4d964df20f5c045e5fba15cb25ab8
test-20005,test,test,data/extracted/KolektorSDD2/test/20005.png,data/extracted/KolektorSDD2/test/20005_GT.png,False,dd59d972df368a33e5c2182cf1db2c1d70a5de22c8c6f59dbc9861dc63e44502
test-20006,test,test,data/extracted/KolektorSDD2/test/20006.png,data/extracted/KolektorSDD2/test/20006_GT.png,False,2a86bf1b0b54d9e83d51ac48dd41a4ffbb0f5377dd0e43164aadf54447b5bc3f
test-20007,test,test,data/extracted/KolektorSDD2/test/20007.png,data/extracted/KolektorSDD2/test/20007_GT.png,False,3c3083608725353b830a324e5936c680cdb0499fea6fe4c5bffa29d89f36fa8e
test-20008,test,test,data/extracted/KolektorSDD2/test/20008.png,data/extracted/KolektorSDD2/test/20008_GT.png,False,4df06286d0cfe7ebfe25cb5c1ffe35db2b6c860337995edaabdfcc0873062605
test-20009,test,test,data/extracted/KolektorSDD2/test/20009.png,data/extracted/KolektorSDD2/test/20009_GT.png,False,a5a47039b2c740e43a1752c5ef4f67087eb6579701aa9cdd4eab0f1f49005e10
test-20010,test,test,data/extracted/KolektorSDD2/test/20010.png,data/extracted/KolektorSDD2/test/20010_GT.png,False,c59fd5a0dca382482b6a186f91687243f09e24784c1a8b0e49897774daa1f1c3
test-20011,test,test,data/extracted/KolektorSDD2/test/20011.png,data/extracted/KolektorSDD2/test/20011_GT.png,False,c05b73b447798d76f2a3912d8fba0aad3f67232afd0ac7d0807b9755bb9288b9
test-20012,test,test,data/extracted/KolektorSDD2/test/20012.png,data/extracted/KolektorSDD2/test/20012_GT.png,False,7e99e24d5a7a24330732327a787076fbb98167af6ef41579f67cf1f6ea95bf7b
test-20013,test,test,data/extracted/KolektorSDD2/test/20013.png,data/extracted/KolektorSDD2/test/20013_GT.png,False,01c788e6c45b477b4da55470264beee93e6dbc7040359960ef44ba85ea585f94
test-20014,test,test,data/extracted/KolektorSDD2/test/20014.png,data/extracted/KolektorSDD2/test/20014_GT.png,False,61a09e5f898d393507c7121621d460deb29fb00d565cceae4a1868865d887e46
test-20015,test,test,data/extracted/KolektorSDD2/test/20015.png,data/extracted/KolektorSDD2/test/20015_GT.png,False,f9552c072621def567cafae4a3e7e6ea20ae21576362c1e10ed4d98161558d24
test-20016,test,test,data/extracted/KolektorSDD2/test/20016.png,data/extracted/KolektorSDD2/test/20016_GT.png,False,bdf152411421569b0eca0410a0ede39e5bc6e3be85710cac87847aa2e8e05943
test-20017,test,test,data/extracted/KolektorSDD2/test/20017.png,data/extracted/KolektorSDD2/test/20017_GT.png,False,8e28b45eb429c4d8a70ae36962876fb28489f0bec562667ea5af7ff0aa074159
test-20018,test,test,data/extracted/KolektorSDD2/test/20018.png,data/extracted/KolektorSDD2/test/20018_GT.png,False,1697bfc44c015992b73525156e483d4988f2e038605cdafd31b534ee3e8b4c1c
test-20019,test,test,data/extracted/KolektorSDD2/test/20019.png,data/extracted/KolektorSDD2/test/20019_GT.png,False,a9f378e98a93a50ce65652cbadeb49938056aa3904094385d3925954d2792c07
test-20020,test,test,data/extracted/KolektorSDD2/test/20020.png,data/extracted/KolektorSDD2/test/20020_GT.png,False,6d359581247aeea1d4ba7e8bf416688928207e98efe0ebadbd2ca0628dc8531b
test-20021,test,test,data/extracted/KolektorSDD2/test/20021.png,data/extracted/KolektorSDD2/test/20021_GT.png,False,b8421a9a71abaf3b3c2f8ac8aa71e6e7dc7fe04332d1541001712db33491f861
test-20022,test,test,data/extracted/KolektorSDD2/test/20022.png,data/extracted/KolektorSDD2/test/20022_GT.png,False,023bd155a2aa02675e16829ea6ba8372726e1df3e7977642a67a862bf97984b3
test-20023,test,test,data/extracted/KolektorSDD2/test/20023.png,data/extracted/KolektorSDD2/test/20023_GT.png,False,e53db35c4c781235436b3b4cd04ba3fc9e881c5231a35e2363693a582b0b0dca
test-20024,test,test,data/extracted/KolektorSDD2/test/20024.png,data/extracted/KolektorSDD2/test/20024_GT.png,False,275a19466d05e7fe9f4d7cfe8aad04191d342cf693fc34c07fdc27c3d43180eb
test-20025,test,test,data/extracted/KolektorSDD2/test/20025.png,data/extracted/KolektorSDD2/test/20025_GT.png,False,307e8172c8914be81c225875f13c2da4b3a9d9234ccf8af1bcee2b8fce1b7376
test-20026,test,test,data/extracted/KolektorSDD2/test/20026.png,data/extracted/KolektorSDD2/test/20026_GT.png,False,c4b4254aabc84e5c9431da2ebfc2a46342d77de3b0e4cde1b92e778fccc408c1
test-20027,test,test,data/extracted/KolektorSDD2/test/20027.png,data/extracted/KolektorSDD2/test/20027_GT.png,False,cb418ca33883b68fc706dc7723fce8d76ed22ae6e57aadec859fc7b0e8da16ed
test-20028,test,test,data/extracted/KolektorSDD2/test/20028.png,data/extracted/KolektorSDD2/test/20028_GT.png,False,94ded116dc5e3b429bd2693d9d460953dd46413d00189e59c49353a551afb367
test-20029,test,test,data/extracted/KolektorSDD2/test/20029.png,data/extracted/KolektorSDD2/test/20029_GT.png,False,aea45f13b22e95966c1d2f4c979f0fbf8f595296278df701b4050f07c3a9867d
test-20030,test,test,data/extracted/KolektorSDD2/test/20030.png,data/extracted/KolektorSDD2/test/20030_GT.png,False,9ba620730783993fdde531b5657adcd41ca559a28ede6463bf9e638a05c2c8a7
test-20031,test,test,data/extracted/KolektorSDD2/test/20031.png,data/extracted/KolektorSDD2/test/20031_GT.png,False,c99087ed1441572233a8efb22562d5ccfecc60272d608d4ee62ad597a888eb62
test-20032,test,test,data/extracted/KolektorSDD2/test/20032.png,data/extracted/KolektorSDD2/test/20032_GT.png,False,7a81186f4ea57719f1fbaebb8342210b7e0b64e812d0e5afcdd5be26668ddb76
test-20033,test,test,data/extracted/KolektorSDD2/test/20033.png,data/extracted/KolektorSDD2/test/20033_GT.png,False,549aeec1fa0caba49d856daaef1f8b80d3931519a4d802474fb7c9e7c21f659c
test-20034,test,test,data/extracted/KolektorSDD2/test/20034.png,data/extracted/KolektorSDD2/test/20034_GT.png,False,ecc2f72830d2e3e30fe8e00d0a9005bb45fc9f508d56a084a35252356fd17bf7
test-20035,test,test,data/extracted/KolektorSDD2/test/20035.png,data/extracted/KolektorSDD2/test/20035_GT.png,False,022f8be71bc86dd2a3f6a9840fda7620e4dbadf9a212b0911b4109f2b0c564d6
test-20036,test,test,data/extracted/KolektorSDD2/test/20036.png,data/extracted/KolektorSDD2/test/20036_GT.png,False,269e68fbdd87ef6d4794279b354566bf91bc6115a320ab1b881c76d2adb27ad1
test-20037,test,test,data/extracted/KolektorSDD2/test/20037.png,data/extracted/KolektorSDD2/test/20037_GT.png,False,a6467c6903dce12f539c0a6dc04b54df089d136eff53813b2f4299860e6edd03
test-20038,test,test,data/extracted/KolektorSDD2/test/20038.png,data/extracted/KolektorSDD2/test/20038_GT.png,False,a5e510b99478a60b579540264f2b5eacc5075e5f2ad561af878438d01b98d532
test-20039,test,test,data/extracted/KolektorSDD2/test/20039.png,data/extracted/KolektorSDD2/test/20039_GT.png,False,46c56d9b7877abe9937b47eb07017697725cf8ae854bf4173c2b42d3b75128a7
test-20040,test,test,data/extracted/KolektorSDD2/test/20040.png,data/extracted/KolektorSDD2/test/20040_GT.png,False,7dac9b2bd23bff486e49ad87cc0a72f6d5bc0f51dc363a98330ccaa4b251e521
test-20041,test,test,data/extracted/KolektorSDD2/test/20041.png,data/extracted/KolektorSDD2/test/20041_GT.png,False,fc93906d30229a7d044c616feb299f61a1d18d4ff1ad89c73f8980cddd37513f
test-20042,test,test,data/extracted/KolektorSDD2/test/20042.png,data/extracted/KolektorSDD2/test/20042_GT.png,True,48c7e272a0fc3d84928efbe3259bce556dc6381b47dba1e42101885998072717
test-20043,test,test,data/extracted/KolektorSDD2/test/20043.png,data/extracted/KolektorSDD2/test/20043_GT.png,False,54af326e477c316d8e05afaff59e80863bd8f5e8f426dfc3dda5f51ac4e836fd
test-20044,test,test,data/extracted/KolektorSDD2/test/20044.png,data/extracted/KolektorSDD2/test/20044_GT.png,False,0b3cdcd1a1cb39b937d051cb2748b46b9b2c1ee8d2b9d44830602d1ff9bb1c44
test-20045,test,test,data/extracted/KolektorSDD2/test/20045.png,data/extracted/KolektorSDD2/test/20045_GT.png,False,e5acf69970fbcf5b0aedc0e09b4c5731bc7ec4e919d9bd5a14b03339b9114c54
test-20046,test,test,data/extracted/KolektorSDD2/test/20046.png,data/extracted/KolektorSDD2/test/20046_GT.png,False,c29a5eb0d00f3b17fd86fcff7d19c604bc66b1858bb7844782039e0d5dadcb82
test-20047,test,test,data/extracted/KolektorSDD2/test/20047.png,data/extracted/KolektorSDD2/test/20047_GT.png,False,1738a5957243de99f47f1ade194d51a188a9a51120db29b3e8592a7126aa3882
test-20048,test,test,data/extracted/KolektorSDD2/test/20048.png,data/extracted/KolektorSDD2/test/20048_GT.png,False,501da5a61d728aedef4106d23d59c38719b09d8e3e90a7a6c1dd0048281bb092
test-20049,test,test,data/extracted/KolektorSDD2/test/20049.png,data/extracted/KolektorSDD2/test/20049_GT.png,False,9cf3d9a9bbc0c29a6b24b043917403a54839e74bf78383d14e894e739c4b28a7
test-20050,test,test,data/extracted/KolektorSDD2/test/20050.png,data/extracted/KolektorSDD2/test/20050_GT.png,False,0cfc4ec5d935aff7d3c357eb20637541784365668b15788453251621af72f00c
test-20051,test,test,data/extracted/KolektorSDD2/test/20051.png,data/extracted/KolektorSDD2/test/20051_GT.png,False,1aba20f8da8cee91e14527509dad3daf24cf3baf843c25d29b92e9ffcbc1223b
test-20052,test,test,data/extracted/KolektorSDD2/test/20052.png,data/extracted/KolektorSDD2/test/20052_GT.png,False,e4faf3d2431f00644ca6e8fabbd63d28508952402e72c8c51229ad21228dfe8d
test-20053,test,test,data/extracted/KolektorSDD2/test/20053.png,data/extracted/KolektorSDD2/test/20053_GT.png,False,4d8f1c7e6303ed4d8d2ca965325a4da678cd3d25428f0091c910635857176f9b
test-20054,test,test,data/extracted/KolektorSDD2/test/20054.png,data/extracted/KolektorSDD2/test/20054_GT.png,False,d737c6c12f013386948d41eab762e72c3888248cc1b8b31b936d84a827bf5bac
test-20055,test,test,data/extracted/KolektorSDD2/test/20055.png,data/extracted/KolektorSDD2/test/20055_GT.png,False,d238e1e765197c6b05408c5974eddadba9c8145645eb4505bc5814aaf6406942
test-20056,test,test,data/extracted/KolektorSDD2/test/20056.png,data/extracted/KolektorSDD2/test/20056_GT.png,True,ada0c6f4c35a908c490b675885ba02d140c3782451c62f778ca55b38c36c9fde
test-20057,test,test,data/extracted/KolektorSDD2/test/20057.png,data/extracted/KolektorSDD2/test/20057_GT.png,False,205a27540b5b6e359dc2debed88f81cdac0297c04d85b4b519099422abb0a76a
test-20058,test,test,data/extracted/KolektorSDD2/test/20058.png,data/extracted/KolektorSDD2/test/20058_GT.png,False,ea0a02c5c10e7e8d343ff768fba16ab1668817c47903c61ea2e067b2e2d20e68
test-20059,test,test,data/extracted/KolektorSDD2/test/20059.png,data/extracted/KolektorSDD2/test/20059_GT.png,False,53878c80449b45f9aa265f98eff53a6becf36023bc007f0c162c6fde57de84e8
test-20060,test,test,data/extracted/KolektorSDD2/test/20060.png,data/extracted/KolektorSDD2/test/20060_GT.png,False,b728c76d7ae22c7add7d7166ce4668060d8968bf03cb0aea1cda1f76edc3d718
test-20061,test,test,data/extracted/KolektorSDD2/test/20061.png,data/extracted/KolektorSDD2/test/20061_GT.png,False,15b257e851eb2613d420d8019437ac93ea38b4814e4a4966e7e084d611bbab91
test-20062,test,test,data/extracted/KolektorSDD2/test/20062.png,data/extracted/KolektorSDD2/test/20062_GT.png,False,77294653e6165cd87596e8e6617d852f346c4a23299323e3e973386bcf2149c5
test-20063,test,test,data/extracted/KolektorSDD2/test/20063.png,data/extracted/KolektorSDD2/test/20063_GT.png,False,29d4aee937799e9f24d0382f5e8ef805ca3ff3e4c19073e0552f64aa8b2a30a7
test-20064,test,test,data/extracted/KolektorSDD2/test/20064.png,data/extracted/KolektorSDD2/test/20064_GT.png,False,135df8a6d08dc85feb7af6bfae509439474f1ba5e6ac3ea1a7957b5ab0deff03
test-20065,test,test,data/extracted/KolektorSDD2/test/20065.png,data/extracted/KolektorSDD2/test/20065_GT.png,False,7298b74626bf0a78b5652272163ee97ab29432e2c6700a134c6a76cd52b893bb
test-20066,test,test,data/extracted/KolektorSDD2/test/20066.png,data/extracted/KolektorSDD2/test/20066_GT.png,False,b6aab859aed1f5c3e196981acf55a34d59dd85653bb6fb7411847537f61af83d
test-20067,test,test,data/extracted/KolektorSDD2/test/20067.png,data/extracted/KolektorSDD2/test/20067_GT.png,False,5eff2468dc99005e50704c27257846657ff9c8b6387f9ea0c6b3914c8173e454
test-20068,test,test,data/extracted/KolektorSDD2/test/20068.png,data/extracted/KolektorSDD2/test/20068_GT.png,True,77cdc4b8049a62099eb6ab1e6eae0748708bb18529afd9788a3647ded28e87bd
test-20069,test,test,data/extracted/KolektorSDD2/test/20069.png,data/extracted/KolektorSDD2/test/20069_GT.png,False,5f3fa6a8d24b566ebc545591b491fc844c3b78e987cbc7c82ae531f2645ab684
test-20070,test,test,data/extracted/KolektorSDD2/test/20070.png,data/extracted/KolektorSDD2/test/20070_GT.png,False,069c42e5fca090b5c0d6e275b48dcc28003dac71307e26332b31a298fcebdbb1
test-20071,test,test,data/extracted/KolektorSDD2/test/20071.png,data/extracted/KolektorSDD2/test/20071_GT.png,False,e96f5387814e68152ef7aad4e2809fcc8089bbd94ebeeb405a4e7c36f4c53f2c
test-20072,test,test,data/extracted/KolektorSDD2/test/20072.png,data/extracted/KolektorSDD2/test/20072_GT.png,False,93d12343242f546a46c6e84b8af8cb0d5dc7a874d93211afabf05bfa5e291eca
test-20073,test,test,data/extracted/KolektorSDD2/test/20073.png,data/extracted/KolektorSDD2/test/20073_GT.png,False,60832c04af208d99281f482af2cabdaf81d3ec437f0c7034f47c45b450c6424e
test-20074,test,test,data/extracted/KolektorSDD2/test/20074.png,data/extracted/KolektorSDD2/test/20074_GT.png,False,2a74be4ede9948bf1a9066bd9d9dc2a791a720d900082ade8434fcfa49810669
test-20075,test,test,data/extracted/KolektorSDD2/test/20075.png,data/extracted/KolektorSDD2/test/20075_GT.png,False,ae259ed43187a8ba7c22af894ea5c6e7321a1f3e3d4bb76b3cc47f4b7def0b08
test-20076,test,test,data/extracted/KolektorSDD2/test/20076.png,data/extracted/KolektorSDD2/test/20076_GT.png,False,9681400fb8aa5126b19231bd65436d373c2c3c6695a6113d677cdef26adf4bc9
test-20077,test,test,data/extracted/KolektorSDD2/test/20077.png,data/extracted/KolektorSDD2/test/20077_GT.png,False,f24e50a732797578a5e05a1d7c52853a81f10caa15acde080dc6eaab777293ac
test-20078,test,test,data/extracted/KolektorSDD2/test/20078.png,data/extracted/KolektorSDD2/test/20078_GT.png,False,ec26fd201a65d0c384286086ec27fd515c9fa3b7099aaf9283addf7471cd2aa5
test-20079,test,test,data/extracted/KolektorSDD2/test/20079.png,data/extracted/KolektorSDD2/test/20079_GT.png,False,bb91f2c99ecef1f24fd0ce2806f69970ccdb965357b11c73a833ec01a24d7cf8
test-20080,test,test,data/extracted/KolektorSDD2/test/20080.png,data/extracted/KolektorSDD2/test/20080_GT.png,False,8dd3c0d7f648e1019d0388e61174a2b9235bb806ecb6f785c54d98435fed3e32
test-20081,test,test,data/extracted/KolektorSDD2/test/20081.png,data/extracted/KolektorSDD2/test/20081_GT.png,False,3504f5633d6c2aad6cd6c843524e920d1e6fee6c7cf5f156b65e4aa511364dd2
test-20082,test,test,data/extracted/KolektorSDD2/test/20082.png,data/extracted/KolektorSDD2/test/20082_GT.png,False,4475ef7f21e40531c315d7b721e6554a041c8bc3956c8849bcaa6394209d3f32
test-20083,test,test,data/extracted/KolektorSDD2/test/20083.png,data/extracted/KolektorSDD2/test/20083_GT.png,False,698962e6c1cb056f05bebe0186c74166f7c9dca56983f40e451772c3e13558e3
test-20084,test,test,data/extracted/KolektorSDD2/test/20084.png,data/extracted/KolektorSDD2/test/20084_GT.png,True,08ccda3130fd8767e8c49ceda48c6640d272dd24127544c488a47e803de0ee26
test-20085,test,test,data/extracted/KolektorSDD2/test/20085.png,data/extracted/KolektorSDD2/test/20085_GT.png,False,0c796b13d6d00b4106e26b21886fb761117b216fd1591c0b854460d50ebce2bb
test-20086,test,test,data/extracted/KolektorSDD2/test/20086.png,data/extracted/KolektorSDD2/test/20086_GT.png,False,959d858faffdc6900c65d46fea790a6f3772761c7b786420069f0aed3136af4b
test-20087,test,test,data/extracted/KolektorSDD2/test/20087.png,data/extracted/KolektorSDD2/test/20087_GT.png,False,15de0d0d436361f8632cc1f8e295223dc495df822e611993756e8b97f78be273
test-20088,test,test,data/extracted/KolektorSDD2/test/20088.png,data/extracted/KolektorSDD2/test/20088_GT.png,False,eba7861d74a0e86f96208c866be9f64c67afcbc0796709e245fa6b6bcc3d57b3
test-20089,test,test,data/extracted/KolektorSDD2/test/20089.png,data/extracted/KolektorSDD2/test/20089_GT.png,False,0184437b91919e35061abc1fede2bc9ddbb229e80606733949e137c21de621d4
test-20090,test,test,data/extracted/KolektorSDD2/test/20090.png,data/extracted/KolektorSDD2/test/20090_GT.png,False,899aeb776c4fe39766156b16311cb52cfd4f589d4c02b8ee2da58ae809278140
test-20091,test,test,data/extracted/KolektorSDD2/test/20091.png,data/extracted/KolektorSDD2/test/20091_GT.png,False,d134bb996b6dc0b458ce234c5980c63ddeb3fbb070ac6ceccdf835cb023f28be
test-20092,test,test,data/extracted/KolektorSDD2/test/20092.png,data/extracted/KolektorSDD2/test/20092_GT.png,False,b6a5264fbb60bba164dc0138511784785d8ff03363ecf2851f45a8023cff6bac
test-20093,test,test,data/extracted/KolektorSDD2/test/20093.png,data/extracted/KolektorSDD2/test/20093_GT.png,False,f1bac15a6ac5a7abcd152ff3e25fef49631be83a676e159dc4f873d971697a25
test-20094,test,test,data/extracted/KolektorSDD2/test/20094.png,data/extracted/KolektorSDD2/test/20094_GT.png,False,bf302edfcb00aaa3660c11a074af892ae2787b6c1df5295900e9919775993bad
test-20095,test,test,data/extracted/KolektorSDD2/test/20095.png,data/extracted/KolektorSDD2/test/20095_GT.png,True,1a48fdb703aeada0a69338633af1050b729e8dbd7a4798a4b21ec45f3d5e758e
test-20096,test,test,data/extracted/KolektorSDD2/test/20096.png,data/extracted/KolektorSDD2/test/20096_GT.png,False,1392fac6082d6bfc8fd66c8a6eea563d2ce5e8da5a36f74d78bb4943ba5087e7
test-20097,test,test,data/extracted/KolektorSDD2/test/20097.png,data/extracted/KolektorSDD2/test/20097_GT.png,False,d02f17de8ccb1d9a3230528c2280720e1dff238807b40346b67c4826cc7f5425
test-20098,test,test,data/extracted/KolektorSDD2/test/20098.png,data/extracted/KolektorSDD2/test/20098_GT.png,False,8afb0816673e159c6dd3ae1db8a370da76618a8fffa5d4ad556237029c2ccedd
test-20099,test,test,data/extracted/KolektorSDD2/test/20099.png,data/extracted/KolektorSDD2/test/20099_GT.png,True,e806bdca2e7e20c2608cc37ed2c53b2f1a8c08ea042bef0072b9f28f24528a95
test-20100,test,test,data/extracted/KolektorSDD2/test/20100.png,data/extracted/KolektorSDD2/test/20100_GT.png,False,a64a73e2ff6e3413965a0d18e23242367a29809d385e16b5e5b48e0903e06034
test-20101,test,test,data/extracted/KolektorSDD2/test/20101.png,data/extracted/KolektorSDD2/test/20101_GT.png,False,b473f61012c4da4f17eab0e21a480d6ca22a1ce92269c5c299acd6f3c46cafaa
test-20102,test,test,data/extracted/KolektorSDD2/test/20102.png,data/extracted/KolektorSDD2/test/20102_GT.png,False,d775f2071741ab784b9e25061d8fecf81aa3265b7b57c3c2e9e82d8f9b9942aa
test-20103,test,test,data/extracted/KolektorSDD2/test/20103.png,data/extracted/KolektorSDD2/test/20103_GT.png,False,02276d171d08b3c92dd8bbd5733c00adc7af3bb3a4c1a9288dff7ff46234165d
test-20104,test,test,data/extracted/KolektorSDD2/test/20104.png,data/extracted/KolektorSDD2/test/20104_GT.png,False,7fc4d1bfa478b7b0f4d86d3e8f3737f68ac9dd24ab9dddcdfa5e6535d540b046
test-20105,test,test,data/extracted/KolektorSDD2/test/20105.png,data/extracted/KolektorSDD2/test/20105_GT.png,False,a130c90f6c483ee84cd588728f5f886e180ff1d2c048dff36ebeb31af2ff251c
test-20106,test,test,data/extracted/KolektorSDD2/test/20106.png,data/extracted/KolektorSDD2/test/20106_GT.png,False,db54be1fe5f95264b899c7440e655028e8fe2a5d049ed87a6cb4378f28700d08
test-20107,test,test,data/extracted/KolektorSDD2/test/20107.png,data/extracted/KolektorSDD2/test/20107_GT.png,False,75137d75dd9bfd1a41f6490ffb050d1efc8aed2b4fdef806c3f1ec194f110b8a
test-20108,test,test,data/extracted/KolektorSDD2/test/20108.png,data/extracted/KolektorSDD2/test/20108_GT.png,False,ba8c668443a795bb3b6256f16aadc092cc777c4f7daa183021a9a36641531426
test-20109,test,test,data/extracted/KolektorSDD2/test/20109.png,data/extracted/KolektorSDD2/test/20109_GT.png,False,b841fa2d2d1786c22c78e74953aa1f28f7eadd21e5bce8edf2f5c5311c156ad8
test-20110,test,test,data/extracted/KolektorSDD2/test/20110.png,data/extracted/KolektorSDD2/test/20110_GT.png,False,9bd4d54f562cb9acb7a8f55e96a8e20dbafa06e0ad2165102e153a9a13462683
test-20111,test,test,data/extracted/KolektorSDD2/test/20111.png,data/extracted/KolektorSDD2/test/20111_GT.png,False,e7ab772a1aa058c9a90c2c66d9436e43ce053d218943ebe720ce8fbd41b179ce
test-20112,test,test,data/extracted/KolektorSDD2/test/20112.png,data/extracted/KolektorSDD2/test/20112_GT.png,False,47d7bb3311420bd3c29b9ffde168ff18d9383ffd6097b0ffb9266dbd713f6d1a
test-20113,test,test,data/extracted/KolektorSDD2/test/20113.png,data/extracted/KolektorSDD2/test/20113_GT.png,False,c18cbe56312fd79d8596e63df9a1a70396d39a61b520d7c3deec989306488c21
test-20114,test,test,data/extracted/KolektorSDD2/test/20114.png,data/extracted/KolektorSDD2/test/20114_GT.png,False,809fe319b1b9bcc8ed4f85018da8b311c57a8c85be62b0866c5c3eed7364d106
test-20115,test,test,data/extracted/KolektorSDD2/test/20115.png,data/extracted/KolektorSDD2/test/20115_GT.png,False,6e5be2da26afbe8a08afb3b33216a6289c783ed2b0d669f67561d591b33fd9f4
test-20116,test,test,data/extracted/KolektorSDD2/test/20116.png,data/extracted/KolektorSDD2/test/20116_GT.png,False,c65171e8281781ad688189d5a5e26713f25568424bde6b1574a824a578a84a13
test-20117,test,test,data/extracted/KolektorSDD2/test/20117.png,data/extracted/KolektorSDD2/test/20117_GT.png,True,122b4db86aef32c77b7f73f39cff7c08ee4e73d24ac6d6e77eafa1e8681761ff
test-20118,test,test,data/extracted/KolektorSDD2/test/20118.png,data/extracted/KolektorSDD2/test/20118_GT.png,True,557d6b33bc33be128b74f4bdd81cf8f61aecf76b36858f42e1c91c29469008a4
test-20119,test,test,data/extracted/KolektorSDD2/test/20119.png,data/extracted/KolektorSDD2/test/20119_GT.png,False,90556a986ebfc4cb58bfae4f7e921e3dee086ad45b6d4d17fb2f41875c2504e8
test-20120,test,test,data/extracted/KolektorSDD2/test/20120.png,data/extracted/KolektorSDD2/test/20120_GT.png,False,a360c673faaea02e57f9d9b50804a044d2415c3e0525679b20475e734638572f
test-20121,test,test,data/extracted/KolektorSDD2/test/20121.png,data/extracted/KolektorSDD2/test/20121_GT.png,True,fcb4e1150070161ce2e66cf738e7013166e2f5f34559a744c8c4efd0dcdc8789
test-20122,test,test,data/extracted/KolektorSDD2/test/20122.png,data/extracted/KolektorSDD2/test/20122_GT.png,False,b917cbe9621dfac357822f024c577a52a2aff37232561b0fb50a211db46260f2
test-20123,test,test,data/extracted/KolektorSDD2/test/20123.png,data/extracted/KolektorSDD2/test/20123_GT.png,False,2034d035e2771e6387d49dd77081a284703697ced73b56e775287d15da6a2057
test-20124,test,test,data/extracted/KolektorSDD2/test/20124.png,data/extracted/KolektorSDD2/test/20124_GT.png,False,6e375a5ae3c579bd3f5ec106c8914a9e522dcf32778dbb882520db73398a98e3
test-20125,test,test,data/extracted/KolektorSDD2/test/20125.png,data/extracted/KolektorSDD2/test/20125_GT.png,True,a73eb3ba47846a1af7deb39723157495687e454efba034ac4637802a69ef8ab1
test-20126,test,test,data/extracted/KolektorSDD2/test/20126.png,data/extracted/KolektorSDD2/test/20126_GT.png,False,e7e3506e5771a21e97d1b8619029c3b601566212dc46093e4c5f76892f75f2c4
test-20127,test,test,data/extracted/KolektorSDD2/test/20127.png,data/extracted/KolektorSDD2/test/20127_GT.png,False,76eab9816ba2d92faaf2ff0f97ce188e8d78cc32274eda0297e9cc7fa094e8c3
test-20128,test,test,data/extracted/KolektorSDD2/test/20128.png,data/extracted/KolektorSDD2/test/20128_GT.png,False,cf736d9b4cd843d28e8b809c91870da32566496a7a6019498735db682b87a25b
test-20129,test,test,data/extracted/KolektorSDD2/test/20129.png,data/extracted/KolektorSDD2/test/20129_GT.png,True,28e601a4df7d56ec859ebed518d4ec5567b0662c419fc44172236655f1040bb3
test-20130,test,test,data/extracted/KolektorSDD2/test/20130.png,data/extracted/KolektorSDD2/test/20130_GT.png,True,fc9c24616b65c9eca311a4eb620a3465f41083d9860c6689f5ed74fed8f27d21
test-20131,test,test,data/extracted/KolektorSDD2/test/20131.png,data/extracted/KolektorSDD2/test/20131_GT.png,False,e5695e422eaaed57055df2d8105a871c7fe7aa8fe45317bac175f116f27d7089
test-20132,test,test,data/extracted/KolektorSDD2/test/20132.png,data/extracted/KolektorSDD2/test/20132_GT.png,False,e90f6d6a6325b14eb327e2ad4931f9ebf0cc69069484ccd86b840fcc9be26fab
test-20133,test,test,data/extracted/KolektorSDD2/test/20133.png,data/extracted/KolektorSDD2/test/20133_GT.png,False,b6f615cec5a10118a87017590536ed52dc646eb4d4f74f0c372ac22a426fa96d
test-20134,test,test,data/extracted/KolektorSDD2/test/20134.png,data/extracted/KolektorSDD2/test/20134_GT.png,False,6d8e805b0f06ad7c25c089a5956fd393a4609594f0e0142a5ca0aa5b9d0cd04d
test-20135,test,test,data/extracted/KolektorSDD2/test/20135.png,data/extracted/KolektorSDD2/test/20135_GT.png,False,e08565347a099f188e56e2f92224cf744848b1e888dbfe539bb818dcee53cb01
test-20136,test,test,data/extracted/KolektorSDD2/test/20136.png,data/extracted/KolektorSDD2/test/20136_GT.png,False,9e02dc74d7d715709a478995c375d4767383917ddc5eca65757bd293ba703a1e
test-20137,test,test,data/extracted/KolektorSDD2/test/20137.png,data/extracted/KolektorSDD2/test/20137_GT.png,False,3584397dece70c9a8eccc0f5d384088abbf79601148f6fcfeb72bd64a8af6343
test-20138,test,test,data/extracted/KolektorSDD2/test/20138.png,data/extracted/KolektorSDD2/test/20138_GT.png,False,8e150b71e723a41d51b05d9c16fd61c63535104b065f61f31f0d480180e96d2e
test-20139,test,test,data/extracted/KolektorSDD2/test/20139.png,data/extracted/KolektorSDD2/test/20139_GT.png,True,89c6d2fdcf445004e8b8cd07bcc1b50df81706785ceb8cbafc0cc74e50b6dd17
test-20140,test,test,data/extracted/KolektorSDD2/test/20140.png,data/extracted/KolektorSDD2/test/20140_GT.png,False,388aaef1495bc9862685eb2ed1d0fd17525441a47a49d8882044acfd66a0c955
test-20141,test,test,data/extracted/KolektorSDD2/test/20141.png,data/extracted/KolektorSDD2/test/20141_GT.png,True,293d731baa016136b32826ea1a374cf206111fd1303ccbb30f5e6ee8a70d1eb2
test-20142,test,test,data/extracted/KolektorSDD2/test/20142.png,data/extracted/KolektorSDD2/test/20142_GT.png,True,651fb84909618e5801944cf560d26717f4a32a089ddae47f6591ecc48e36fbe8
test-20143,test,test,data/extracted/KolektorSDD2/test/20143.png,data/extracted/KolektorSDD2/test/20143_GT.png,False,e9287217bc3fe084aa122057d8241ea966a5ef3c03cfcf4fd93c879081051886
test-20144,test,test,data/extracted/KolektorSDD2/test/20144.png,data/extracted/KolektorSDD2/test/20144_GT.png,False,2fae42216f3bb95e5a118ad6e783a31a9bcc277d456c1689259b95a26d638d7c
test-20145,test,test,data/extracted/KolektorSDD2/test/20145.png,data/extracted/KolektorSDD2/test/20145_GT.png,False,6e6ebb573edf92a23cc91b1a493b94242d6f7479119b22b760a2a7bfd3b24ed1
test-20146,test,test,data/extracted/KolektorSDD2/test/20146.png,data/extracted/KolektorSDD2/test/20146_GT.png,False,6df293beb3e62fd58ddc2f7c12ca33ff3c22c25927d105d353782cc569dd1533
test-20147,test,test,data/extracted/KolektorSDD2/test/20147.png,data/extracted/KolektorSDD2/test/20147_GT.png,False,9142089e53ec020fc2eb0b4c6265b48db4713dda12bd219f3eb70e4b085d8cc2
test-20148,test,test,data/extracted/KolektorSDD2/test/20148.png,data/extracted/KolektorSDD2/test/20148_GT.png,False,ce2e415b812f3fa07f63b2cd11f2bfad651ee00ba939f1e6cf00e633ebab21bc
test-20149,test,test,data/extracted/KolektorSDD2/test/20149.png,data/extracted/KolektorSDD2/test/20149_GT.png,False,45b3ba98c9099dbb291e551efa70c9d51679d8633a41b92e6dc994689bf7068c
test-20150,test,test,data/extracted/KolektorSDD2/test/20150.png,data/extracted/KolektorSDD2/test/20150_GT.png,False,4856d827630956d60e3f00a3c0c633811be298deca661d6c7d9112c6870a94ca
test-20151,test,test,data/extracted/KolektorSDD2/test/20151.png,data/extracted/KolektorSDD2/test/20151_GT.png,False,1177c1e38b078644625d55fa76061fc19e63a678f52087b5b4322d56c7da4d66
test-20152,test,test,data/extracted/KolektorSDD2/test/20152.png,data/extracted/KolektorSDD2/test/20152_GT.png,False,b3bee72cb3dfcd08d8e597610945aef43966f0cf34d1a6d421c5f4ea89d62246
test-20153,test,test,data/extracted/KolektorSDD2/test/20153.png,data/extracted/KolektorSDD2/test/20153_GT.png,False,fc02fe2699b2f1e64dd4d8275c907aee7b25f4ff566ff5f28ef0e39fcbdd7bd0
test-20154,test,test,data/extracted/KolektorSDD2/test/20154.png,data/extracted/KolektorSDD2/test/20154_GT.png,False,161ca7847e54582225e4a10d20c4413cfd20c8cd7d6e9a48d77b21e6528f21ce
test-20155,test,test,data/extracted/KolektorSDD2/test/20155.png,data/extracted/KolektorSDD2/test/20155_GT.png,True,9d504e20c062abd80fa918f144a13aa9130dedcdf55cc5b35922e6b472efce1e
test-20156,test,test,data/extracted/KolektorSDD2/test/20156.png,data/extracted/KolektorSDD2/test/20156_GT.png,False,16bb82edee873647eb6b2d56122616dc8c67ad7f1435414e1c4cb9e9840c0323
test-20157,test,test,data/extracted/KolektorSDD2/test/20157.png,data/extracted/KolektorSDD2/test/20157_GT.png,False,9f7add95a2014934b4b8bdcd6e0c3e7b1239e0965ba433e869777ee536fd5e63
test-20158,test,test,data/extracted/KolektorSDD2/test/20158.png,data/extracted/KolektorSDD2/test/20158_GT.png,True,c13db68f2e54643dc95ec370de4f39cfccec8e24cf59f940155a132609a3a37e
test-20159,test,test,data/extracted/KolektorSDD2/test/20159.png,data/extracted/KolektorSDD2/test/20159_GT.png,True,4de72ab578e0f96ff82540d789ac70c99d58e95db423266c2c54c9d962bee7f1
test-20160,test,test,data/extracted/KolektorSDD2/test/20160.png,data/extracted/KolektorSDD2/test/20160_GT.png,False,b09578af32062a4f0b542d0a2662f7703ccd39f12b500be3e48689d515687406
test-20161,test,test,data/extracted/KolektorSDD2/test/20161.png,data/extracted/KolektorSDD2/test/20161_GT.png,False,aa4ab6ed176ad70b536cd08c12b35b92835c120916a21b00d4ecf8b028a04948
test-20162,test,test,data/extracted/KolektorSDD2/test/20162.png,data/extracted/KolektorSDD2/test/20162_GT.png,False,747c6a5aa196ca0cdb9d2b96b141ea99318c45e1f99f50d9921a79c2cbde14e8
test-20163,test,test,data/extracted/KolektorSDD2/test/20163.png,data/extracted/KolektorSDD2/test/20163_GT.png,False,d4da07b6900a7a5bf6db089d2a3d1764896a5ceaf8396dfcbd953841f740f6de
test-20164,test,test,data/extracted/KolektorSDD2/test/20164.png,data/extracted/KolektorSDD2/test/20164_GT.png,False,f1b6234f45bbfa8c9863ce481338193303c742df9bc9000c96baaf4f03e6e0ca
test-20165,test,test,data/extracted/KolektorSDD2/test/20165.png,data/extracted/KolektorSDD2/test/20165_GT.png,False,882e7c1557bc743b20b87103172b2d84b5026345aaf69d110effc62039c98bf0
test-20166,test,test,data/extracted/KolektorSDD2/test/20166.png,data/extracted/KolektorSDD2/test/20166_GT.png,False,ecaa2f66d8f7de6c9390a6bdbb56f79e3e9e7bd996bb28c362a58bc17f3854ff
test-20167,test,test,data/extracted/KolektorSDD2/test/20167.png,data/extracted/KolektorSDD2/test/20167_GT.png,False,ba3c9de7c704373ecad2e67eefae4c878ebbd1b977a866fcf9aa4baac4ab40bb
test-20168,test,test,data/extracted/KolektorSDD2/test/20168.png,data/extracted/KolektorSDD2/test/20168_GT.png,False,9fd5f943ff1f8f9709b53709e970077673acf4afd2991a7c6d794df154459765
test-20169,test,test,data/extracted/KolektorSDD2/test/20169.png,data/extracted/KolektorSDD2/test/20169_GT.png,False,d72f59c57ea5c9f86a95b70b365960d5aab5259ade7d117e76e554d17640cc02
test-20170,test,test,data/extracted/KolektorSDD2/test/20170.png,data/extracted/KolektorSDD2/test/20170_GT.png,False,3e26633b49df008972f47328a8d1e1a72b13daf0abc2cb7b36a7d218e5598ad8
test-20171,test,test,data/extracted/KolektorSDD2/test/20171.png,data/extracted/KolektorSDD2/test/20171_GT.png,False,0744bdd627dcd7bb4d7fc42a3e9b01886c40cea8beb42c879c0f554a6e2441fa
test-20172,test,test,data/extracted/KolektorSDD2/test/20172.png,data/extracted/KolektorSDD2/test/20172_GT.png,True,90caa92415e406b50852dbfb62c07337079a86afda10fa6153cb05c68e227ef7
test-20173,test,test,data/extracted/KolektorSDD2/test/20173.png,data/extracted/KolektorSDD2/test/20173_GT.png,False,ad6ebb674a69efebc383d7c140ee6f7080340c9723bd7433ff85128089255af0
test-20174,test,test,data/extracted/KolektorSDD2/test/20174.png,data/extracted/KolektorSDD2/test/20174_GT.png,False,7a5f4dc1861a09ee8260c2286b8284fb20a9987728ed2ac408bfbf59016a547e
test-20175,test,test,data/extracted/KolektorSDD2/test/20175.png,data/extracted/KolektorSDD2/test/20175_GT.png,True,bfd2f1dc6ecea08460b87d1a3dbafcd418a268e53b0fc40ede50ba6c2cac2f1f
test-20176,test,test,data/extracted/KolektorSDD2/test/20176.png,data/extracted/KolektorSDD2/test/20176_GT.png,False,3be9ce42d95e775cbd78b8ea87b739c53802d6a7f8ba4493baee87ac98610352
test-20177,test,test,data/extracted/KolektorSDD2/test/20177.png,data/extracted/KolektorSDD2/test/20177_GT.png,True,ca22e92e7fe4738162417ec818b7d67bc47b0fdd336dadecae37f8e6e6b75d3c
test-20178,test,test,data/extracted/KolektorSDD2/test/20178.png,data/extracted/KolektorSDD2/test/20178_GT.png,False,a8933031bd0f7c390275d7078ce503fc705bc0129669c75d62b4e02b4feb7220
test-20179,test,test,data/extracted/KolektorSDD2/test/20179.png,data/extracted/KolektorSDD2/test/20179_GT.png,False,d5d85e8886430ade93db2cd29c21095577e8d8a44e9e2f3b3e7756f83b89622b
test-20180,test,test,data/extracted/KolektorSDD2/test/20180.png,data/extracted/KolektorSDD2/test/20180_GT.png,False,8a0882942ca8bc64d11cafba54bbcd9c94943a1839d5e66edf71662e68fa4d12
test-20181,test,test,data/extracted/KolektorSDD2/test/20181.png,data/extracted/KolektorSDD2/test/20181_GT.png,False,8089b658c8516a3b828e5321b2aebf13f462b9ef447a27f74c74747274f8d72a
test-20182,test,test,data/extracted/KolektorSDD2/test/20182.png,data/extracted/KolektorSDD2/test/20182_GT.png,False,766f20871b586be176e1fab934ffe68749b69d344ca1531e64a6944a05a6b6a1
test-20183,test,test,data/extracted/KolektorSDD2/test/20183.png,data/extracted/KolektorSDD2/test/20183_GT.png,False,891103b4f356dbfadc4105b0d35b6d2702eb06a5fd871958ef45e5cc69812465
test-20184,test,test,data/extracted/KolektorSDD2/test/20184.png,data/extracted/KolektorSDD2/test/20184_GT.png,False,ee0abb86ae613acf916c910ccadcc28fde73b3c15be3e75913a20785040977e0
test-20185,test,test,data/extracted/KolektorSDD2/test/20185.png,data/extracted/KolektorSDD2/test/20185_GT.png,False,a8434e5b627bf616f357a5e7824d0efac72c4ab6a8f984a3c4c5b85d23c0b264
test-20186,test,test,data/extracted/KolektorSDD2/test/20186.png,data/extracted/KolektorSDD2/test/20186_GT.png,False,3d003d2768bbf3e290c8a0b4dad2356fb987d793f2a14b8b4256b75cf636acbe
test-20187,test,test,data/extracted/KolektorSDD2/test/20187.png,data/extracted/KolektorSDD2/test/20187_GT.png,False,d9f8aa42f494311b5a5a1825fb008098c4077940e295db33ea207857714d7822
test-20188,test,test,data/extracted/KolektorSDD2/test/20188.png,data/extracted/KolektorSDD2/test/20188_GT.png,False,782298ad5cc14c675b034dae9a1a106cf5c44b6bde2a2eed38f8f3cde784f57f
test-20189,test,test,data/extracted/KolektorSDD2/test/20189.png,data/extracted/KolektorSDD2/test/20189_GT.png,False,ffa690132c2518de445d273e6e54d4a513b4858cf763f4acd5673e112c24fe6d
test-20190,test,test,data/extracted/KolektorSDD2/test/20190.png,data/extracted/KolektorSDD2/test/20190_GT.png,True,0b14a5281143372762c666f760f899cfdb5fa48e91098440bebb8921c14b35b7
test-20191,test,test,data/extracted/KolektorSDD2/test/20191.png,data/extracted/KolektorSDD2/test/20191_GT.png,False,308b6e4b3d6d2a813930a7d35591643e12ce4c83d32549404a357873c0ae0b23
test-20192,test,test,data/extracted/KolektorSDD2/test/20192.png,data/extracted/KolektorSDD2/test/20192_GT.png,False,8b2ebfe7fd44c723c1bca996fdda69fe4d2eb40a02e96e627e64c954a7d2e9ab
test-20193,test,test,data/extracted/KolektorSDD2/test/20193.png,data/extracted/KolektorSDD2/test/20193_GT.png,True,736f81bbec2a885fd423bf2e42bf405804537b33de4bfd9fa8728dd88a81cc67
test-20194,test,test,data/extracted/KolektorSDD2/test/20194.png,data/extracted/KolektorSDD2/test/20194_GT.png,False,069304fe44875ad87e57f238a5228cbb36fa1fa831c64fcadbe10b39da7bd391
test-20195,test,test,data/extracted/KolektorSDD2/test/20195.png,data/extracted/KolektorSDD2/test/20195_GT.png,False,3e175f90bdebdd365804210af3dabd3cd8c292cf20a935486bcb90bb67effbe4
test-20196,test,test,data/extracted/KolektorSDD2/test/20196.png,data/extracted/KolektorSDD2/test/20196_GT.png,False,8a7a50e241b184c21026c22664f898a1235c6104cd5beb4a614c71b58776cc7d
test-20197,test,test,data/extracted/KolektorSDD2/test/20197.png,data/extracted/KolektorSDD2/test/20197_GT.png,False,4e0a19566c6e274b582550094b031de9ecd065b53001e7fba3ef4a0b29dca3ee
test-20198,test,test,data/extracted/KolektorSDD2/test/20198.png,data/extracted/KolektorSDD2/test/20198_GT.png,False,65d0af068985d9f687fdaf1d3546d1e0ca584293f2604662e0d21f98e7cd2435
test-20199,test,test,data/extracted/KolektorSDD2/test/20199.png,data/extracted/KolektorSDD2/test/20199_GT.png,False,c103d6ccd2271c55ba3ff13cacd42367243ddba5960aed07d61050d1479eae5f
test-20200,test,test,data/extracted/KolektorSDD2/test/20200.png,data/extracted/KolektorSDD2/test/20200_GT.png,False,f589c7b6dcffb59c21a3b4c54d482a7b9f76eaab024d4198129bb1684acd3626
test-20201,test,test,data/extracted/KolektorSDD2/test/20201.png,data/extracted/KolektorSDD2/test/20201_GT.png,False,3b2908b3ae4e7ecae7ef15d9724967ce31a2b3fd68efe85c41c50b5dfe151807
test-20202,test,test,data/extracted/KolektorSDD2/test/20202.png,data/extracted/KolektorSDD2/test/20202_GT.png,False,50892bbaedc26496a20eedd57349c8f16f0323fb423be2efdab50ee371334bd2
test-20203,test,test,data/extracted/KolektorSDD2/test/20203.png,data/extracted/KolektorSDD2/test/20203_GT.png,False,e31bed0f46e456da544a5526341e79f73d4df598ce4fdcb782abf349e5c4afda
test-20204,test,test,data/extracted/KolektorSDD2/test/20204.png,data/extracted/KolektorSDD2/test/20204_GT.png,True,d256713b95a1b855b7903401cca7feb6f6e78c0cb993204b184d4d1ae1351b6d
test-20205,test,test,data/extracted/KolektorSDD2/test/20205.png,data/extracted/KolektorSDD2/test/20205_GT.png,False,14401a323aae64ff831e7b2935a7d4677a422c6386bd85e1f27959338daf44d6
test-20206,test,test,data/extracted/KolektorSDD2/test/20206.png,data/extracted/KolektorSDD2/test/20206_GT.png,False,faba795c92f622253f66898cab21fc5405ba2f3eaabb0e5d246732a5d089ee95
test-20207,test,test,data/extracted/KolektorSDD2/test/20207.png,data/extracted/KolektorSDD2/test/20207_GT.png,False,985d14aaac60e3574c54a01e075ec0833201270fd194cc2697e406a7b99f625a
test-20208,test,test,data/extracted/KolektorSDD2/test/20208.png,data/extracted/KolektorSDD2/test/20208_GT.png,False,7959ba315d467dbab15ca9b1436d0b169af8244fe9e1aacd013cc4d5258900fa
test-20209,test,test,data/extracted/KolektorSDD2/test/20209.png,data/extracted/KolektorSDD2/test/20209_GT.png,True,553e99be3385be4b02966ab081259c9d203c1b549f4554d8172238f04abca970
test-20210,test,test,data/extracted/KolektorSDD2/test/20210.png,data/extracted/KolektorSDD2/test/20210_GT.png,False,70f19b95e07dc37cff611ef6ae64a24ab123301a54167509476873e4ddfefafb
test-20211,test,test,data/extracted/KolektorSDD2/test/20211.png,data/extracted/KolektorSDD2/test/20211_GT.png,False,35cc6fe08890e6ff020bcd80215f1c15ceecb23db5faeaa6ecca2359b5f8e3ee
test-20212,test,test,data/extracted/KolektorSDD2/test/20212.png,data/extracted/KolektorSDD2/test/20212_GT.png,False,c8091ad130b2f459f754fe82a597053150ac7e83fc3a3d6e3d679bd2043d679e
test-20213,test,test,data/extracted/KolektorSDD2/test/20213.png,data/extracted/KolektorSDD2/test/20213_GT.png,False,1f8b58d60fa977da419ea5022fb56112d9be215541a0ca1c80bc66501dda5e29
test-20214,test,test,data/extracted/KolektorSDD2/test/20214.png,data/extracted/KolektorSDD2/test/20214_GT.png,False,e1b727a7902ff754ab129a7275036b70250de22fc89439d18c11dd2fed06d10b
test-20215,test,test,data/extracted/KolektorSDD2/test/20215.png,data/extracted/KolektorSDD2/test/20215_GT.png,False,0a8d318951f10b9b66edf77c0039608de98937b00bdf943655452a6fa1fc2b18
test-20216,test,test,data/extracted/KolektorSDD2/test/20216.png,data/extracted/KolektorSDD2/test/20216_GT.png,False,ac5c5d41496b27fda496bd9a69b7d54cb880d7ab58059e273c55f58e43b5f849
test-20217,test,test,data/extracted/KolektorSDD2/test/20217.png,data/extracted/KolektorSDD2/test/20217_GT.png,True,de06d188ab6d498fe9e253ed708cbe9d4d0fb74e82240ae1270e9c37e7a28e18
test-20218,test,test,data/extracted/KolektorSDD2/test/20218.png,data/extracted/KolektorSDD2/test/20218_GT.png,False,4d4d15c9d1fdd1283da19ac6e985bb9456ed368425166674b33971c3e0fe63e3
test-20219,test,test,data/extracted/KolektorSDD2/test/20219.png,data/extracted/KolektorSDD2/test/20219_GT.png,False,8431fe49bef7a1d1959a19b1e06e6f4c6cc9f741dc64fc5e83021b1727021c19
test-20220,test,test,data/extracted/KolektorSDD2/test/20220.png,data/extracted/KolektorSDD2/test/20220_GT.png,False,869ce08326780d28974e1c2d44f45aa8149105c386a72adc6066e986646c2b9a
test-20221,test,test,data/extracted/KolektorSDD2/test/20221.png,data/extracted/KolektorSDD2/test/20221_GT.png,False,65adfada3f27b026c0018984843fde73062b7b4376301ed7120e212e7e84b9b4
test-20222,test,test,data/extracted/KolektorSDD2/test/20222.png,data/extracted/KolektorSDD2/test/20222_GT.png,False,13c7c51aa56be1b9c753cdfc1c477ae5992234bcf510ca5df60c41e4c061f325
test-20223,test,test,data/extracted/KolektorSDD2/test/20223.png,data/extracted/KolektorSDD2/test/20223_GT.png,False,665a9f5b1bf1b5ac481f1bd869cb773d45917996331901fbf0837146324d7d48
test-20224,test,test,data/extracted/KolektorSDD2/test/20224.png,data/extracted/KolektorSDD2/test/20224_GT.png,False,80598e0c34149978887254d3ac7d3d9d86be5b1e30637aab13b24d464799e584
test-20225,test,test,data/extracted/KolektorSDD2/test/20225.png,data/extracted/KolektorSDD2/test/20225_GT.png,False,8d0809b3d123b31a17113f6e97278cd057b80b068edf23859e9c48d8e022449e
test-20226,test,test,data/extracted/KolektorSDD2/test/20226.png,data/extracted/KolektorSDD2/test/20226_GT.png,False,014daf97e61784146884f2706860efd9f17fdb8c46ecb452f5e9db0a46cfcdf4
test-20227,test,test,data/extracted/KolektorSDD2/test/20227.png,data/extracted/KolektorSDD2/test/20227_GT.png,False,b898195cb63bf27ba56d6ea63791c4c0cd344eaadbf96b12ae6414425d03617b
test-20228,test,test,data/extracted/KolektorSDD2/test/20228.png,data/extracted/KolektorSDD2/test/20228_GT.png,True,02e93d1536112858e3b6d1f82daf334517a944dd9b0d2a3f7c3777a9606d14cc
test-20229,test,test,data/extracted/KolektorSDD2/test/20229.png,data/extracted/KolektorSDD2/test/20229_GT.png,False,5bf069ffdbae3236f4c05ad128b3c8f54086177779b0bbffdb58250e2a629fc4
test-20230,test,test,data/extracted/KolektorSDD2/test/20230.png,data/extracted/KolektorSDD2/test/20230_GT.png,False,7ac746466d520085b402c0e4b0a2b732d4bb50e30c07f93a3e98caec2c1145b4
test-20231,test,test,data/extracted/KolektorSDD2/test/20231.png,data/extracted/KolektorSDD2/test/20231_GT.png,True,3c0016b29101562fc37bdea8d08a5a7b2a7dae80583f07b5ab2d8c572a944ca3
test-20232,test,test,data/extracted/KolektorSDD2/test/20232.png,data/extracted/KolektorSDD2/test/20232_GT.png,False,8f9e1085e268a104c620ad69ddcb87dd03b0ef7edf3206aaa9641c19adf0141a
test-20233,test,test,data/extracted/KolektorSDD2/test/20233.png,data/extracted/KolektorSDD2/test/20233_GT.png,False,24266a31440d51abb3d4a19707bfa6e58e1e4c54766c302a346fa6974fefb286
test-20234,test,test,data/extracted/KolektorSDD2/test/20234.png,data/extracted/KolektorSDD2/test/20234_GT.png,False,a0cf5d93da7097b5aa244a49fd5d8e595bc0b11f6fa8f29a3e5ffe39e59c5dfa
test-20235,test,test,data/extracted/KolektorSDD2/test/20235.png,data/extracted/KolektorSDD2/test/20235_GT.png,False,938eafecd9f1be77dda8c622005a15288d179fad2732254835736b2394460f3c
test-20236,test,test,data/extracted/KolektorSDD2/test/20236.png,data/extracted/KolektorSDD2/test/20236_GT.png,True,f6ea0442fe7253b8d609d6e6622c0bfc3b32e565259fd45da3b8a043fbf9fd69
test-20237,test,test,data/extracted/KolektorSDD2/test/20237.png,data/extracted/KolektorSDD2/test/20237_GT.png,False,3684f00fe21ccd56dc61aba3eeeb28aa1633d8e1b57e9a3b1b7818334e265d76
test-20238,test,test,data/extracted/KolektorSDD2/test/20238.png,data/extracted/KolektorSDD2/test/20238_GT.png,False,a9897575d7df2344327c510659cb623ff2695ad7d9e58f0c33220285cd53dc18
test-20239,test,test,data/extracted/KolektorSDD2/test/20239.png,data/extracted/KolektorSDD2/test/20239_GT.png,False,e1bf13c141071e8e1a53bc6b3fa899c72403b54bdbf3e9e4e210bf15f5511582
test-20240,test,test,data/extracted/KolektorSDD2/test/20240.png,data/extracted/KolektorSDD2/test/20240_GT.png,False,8c2e49e5b5f7e3522e7dc49749083a421a45072bc3f3a241ea9cfc7bd2eb552c
test-20241,test,test,data/extracted/KolektorSDD2/test/20241.png,data/extracted/KolektorSDD2/test/20241_GT.png,False,887be9e2509cf2223e2fd0831204397a5605684f0017ff411c0b3e3548a83bfa
test-20242,test,test,data/extracted/KolektorSDD2/test/20242.png,data/extracted/KolektorSDD2/test/20242_GT.png,False,aede8a7500cfbc2b1db7f2e65688d98671051e99dae791c4d1b224644130998a
test-20243,test,test,data/extracted/KolektorSDD2/test/20243.png,data/extracted/KolektorSDD2/test/20243_GT.png,False,3b230e693ee6ffe97e57e0b5e5cebbcc0004a62c5f3a820c0b7c0c8fc2805e61
test-20244,test,test,data/extracted/KolektorSDD2/test/20244.png,data/extracted/KolektorSDD2/test/20244_GT.png,False,1755949fed45633232f5a0b392206a78dc77b5021a39a74bb926575824318172
test-20245,test,test,data/extracted/KolektorSDD2/test/20245.png,data/extracted/KolektorSDD2/test/20245_GT.png,False,c1cbaf06ab907675a97b6c0f6d67954d549a3d63810902fa4026dce3ddeeb66f
test-20246,test,test,data/extracted/KolektorSDD2/test/20246.png,data/extracted/KolektorSDD2/test/20246_GT.png,True,f3c1dda8b2843c8664f08e569866c4221c7adb884fc7a78b343eca8051360536
test-20247,test,test,data/extracted/KolektorSDD2/test/20247.png,data/extracted/KolektorSDD2/test/20247_GT.png,False,df43ca4d769f2eafd4ca50d2960785681f976923f0b81cb632aa48ac817565fa
test-20248,test,test,data/extracted/KolektorSDD2/test/20248.png,data/extracted/KolektorSDD2/test/20248_GT.png,False,452fe57e2761b11bb6547380914e36d4f1ac1bdd32a6bb8d7e5a2b44e4b08693
test-20249,test,test,data/extracted/KolektorSDD2/test/20249.png,data/extracted/KolektorSDD2/test/20249_GT.png,False,cb20425f4673d153774a771b600ee38b46f348117f544e919f41cebb8129d354
test-20250,test,test,data/extracted/KolektorSDD2/test/20250.png,data/extracted/KolektorSDD2/test/20250_GT.png,False,e3a5ba4162379a3574e89df2af62ebbf8ef4b46be8f3794c1afdc808dc2d7de1
test-20251,test,test,data/extracted/KolektorSDD2/test/20251.png,data/extracted/KolektorSDD2/test/20251_GT.png,False,449c19879c3bb0e5a6c20c6de0706c2debc585d94f9d1a75bc6d2d83974c631c
test-20252,test,test,data/extracted/KolektorSDD2/test/20252.png,data/extracted/KolektorSDD2/test/20252_GT.png,False,8fe3934e9eff3c4c558e1eca0a1715a62fcba26056c70cf0c3252b4123bc41ac
test-20253,test,test,data/extracted/KolektorSDD2/test/20253.png,data/extracted/KolektorSDD2/test/20253_GT.png,False,7b491b9c5f8e2bfc1f4262b568a7a1d35f126da352ec33928c33f1bbbaf1b4d0
test-20254,test,test,data/extracted/KolektorSDD2/test/20254.png,data/extracted/KolektorSDD2/test/20254_GT.png,False,1dd614c227ad806776fb0bae6f5b367121e97b63be250109adf6a82056d5ae2c
test-20255,test,test,data/extracted/KolektorSDD2/test/20255.png,data/extracted/KolektorSDD2/test/20255_GT.png,False,81d10b5f6a6b176b2d50d0eeeb4037bdb0e191b87392401148ceea48fb728261
test-20256,test,test,data/extracted/KolektorSDD2/test/20256.png,data/extracted/KolektorSDD2/test/20256_GT.png,False,68944fac82059927c997a2c2fce8e60ff2afb596ba4b59def6f944edb453a66d
test-20257,test,test,data/extracted/KolektorSDD2/test/20257.png,data/extracted/KolektorSDD2/test/20257_GT.png,False,0aa257e20bc76053be7d014615263727da6475377d838dbb512a22329cc57bda
test-20258,test,test,data/extracted/KolektorSDD2/test/20258.png,data/extracted/KolektorSDD2/test/20258_GT.png,False,4652232e4e02fc0195617ffaae60ebe5c9fcb140886385b36ded7536e2bec44d
test-20259,test,test,data/extracted/KolektorSDD2/test/20259.png,data/extracted/KolektorSDD2/test/20259_GT.png,True,67d42a597782806c050bdeadf2eb9f8c36632700c8f3c8f48ef6f142759edc16
test-20260,test,test,data/extracted/KolektorSDD2/test/20260.png,data/extracted/KolektorSDD2/test/20260_GT.png,False,27cf38a107637b1de8d9082f9361b57647ca4591872255f8b546ecfa2a37b58c
test-20261,test,test,data/extracted/KolektorSDD2/test/20261.png,data/extracted/KolektorSDD2/test/20261_GT.png,False,bb49b39b6d22ee05d2f89e7823294096a533d113763a911accb1fb41300c9f7a
test-20262,test,test,data/extracted/KolektorSDD2/test/20262.png,data/extracted/KolektorSDD2/test/20262_GT.png,False,eb3622f068f6bbc5917dd564ebe3dd3acae32295edaa84406c5ad8fb03ebe5c1
test-20263,test,test,data/extracted/KolektorSDD2/test/20263.png,data/extracted/KolektorSDD2/test/20263_GT.png,False,6701e85ca84c32387a94610e0e2f063fdb9f86ab976cdeb9d90e557d13fc1efa
test-20264,test,test,data/extracted/KolektorSDD2/test/20264.png,data/extracted/KolektorSDD2/test/20264_GT.png,True,5d9d9980707810145163e157209f084c72664bd6dc3199f6f58234931d24ff27
test-20265,test,test,data/extracted/KolektorSDD2/test/20265.png,data/extracted/KolektorSDD2/test/20265_GT.png,False,e62925ec35960544346fa46b2ca0985dbbda2698294686f083327f3d402b304c
test-20266,test,test,data/extracted/KolektorSDD2/test/20266.png,data/extracted/KolektorSDD2/test/20266_GT.png,False,464ce90b532fe8f7bacc4604fb0628c5faa8651cadd7e3f4e5f2dd91fe76a754
test-20267,test,test,data/extracted/KolektorSDD2/test/20267.png,data/extracted/KolektorSDD2/test/20267_GT.png,False,9fc293ceebc62e24cf77acbd09156302e38e30555e6de8de5a019b9853a85826
test-20268,test,test,data/extracted/KolektorSDD2/test/20268.png,data/extracted/KolektorSDD2/test/20268_GT.png,False,4a9672017cf43bd5a05342d74f9e406ccc4f11139c152e1b0af27b2e2b91e2da
test-20269,test,test,data/extracted/KolektorSDD2/test/20269.png,data/extracted/KolektorSDD2/test/20269_GT.png,False,c2e8dd1f70f59a310bb981e1635f30bb915d072a99f191807e49ec4711a71fb6
test-20270,test,test,data/extracted/KolektorSDD2/test/20270.png,data/extracted/KolektorSDD2/test/20270_GT.png,False,0d5e7454674dcf7d0012e49db7f739dcad0d18d1f0d6ec9c617981678f7f966e
test-20271,test,test,data/extracted/KolektorSDD2/test/20271.png,data/extracted/KolektorSDD2/test/20271_GT.png,False,9f4b37e140c38d77b8797c73d47d979dbfb16d670e3830ccb365f271a165c34c
test-20272,test,test,data/extracted/KolektorSDD2/test/20272.png,data/extracted/KolektorSDD2/test/20272_GT.png,False,98f8041a8ea9c10ef9bbfa51c3c033abe0dead2105282cb7c7e544f978e0198c
test-20273,test,test,data/extracted/KolektorSDD2/test/20273.png,data/extracted/KolektorSDD2/test/20273_GT.png,False,0960a9a61097c8183dda9ba16c67958e3f15ecae074b2431afada72c7ce0d05c
test-20274,test,test,data/extracted/KolektorSDD2/test/20274.png,data/extracted/KolektorSDD2/test/20274_GT.png,False,71461e48a86cb92069b22b1270c8f4c02498ac7a45d96afaa5216898eb3a6530
test-20275,test,test,data/extracted/KolektorSDD2/test/20275.png,data/extracted/KolektorSDD2/test/20275_GT.png,True,20e6f4f7db6ac14fa01ff7f5cf76d7454ac442e2dd2f10ede518f0ec07585de9
test-20276,test,test,data/extracted/KolektorSDD2/test/20276.png,data/extracted/KolektorSDD2/test/20276_GT.png,False,19b9c0d9ddcc47a5ec57db82bef89ccc0fa2022c5cb8d14aaa5b9f035ffaa16d
test-20277,test,test,data/extracted/KolektorSDD2/test/20277.png,data/extracted/KolektorSDD2/test/20277_GT.png,False,90d6a302f00860d44c611126220e6d81f0dfb345cce3b87838a77816dff2525b
test-20278,test,test,data/extracted/KolektorSDD2/test/20278.png,data/extracted/KolektorSDD2/test/20278_GT.png,False,5d35634f589e1347664bad53b7b0d4b49842b587e876efa9c0b7c765c116c7c5
test-20279,test,test,data/extracted/KolektorSDD2/test/20279.png,data/extracted/KolektorSDD2/test/20279_GT.png,False,c8446a77e2b2084d55c5e32d362d33c5d1091462bec7e5f0323f7f887a198a78
test-20280,test,test,data/extracted/KolektorSDD2/test/20280.png,data/extracted/KolektorSDD2/test/20280_GT.png,False,aa9f81a109222934fc165cacfb8d3c2a79fcd92e3d6c9e85bcd239f41c700af8
test-20281,test,test,data/extracted/KolektorSDD2/test/20281.png,data/extracted/KolektorSDD2/test/20281_GT.png,True,7da512a353275ef40561363a885d0cec1c8734efa60ed3279373aedef684f2b2
test-20282,test,test,data/extracted/KolektorSDD2/test/20282.png,data/extracted/KolektorSDD2/test/20282_GT.png,False,228645941317c869a2348cefbe1c6ef2f22588fdc2ce7c962c328c3ab3157b9a
test-20283,test,test,data/extracted/KolektorSDD2/test/20283.png,data/extracted/KolektorSDD2/test/20283_GT.png,False,f8cef219afb6ef241b9dee9838c6b1b498e6168afefe9f3d381bb340b87d9964
test-20284,test,test,data/extracted/KolektorSDD2/test/20284.png,data/extracted/KolektorSDD2/test/20284_GT.png,False,77978c921f0b8664abb94dbd8f84a96bc7d9ad4074d38102f0aa4baac44526d2
test-20285,test,test,data/extracted/KolektorSDD2/test/20285.png,data/extracted/KolektorSDD2/test/20285_GT.png,False,b6e0c5da5a91fbff659ef8dca0072b14842eb2005f929ec1d80a86ec48644a22
test-20286,test,test,data/extracted/KolektorSDD2/test/20286.png,data/extracted/KolektorSDD2/test/20286_GT.png,False,531e8adc8f923272cf4ca7479549abaabd7f99a3c5ac33b473604efe0e3e46e4
test-20287,test,test,data/extracted/KolektorSDD2/test/20287.png,data/extracted/KolektorSDD2/test/20287_GT.png,False,574f5a97447a3a525af52413d6b504dcd869fd63b2db615c54d034055a40cf58
test-20288,test,test,data/extracted/KolektorSDD2/test/20288.png,data/extracted/KolektorSDD2/test/20288_GT.png,False,3ba4e756bdd967aabe3e9abaaf8aba520bc104f7fc73065e0a5cff58cda7fbd0
test-20289,test,test,data/extracted/KolektorSDD2/test/20289.png,data/extracted/KolektorSDD2/test/20289_GT.png,False,2f04410799c40f81356466df61c76a1b560e470e84ea7e91330ea21d88fb2d46
test-20290,test,test,data/extracted/KolektorSDD2/test/20290.png,data/extracted/KolektorSDD2/test/20290_GT.png,False,c3a9895256d8c8cd14309bde92da3df623c6f18f7a19a0a1598a826d45153dda
test-20291,test,test,data/extracted/KolektorSDD2/test/20291.png,data/extracted/KolektorSDD2/test/20291_GT.png,False,6f5d1606df16e93327aaeb559f02067cf3049f85dcf6943c73628cb9b60f316f
test-20292,test,test,data/extracted/KolektorSDD2/test/20292.png,data/extracted/KolektorSDD2/test/20292_GT.png,False,daafb44675587c335849fce20511b60dff9fbabaa6d2f09492b990b1867dd5ca
test-20293,test,test,data/extracted/KolektorSDD2/test/20293.png,data/extracted/KolektorSDD2/test/20293_GT.png,False,b1539aca683be5019114a85e3a4b0f55191484e8d99e6bc715574ae5dfff0aac
test-20294,test,test,data/extracted/KolektorSDD2/test/20294.png,data/extracted/KolektorSDD2/test/20294_GT.png,False,0e8d306553e1917f432d3957abb36f039dbbad9b599f0cb6a185805973ec3272
test-20295,test,test,data/extracted/KolektorSDD2/test/20295.png,data/extracted/KolektorSDD2/test/20295_GT.png,True,a7b89d9a772830b2f43bd5db69a26848da20b2eee5b557140a18342167c63b15
test-20296,test,test,data/extracted/KolektorSDD2/test/20296.png,data/extracted/KolektorSDD2/test/20296_GT.png,False,a002aa71df4cb8ffb4d56d862ab37c8b3bd0d4574dfa26d3932064f649961054
test-20297,test,test,data/extracted/KolektorSDD2/test/20297.png,data/extracted/KolektorSDD2/test/20297_GT.png,True,fa826007bf52b19cd6aa60180f38f7738d6185a771693b1cb4cb8cb13f322e4d
test-20298,test,test,data/extracted/KolektorSDD2/test/20298.png,data/extracted/KolektorSDD2/test/20298_GT.png,False,fc957a9fb2071d382d5acac213c9ec8dad236a4ffa97b2169f3c57cf1a618d53
test-20299,test,test,data/extracted/KolektorSDD2/test/20299.png,data/extracted/KolektorSDD2/test/20299_GT.png,False,e440954e01146c53cd5b74341c3697fe56eb9bafaa088be5575ab846d4ba7ece
test-20300,test,test,data/extracted/KolektorSDD2/test/20300.png,data/extracted/KolektorSDD2/test/20300_GT.png,False,41ca3a10882572367d30220983c12610c70f108d693007c4d5c6762b02ffa89c
test-20301,test,test,data/extracted/KolektorSDD2/test/20301.png,data/extracted/KolektorSDD2/test/20301_GT.png,False,eab4b18f97115aa4c61cc81c4dee2bb7bb1d2af355c49378e6923eb1ed6faf64
test-20302,test,test,data/extracted/KolektorSDD2/test/20302.png,data/extracted/KolektorSDD2/test/20302_GT.png,False,8177d0e7e21f5ae3ed167dca28b455ec5a1bdcd5b6b69e3443a24ef96b196c66
test-20303,test,test,data/extracted/KolektorSDD2/test/20303.png,data/extracted/KolektorSDD2/test/20303_GT.png,False,7344c75e30c2c634892e6b1bfc2c7eed0d6d0248ee9756a3cddcf52c5a28ca05
test-20304,test,test,data/extracted/KolektorSDD2/test/20304.png,data/extracted/KolektorSDD2/test/20304_GT.png,False,46aeee2ffe8ed626dab3efb54e85f95ee3fa43e9b1b6762642d7ee742f3a5ef3
test-20305,test,test,data/extracted/KolektorSDD2/test/20305.png,data/extracted/KolektorSDD2/test/20305_GT.png,False,e65c3b0802168f55a3bfa8d643a6972b6931d21f0b53884b66a73fa9e27e38f0
test-20306,test,test,data/extracted/KolektorSDD2/test/20306.png,data/extracted/KolektorSDD2/test/20306_GT.png,False,eac3a949a631592834f98c0e6766f8b607bbac5bd85a69a177b8c66422e30f75
test-20307,test,test,data/extracted/KolektorSDD2/test/20307.png,data/extracted/KolektorSDD2/test/20307_GT.png,False,c9d91ece8feb576573b7627e72f8d4e7dc0614c84a419ec3516fa46df2f4135d
test-20308,test,test,data/extracted/KolektorSDD2/test/20308.png,data/extracted/KolektorSDD2/test/20308_GT.png,False,462be764e875be3defc212482391299a946bfa35aff5bb05c0ae1f7ee3254df2
test-20309,test,test,data/extracted/KolektorSDD2/test/20309.png,data/extracted/KolektorSDD2/test/20309_GT.png,False,1c5bacc04ab7f53d5eae5c44c7e69c7a1fa9d0bb1d3cc503b37fb578345eba8f
test-20310,test,test,data/extracted/KolektorSDD2/test/20310.png,data/extracted/KolektorSDD2/test/20310_GT.png,False,015e7a7609113fc724b13a1c486dccc757c8f57e6be442ee3271552b4a6c92fb
test-20311,test,test,data/extracted/KolektorSDD2/test/20311.png,data/extracted/KolektorSDD2/test/20311_GT.png,False,61b4be8a06d3f4f0c86add90c564b96558e402fab41458d83e0eef27d266701e
test-20312,test,test,data/extracted/KolektorSDD2/test/20312.png,data/extracted/KolektorSDD2/test/20312_GT.png,False,72aecbde667b10b21cc8bc5907321856dafeb919deb32f900e4a64f672d379e1
test-20313,test,test,data/extracted/KolektorSDD2/test/20313.png,data/extracted/KolektorSDD2/test/20313_GT.png,False,103196d4de9518b09c6e30ed9dfbab8674b156da0d0d1f276cbf0f7a50f128a2
test-20314,test,test,data/extracted/KolektorSDD2/test/20314.png,data/extracted/KolektorSDD2/test/20314_GT.png,False,12aeb1da6804c51277910ca5e138b0ec2c4173c124e56d446e2aceeb730cee19
test-20315,test,test,data/extracted/KolektorSDD2/test/20315.png,data/extracted/KolektorSDD2/test/20315_GT.png,False,89a72954971c71c808cedbc87faec65493bfacfb9e4ba5a68cb59afd867aaa6f
test-20316,test,test,data/extracted/KolektorSDD2/test/20316.png,data/extracted/KolektorSDD2/test/20316_GT.png,False,57b68dc04c132647cef6874067fb435c67249a0560b69a469c852cbf5c0bbaa8
test-20317,test,test,data/extracted/KolektorSDD2/test/20317.png,data/extracted/KolektorSDD2/test/20317_GT.png,False,e1909a3c1e54584f9c2a70cf3e5a3fdd7174fc55363e0d6c3f197a035564e548
test-20318,test,test,data/extracted/KolektorSDD2/test/20318.png,data/extracted/KolektorSDD2/test/20318_GT.png,False,7fe007c9d8e8b19d99de4d8484721b13a26a4901ae1885cc6ffafc0d0a2b6c4b
test-20319,test,test,data/extracted/KolektorSDD2/test/20319.png,data/extracted/KolektorSDD2/test/20319_GT.png,True,a22d72ebe1a69b9376addc12879d78caeed1dbc833f536eda97199fd8f76e64a
test-20320,test,test,data/extracted/KolektorSDD2/test/20320.png,data/extracted/KolektorSDD2/test/20320_GT.png,False,8de9a197d7a4221d7559836f65318054235774ceffd40d895eab732a1d956521
test-20321,test,test,data/extracted/KolektorSDD2/test/20321.png,data/extracted/KolektorSDD2/test/20321_GT.png,False,14fc29ecb97092896bb19f7f5e6035cdc5dd4825d84276148c8e1cfd9ca6ffc2
test-20322,test,test,data/extracted/KolektorSDD2/test/20322.png,data/extracted/KolektorSDD2/test/20322_GT.png,False,fae515267b1a6a59b3a8ad2a026dcb97588d20c7e06034e62b8e80bafc436898
test-20323,test,test,data/extracted/KolektorSDD2/test/20323.png,data/extracted/KolektorSDD2/test/20323_GT.png,False,236ff4f057f112671fcad0dad468f5fbef8dada9682655e5fbe8e0cf1e0710d8
test-20324,test,test,data/extracted/KolektorSDD2/test/20324.png,data/extracted/KolektorSDD2/test/20324_GT.png,False,937bf0657c3edeb42a63d37fc6fd35e7f381f30b1b11bc013fc4a33d041ebf78
test-20325,test,test,data/extracted/KolektorSDD2/test/20325.png,data/extracted/KolektorSDD2/test/20325_GT.png,False,c52273888d42a8b9f0b753401fd72563248563af55d67a3e28540a90da01355d
test-20326,test,test,data/extracted/KolektorSDD2/test/20326.png,data/extracted/KolektorSDD2/test/20326_GT.png,False,99f3040ba1d3b5fda81fc01dd8c4bf796c994c50afe9ddf622ee182a68f107fc
test-20327,test,test,data/extracted/KolektorSDD2/test/20327.png,data/extracted/KolektorSDD2/test/20327_GT.png,False,fb39f92cc86c373f2a9cf4042c5d9a940a32b6c084d09897779e1d9dd6de722d
test-20328,test,test,data/extracted/KolektorSDD2/test/20328.png,data/extracted/KolektorSDD2/test/20328_GT.png,False,8d8967c8fd07adcc24d83b097d61be1feee9653ac2f33fa99a728404f3879051
test-20329,test,test,data/extracted/KolektorSDD2/test/20329.png,data/extracted/KolektorSDD2/test/20329_GT.png,False,26099b3f563673fe82e22ace336354d1d73a7b17cb96813106317a09a4925d2e
test-20330,test,test,data/extracted/KolektorSDD2/test/20330.png,data/extracted/KolektorSDD2/test/20330_GT.png,False,eea34d866d69573abb1b1438a58407683c6fb37b979e571136bcde848c80da5b
test-20331,test,test,data/extracted/KolektorSDD2/test/20331.png,data/extracted/KolektorSDD2/test/20331_GT.png,False,3a525b2f90560ccc5cc0c4b7eaefa6471b4e7dc6fd3657826fc1aad9c9fa62ea
test-20332,test,test,data/extracted/KolektorSDD2/test/20332.png,data/extracted/KolektorSDD2/test/20332_GT.png,False,ce77e7e3d1d9bfcb05ef9570ede7427665936358a2fc06d1d352a111ed56b98a
test-20333,test,test,data/extracted/KolektorSDD2/test/20333.png,data/extracted/KolektorSDD2/test/20333_GT.png,False,1d070d7ae160749a4ff8425ab814140081149b99deca7c7744625e78307acc4c
test-20334,test,test,data/extracted/KolektorSDD2/test/20334.png,data/extracted/KolektorSDD2/test/20334_GT.png,True,4457ae155c40f12bb2b6657fa364a7796367e5e85ecd09736aecd67de3bdf6fd
test-20335,test,test,data/extracted/KolektorSDD2/test/20335.png,data/extracted/KolektorSDD2/test/20335_GT.png,False,173755db2e42896dd18f2f01aafacf494c14b4821f3ba391c776b55920352f6f
test-20336,test,test,data/extracted/KolektorSDD2/test/20336.png,data/extracted/KolektorSDD2/test/20336_GT.png,False,e8044e844430471bf0a8291ed8f0614dc12edca9c972b32dfe9eb7388f4bc192
test-20337,test,test,data/extracted/KolektorSDD2/test/20337.png,data/extracted/KolektorSDD2/test/20337_GT.png,False,90698ae2a449c25748e83911cf94a6464791cd9b984722e6b80f34a57cbd4247
test-20338,test,test,data/extracted/KolektorSDD2/test/20338.png,data/extracted/KolektorSDD2/test/20338_GT.png,False,3c5ac3c07951553433a9341af74262822ebaf35d1bf5ccef92b2801d6d9a0243
test-20339,test,test,data/extracted/KolektorSDD2/test/20339.png,data/extracted/KolektorSDD2/test/20339_GT.png,False,ccf2682acbcc4bee82294cab862ed50605ef080033da46beedc4ccfe3d123db7
test-20340,test,test,data/extracted/KolektorSDD2/test/20340.png,data/extracted/KolektorSDD2/test/20340_GT.png,False,78c24894c175349309783adbd7f4f2c9e7f821053494889c350b7e6100d3909f
test-20341,test,test,data/extracted/KolektorSDD2/test/20341.png,data/extracted/KolektorSDD2/test/20341_GT.png,False,3294518000deb78e53eee1a8ef158934d4691ff75bba97d94e464db27c8b3ff5
test-20342,test,test,data/extracted/KolektorSDD2/test/20342.png,data/extracted/KolektorSDD2/test/20342_GT.png,False,613a88fcca23457c05ef934fdd3996723ba5a6f96f66eab702ff1e2ac15c142f
test-20343,test,test,data/extracted/KolektorSDD2/test/20343.png,data/extracted/KolektorSDD2/test/20343_GT.png,False,9a37525aeb795223f545b32261796acfef6724bb8e315e122044e01a0a7a6109
test-20344,test,test,data/extracted/KolektorSDD2/test/20344.png,data/extracted/KolektorSDD2/test/20344_GT.png,False,30ec16f18ec40ecbf62bd66099f1d0b16834a60af3996a9ec54fd739fdb66e0b
test-20345,test,test,data/extracted/KolektorSDD2/test/20345.png,data/extracted/KolektorSDD2/test/20345_GT.png,False,ddb1ca125ad507d5b855e3e9ed21e3efa253b7207cd0b3479fd98d0448648d22
test-20346,test,test,data/extracted/KolektorSDD2/test/20346.png,data/extracted/KolektorSDD2/test/20346_GT.png,False,3952248cb97f258a46541e347fb1ccd82c93b2a3d449c55a9d2d56bdc234aa05
test-20347,test,test,data/extracted/KolektorSDD2/test/20347.png,data/extracted/KolektorSDD2/test/20347_GT.png,False,41b6d07b7e66c688c233c446a14084227860535c65b43c4a3bccd7f4ccb1e38e
test-20348,test,test,data/extracted/KolektorSDD2/test/20348.png,data/extracted/KolektorSDD2/test/20348_GT.png,False,621504424adc31d5dd195e423bef3522b7e26e8c8375f1ff0cc5053b741737c5
test-20349,test,test,data/extracted/KolektorSDD2/test/20349.png,data/extracted/KolektorSDD2/test/20349_GT.png,False,2221ae965f0e3e9f09999a513f34cffbb0ded9340111c2145a3811e80499037a
test-20350,test,test,data/extracted/KolektorSDD2/test/20350.png,data/extracted/KolektorSDD2/test/20350_GT.png,False,6f8022d3785275edb61f7e9fbc9d90437c6e265714e36a71d74a8231027a872b
test-20351,test,test,data/extracted/KolektorSDD2/test/20351.png,data/extracted/KolektorSDD2/test/20351_GT.png,False,bb3372f064199e6c40d0903d6e2b2b58d3cfafc47e751055130e732577e920ef
test-20352,test,test,data/extracted/KolektorSDD2/test/20352.png,data/extracted/KolektorSDD2/test/20352_GT.png,False,e0cbddd8196fe1f8c4e1ff43f5ed1256ecb9106e6479dd09a80bd8da38767553
test-20353,test,test,data/extracted/KolektorSDD2/test/20353.png,data/extracted/KolektorSDD2/test/20353_GT.png,False,56540dd36f5fe414429e14a4804c0df5ded74a732d73622e4d4665c3b0459db4
test-20354,test,test,data/extracted/KolektorSDD2/test/20354.png,data/extracted/KolektorSDD2/test/20354_GT.png,False,85799cc1364736cd315fdf9a11da434586eeef1ac2188d07177abb4960b9fcaa
test-20355,test,test,data/extracted/KolektorSDD2/test/20355.png,data/extracted/KolektorSDD2/test/20355_GT.png,False,1a0d6822777cde89c25d79f446063b9809d3e6640af259f3ca39ea685e9c73e0
test-20356,test,test,data/extracted/KolektorSDD2/test/20356.png,data/extracted/KolektorSDD2/test/20356_GT.png,False,80cc71bb0a3b19e35c658e2431af56b0f04ed27dd8250b01c149ad0aa495d56a
test-20357,test,test,data/extracted/KolektorSDD2/test/20357.png,data/extracted/KolektorSDD2/test/20357_GT.png,False,30014d8860ca0146b0fb704ec069c60758ebc66411ac186f7acc7ffa531c226d
test-20358,test,test,data/extracted/KolektorSDD2/test/20358.png,data/extracted/KolektorSDD2/test/20358_GT.png,False,f1eebfa3588aacb8249fc184ce601461e4fe0d507283a3bd11cdfc9b712bd7b2
test-20359,test,test,data/extracted/KolektorSDD2/test/20359.png,data/extracted/KolektorSDD2/test/20359_GT.png,False,1bcf1c24abcaaa1a26a8eb2f2ffa5d848335bd8083e277163c6f7202d9c76b3b
test-20360,test,test,data/extracted/KolektorSDD2/test/20360.png,data/extracted/KolektorSDD2/test/20360_GT.png,False,55d0f09db185be01a2d9d808a4a4895b93df244c9b502ebfa845a21c3b445650
test-20361,test,test,data/extracted/KolektorSDD2/test/20361.png,data/extracted/KolektorSDD2/test/20361_GT.png,False,c5081d706c6559113c7fcba93308b7c0f3240b3a580dbec207c9f16ee15617d9
test-20362,test,test,data/extracted/KolektorSDD2/test/20362.png,data/extracted/KolektorSDD2/test/20362_GT.png,False,29dec0237c8596014242e6fcaf0146205ee326f8c494d558247fd116256b2842
test-20363,test,test,data/extracted/KolektorSDD2/test/20363.png,data/extracted/KolektorSDD2/test/20363_GT.png,False,312256953677debd82f05a59bb2b8a16473eb9064571edd66d62670eab0ae0b7
test-20364,test,test,data/extracted/KolektorSDD2/test/20364.png,data/extracted/KolektorSDD2/test/20364_GT.png,False,c485ffc30a4ed7797448d53e7cfc5610147c63b31d828dfed40f6e0b31ca79d2
test-20365,test,test,data/extracted/KolektorSDD2/test/20365.png,data/extracted/KolektorSDD2/test/20365_GT.png,False,20a1fc0d0436d42d703dae9f9b934a7d9729461b8c83248088d39cae5a2248b5
test-20366,test,test,data/extracted/KolektorSDD2/test/20366.png,data/extracted/KolektorSDD2/test/20366_GT.png,False,b2910313bdbb7bc387b4d74159b906b0bb2f5a4b0b9c81fdc14a7734f628af47
test-20367,test,test,data/extracted/KolektorSDD2/test/20367.png,data/extracted/KolektorSDD2/test/20367_GT.png,False,5b0de01590a413945ebe03658a9d8494194daf51b9dfc51a06465adfacc40e0c
test-20368,test,test,data/extracted/KolektorSDD2/test/20368.png,data/extracted/KolektorSDD2/test/20368_GT.png,False,408abfb6709f71e58eda74e1d6bbeda0326a16afea8d80183679d0dfdc8ee142
test-20369,test,test,data/extracted/KolektorSDD2/test/20369.png,data/extracted/KolektorSDD2/test/20369_GT.png,False,228c4a179f5cfc7787aed8e4e48e76a7ecfbfe283a56a872462f3d64945a96e0
test-20370,test,test,data/extracted/KolektorSDD2/test/20370.png,data/extracted/KolektorSDD2/test/20370_GT.png,False,ab0af99ec633dc4382972c477810b900d6bf102b6fad15fd7499d4266e191771
test-20371,test,test,data/extracted/KolektorSDD2/test/20371.png,data/extracted/KolektorSDD2/test/20371_GT.png,False,ab3c3bb0e383a1b31774ba5cabf517599c09aa89e78ae8234b2e4e5e6c1c6210
test-20372,test,test,data/extracted/KolektorSDD2/test/20372.png,data/extracted/KolektorSDD2/test/20372_GT.png,False,37a59605dfec3989b1b9e1904cef644b3d644adfa6365f4be4603d788fb11d40
test-20373,test,test,data/extracted/KolektorSDD2/test/20373.png,data/extracted/KolektorSDD2/test/20373_GT.png,False,97af7de268c3185440d0af8f5807ba8d1cf6e4c66204fe5619f9d27d508c4320
test-20374,test,test,data/extracted/KolektorSDD2/test/20374.png,data/extracted/KolektorSDD2/test/20374_GT.png,False,2460a831040b6f245b397561096d9b79920c469207444930c9193cbbb9d81bd6
test-20375,test,test,data/extracted/KolektorSDD2/test/20375.png,data/extracted/KolektorSDD2/test/20375_GT.png,False,a29b331c3b75e0727cf137a855aac58f4ce80f873b46ab5228d273ab15682518
test-20376,test,test,data/extracted/KolektorSDD2/test/20376.png,data/extracted/KolektorSDD2/test/20376_GT.png,False,2b41c6f043bc5e8fe72c32f5b79d234a5b40099ae87a03192b434a28dc2a94e1
test-20377,test,test,data/extracted/KolektorSDD2/test/20377.png,data/extracted/KolektorSDD2/test/20377_GT.png,False,bea3eefd4aef9cf78833bcaffd5557fcdc3890f945cda88336143712d0242998
test-20378,test,test,data/extracted/KolektorSDD2/test/20378.png,data/extracted/KolektorSDD2/test/20378_GT.png,True,e76dfe562d376970edeb202d373df83d88b4fc453d889d3e1088732f19ea61f7
test-20379,test,test,data/extracted/KolektorSDD2/test/20379.png,data/extracted/KolektorSDD2/test/20379_GT.png,False,2088fd29aa0ade0cfcd61c902f950ff8f5a7520e14f97bf169edfe6a571ad84b
test-20380,test,test,data/extracted/KolektorSDD2/test/20380.png,data/extracted/KolektorSDD2/test/20380_GT.png,False,1a65c38515a514ce08f74af11397292c89034d4947e8add7dc9b215c7255e3a6
test-20381,test,test,data/extracted/KolektorSDD2/test/20381.png,data/extracted/KolektorSDD2/test/20381_GT.png,False,29008154fd10517f73de08398f6c8b24b54ea1460637c4e40f336c870ef7c321
test-20382,test,test,data/extracted/KolektorSDD2/test/20382.png,data/extracted/KolektorSDD2/test/20382_GT.png,False,9478ed1052530a040b91972b91b0e5ba300d4bd157a05a434fd4d128e499caa0
test-20383,test,test,data/extracted/KolektorSDD2/test/20383.png,data/extracted/KolektorSDD2/test/20383_GT.png,False,57ac3049daefc7a73cf7bd76e46f6c37c25aacd16a7e4cf6b01c95de1698de6f
test-20384,test,test,data/extracted/KolektorSDD2/test/20384.png,data/extracted/KolektorSDD2/test/20384_GT.png,False,bf6ddf4711c659aa3014836206134cf2b18ae66b46bbe63fbfcc2fe931b1c0e3
test-20385,test,test,data/extracted/KolektorSDD2/test/20385.png,data/extracted/KolektorSDD2/test/20385_GT.png,False,4c890a5fcfa7fa473ea7d74a69b13a1c8dab6be9af7fe493bcb3af05a305df04
test-20386,test,test,data/extracted/KolektorSDD2/test/20386.png,data/extracted/KolektorSDD2/test/20386_GT.png,False,39e6ee73e9f75f0001d9803da4c8217b4ae5709ac3fb2d14cea76309ed3774ae
test-20387,test,test,data/extracted/KolektorSDD2/test/20387.png,data/extracted/KolektorSDD2/test/20387_GT.png,False,ff465d99c678827c03b000a53a2fe0d6a17e745ebc3d25fb46a685b74a4d33be
test-20388,test,test,data/extracted/KolektorSDD2/test/20388.png,data/extracted/KolektorSDD2/test/20388_GT.png,False,7fc6cdc45d85c084e26a4c89595b70cd94bbec91ecfaae71fc9d2f0ea0b166b2
test-20389,test,test,data/extracted/KolektorSDD2/test/20389.png,data/extracted/KolektorSDD2/test/20389_GT.png,False,a8e8f871c639e2acc275418915e2d230628c9fb4c75a17dedf0f600339a593f3
test-20390,test,test,data/extracted/KolektorSDD2/test/20390.png,data/extracted/KolektorSDD2/test/20390_GT.png,False,a7e736687a5a5269c0b982e6139f91006952e8de90c032a16a2614b522a64d4d
test-20391,test,test,data/extracted/KolektorSDD2/test/20391.png,data/extracted/KolektorSDD2/test/20391_GT.png,False,284fd8775f4f547ca33fa1611448577ed2a77e44c5bcfde282663a5bcb9b0a9b
test-20392,test,test,data/extracted/KolektorSDD2/test/20392.png,data/extracted/KolektorSDD2/test/20392_GT.png,True,8f3609461030a051f7ff5509653d5a0314d178eb615b23732f50767ddaa5dd8b
test-20393,test,test,data/extracted/KolektorSDD2/test/20393.png,data/extracted/KolektorSDD2/test/20393_GT.png,False,61cc331ccfc5d392205bf4d3b80ad666e7baf52f363acae44e27e64683584753
test-20394,test,test,data/extracted/KolektorSDD2/test/20394.png,data/extracted/KolektorSDD2/test/20394_GT.png,False,055ebd8a4a140aa7d423ffdc721f6156ddfc01855150dc4c257091e210e0eb1a
test-20395,test,test,data/extracted/KolektorSDD2/test/20395.png,data/extracted/KolektorSDD2/test/20395_GT.png,False,b7fee6329b3571a521d76d03ca9f958277d311bb40e906d807899a84c45eebd3
test-20396,test,test,data/extracted/KolektorSDD2/test/20396.png,data/extracted/KolektorSDD2/test/20396_GT.png,False,a8d29d3c0fd6a6a84584506cf65441f2de5c4c478500a58620e80baef8ed48fa
test-20397,test,test,data/extracted/KolektorSDD2/test/20397.png,data/extracted/KolektorSDD2/test/20397_GT.png,False,b0d4021acba12049a79b6716063d3cf4c18688245cfc3c2fb2460898dbd5d3ff
test-20398,test,test,data/extracted/KolektorSDD2/test/20398.png,data/extracted/KolektorSDD2/test/20398_GT.png,False,3555ad7a692b88a091a9b10e6eb3c7117bb087fd2e85383c2e655eea8cdff921
test-20399,test,test,data/extracted/KolektorSDD2/test/20399.png,data/extracted/KolektorSDD2/test/20399_GT.png,False,f34ad2c9a6fe17a76206129d24b826e7787da291333d2a62bd99fb92c9a716d8
test-20400,test,test,data/extracted/KolektorSDD2/test/20400.png,data/extracted/KolektorSDD2/test/20400_GT.png,False,631e417f743c0df564a8a1651d2a517c939ff48362c2b1c07b3f043c02589cef
test-20401,test,test,data/extracted/KolektorSDD2/test/20401.png,data/extracted/KolektorSDD2/test/20401_GT.png,False,7aaebf19ecff7d15b3e9d11af10f38161912cd2672081990b8b041c282548f44
test-20402,test,test,data/extracted/KolektorSDD2/test/20402.png,data/extracted/KolektorSDD2/test/20402_GT.png,False,5c34dde3d2efdad2aad219f80220ef3ae465be38e7d6bdd2d98773da1a2cbdf6
test-20403,test,test,data/extracted/KolektorSDD2/test/20403.png,data/extracted/KolektorSDD2/test/20403_GT.png,True,5bea8bc97ad146d9b77821d3e85dfd4c3c25ebd6d1f73b7699d55590042097dd
test-20404,test,test,data/extracted/KolektorSDD2/test/20404.png,data/extracted/KolektorSDD2/test/20404_GT.png,False,32b0070ad704726ad01d7b99d2855874887d251c2300f024bd0cfe3951ae2ffa
test-20405,test,test,data/extracted/KolektorSDD2/test/20405.png,data/extracted/KolektorSDD2/test/20405_GT.png,False,70d518eb275a72a86567bd0389c0b17a876159c0219faa4b83bb1c2244240689
test-20406,test,test,data/extracted/KolektorSDD2/test/20406.png,data/extracted/KolektorSDD2/test/20406_GT.png,False,2fdd82b59990613c7488b6ae299e836e4121a604541a405e55e7af40a572d558
test-20407,test,test,data/extracted/KolektorSDD2/test/20407.png,data/extracted/KolektorSDD2/test/20407_GT.png,False,b249a09aecbfed0d267826d5c576a88964b10122220a8941ea28b4df8ce98cc3
test-20408,test,test,data/extracted/KolektorSDD2/test/20408.png,data/extracted/KolektorSDD2/test/20408_GT.png,False,0b40e8fa2a1a5e330a2b0bbb84699b0f1cd30af193f98d723a84491134d1b6b2
test-20409,test,test,data/extracted/KolektorSDD2/test/20409.png,data/extracted/KolektorSDD2/test/20409_GT.png,False,39abbdb1570aa3e9cce8d93010bb95977f4f2733b86385de6d1a06079290c171
test-20410,test,test,data/extracted/KolektorSDD2/test/20410.png,data/extracted/KolektorSDD2/test/20410_GT.png,False,a285b05ff8a2945a9686a9542af175c4456fa18ce7e4ba74a0be6c1f29c8b587
test-20411,test,test,data/extracted/KolektorSDD2/test/20411.png,data/extracted/KolektorSDD2/test/20411_GT.png,False,166afc7b571f50204ee59d09dcd550100ce06eba9c94cff5c20498bfa97b0823
test-20412,test,test,data/extracted/KolektorSDD2/test/20412.png,data/extracted/KolektorSDD2/test/20412_GT.png,False,1c5fcf226a53362f6d5be93b675757956820380fffad9d40d9c5168c9c4dbdec
test-20413,test,test,data/extracted/KolektorSDD2/test/20413.png,data/extracted/KolektorSDD2/test/20413_GT.png,False,d70897d869d95de2fe552fbdd9221cf1830a3400d6ad53eee5850c19df46f67d
test-20414,test,test,data/extracted/KolektorSDD2/test/20414.png,data/extracted/KolektorSDD2/test/20414_GT.png,False,06bff2c953a20bafdf9803880262afd9553499c06a32d7dd97640873c7462082
test-20415,test,test,data/extracted/KolektorSDD2/test/20415.png,data/extracted/KolektorSDD2/test/20415_GT.png,False,42661168de8800143dccbe8093e59615b2c473660d2c7417d09224e98a9e9538
test-20416,test,test,data/extracted/KolektorSDD2/test/20416.png,data/extracted/KolektorSDD2/test/20416_GT.png,True,7c9429a322248212ece24c64b49bf85a871fe1a5ffde76ce4ce25be2536bacd6
test-20417,test,test,data/extracted/KolektorSDD2/test/20417.png,data/extracted/KolektorSDD2/test/20417_GT.png,False,160bd70e2381b4bd23809073357988b2c449cfc27da4d9650c4dfd3f869d813c
test-20418,test,test,data/extracted/KolektorSDD2/test/20418.png,data/extracted/KolektorSDD2/test/20418_GT.png,False,87f13c2a3035d219ad0cca4259fa6debdc53e97a269a29fe1d71f341854ed6e6
test-20419,test,test,data/extracted/KolektorSDD2/test/20419.png,data/extracted/KolektorSDD2/test/20419_GT.png,False,d8b42df99ac0ac84bf854d3cf6ca0098b597eb059a307d13d6eb3383ab8b2328
test-20420,test,test,data/extracted/KolektorSDD2/test/20420.png,data/extracted/KolektorSDD2/test/20420_GT.png,False,56fdf22a4e78af0b4a725f7003374c37eac14d04ae493a568d139078edc6d8af
test-20421,test,test,data/extracted/KolektorSDD2/test/20421.png,data/extracted/KolektorSDD2/test/20421_GT.png,False,89a72de18fbeb2891c17b1e8f8fe53cecf6b13e47a527ee16726e8a7cd599a70
test-20422,test,test,data/extracted/KolektorSDD2/test/20422.png,data/extracted/KolektorSDD2/test/20422_GT.png,False,edc130c7fa9a8af13ea9b8a3aa572a31b5e0647d5755812a33a136f8e2fd280d
test-20423,test,test,data/extracted/KolektorSDD2/test/20423.png,data/extracted/KolektorSDD2/test/20423_GT.png,False,7183ab0c1e93c53fed9b51826e861db50493c6db431a2e930ba31e1afee54a39
test-20424,test,test,data/extracted/KolektorSDD2/test/20424.png,data/extracted/KolektorSDD2/test/20424_GT.png,False,ecc761471af2984344af743c8d606dca0bfbc6dcc2733b11996688bbfe71b18e
test-20425,test,test,data/extracted/KolektorSDD2/test/20425.png,data/extracted/KolektorSDD2/test/20425_GT.png,False,230acb72274a37aefc31e47ec086e941c5bd1affd70d3297b8f0bf6decb74587
test-20426,test,test,data/extracted/KolektorSDD2/test/20426.png,data/extracted/KolektorSDD2/test/20426_GT.png,True,abf3b47fcc4d6f6a6de29d66e47537441c079680172192670c6e60624be5dd52
test-20427,test,test,data/extracted/KolektorSDD2/test/20427.png,data/extracted/KolektorSDD2/test/20427_GT.png,False,2eb13078f037b95f8a66e91889cd9513916e66dd68da08f5c673fdfa3c67746c
test-20428,test,test,data/extracted/KolektorSDD2/test/20428.png,data/extracted/KolektorSDD2/test/20428_GT.png,True,e961ca0ce075b5ba5c921be1b3b7cdde51684232b74312860b26e0f0339ff9e4
test-20429,test,test,data/extracted/KolektorSDD2/test/20429.png,data/extracted/KolektorSDD2/test/20429_GT.png,False,bbef81f504af7dc3eb20e82275d11da866c9dced5548c5a3b7b11ca33a3ecbcc
test-20430,test,test,data/extracted/KolektorSDD2/test/20430.png,data/extracted/KolektorSDD2/test/20430_GT.png,False,646123969b267cc1ee1e1a3beb22d9f77e6329b0587cc95be52f086f474cb0c0
test-20431,test,test,data/extracted/KolektorSDD2/test/20431.png,data/extracted/KolektorSDD2/test/20431_GT.png,False,e888786c186c99352c70d5194e7521ffe147b4ecbc2575fbc929f341e8e2f055
test-20432,test,test,data/extracted/KolektorSDD2/test/20432.png,data/extracted/KolektorSDD2/test/20432_GT.png,False,61c7995076a342f993aa8c4954174bae4d05e0b2cb188d7b25546ade33d83808
test-20433,test,test,data/extracted/KolektorSDD2/test/20433.png,data/extracted/KolektorSDD2/test/20433_GT.png,False,d40bbf54a55582b104d66a78b84ede32a0fb3f47b91622619fdad388b4ea5db7
test-20434,test,test,data/extracted/KolektorSDD2/test/20434.png,data/extracted/KolektorSDD2/test/20434_GT.png,True,7483210a9e5fa92bd7e52abf536e2367cb45929b20477b27d46bd3fc4ce79b71
test-20435,test,test,data/extracted/KolektorSDD2/test/20435.png,data/extracted/KolektorSDD2/test/20435_GT.png,False,f646d0701fc56c521fec46b129de8b1d4ccbe69afee54588844fd36fa5250643
test-20436,test,test,data/extracted/KolektorSDD2/test/20436.png,data/extracted/KolektorSDD2/test/20436_GT.png,False,0ca0cebb16a194f162db5df01b4ef169d2ffba9990fd1654e802fa34ed3195a3
test-20437,test,test,data/extracted/KolektorSDD2/test/20437.png,data/extracted/KolektorSDD2/test/20437_GT.png,False,e538aabf5b0f3fc4c514a03b3bb09cb13ff8284a993248d05493f91727484975
test-20438,test,test,data/extracted/KolektorSDD2/test/20438.png,data/extracted/KolektorSDD2/test/20438_GT.png,False,a7da3a61228c59c11020b3f1362bd3cdce07e3294f2fcc9ad4ca52152f22494e
test-20439,test,test,data/extracted/KolektorSDD2/test/20439.png,data/extracted/KolektorSDD2/test/20439_GT.png,True,17fab43b6d1888a593f50f0d677b924555bb42d9d169e9283b78e2e2cce60185
test-20440,test,test,data/extracted/KolektorSDD2/test/20440.png,data/extracted/KolektorSDD2/test/20440_GT.png,False,88830e113f5eb763d739194d3f337f80e4b5f8db915e6de7e7201bcb0bc46242
test-20441,test,test,data/extracted/KolektorSDD2/test/20441.png,data/extracted/KolektorSDD2/test/20441_GT.png,False,90a2045b34f57194e483424b2b47494e41d0460e461606a90f2c2991f8ee7907
test-20442,test,test,data/extracted/KolektorSDD2/test/20442.png,data/extracted/KolektorSDD2/test/20442_GT.png,False,a3253ee029c2968e1c7bf68c2efde56f590f48c4ddbafa0f09f74f190d5759ad
test-20443,test,test,data/extracted/KolektorSDD2/test/20443.png,data/extracted/KolektorSDD2/test/20443_GT.png,False,b83316f0b925e49826b7c6dfcf391bb2a4ef2a0940e7d093ecaa33b0e32f9dd2
test-20444,test,test,data/extracted/KolektorSDD2/test/20444.png,data/extracted/KolektorSDD2/test/20444_GT.png,False,e355ce9feeb4c5e056f571d07f34864eb97ab27e8e0de3f97b7c9be5f4db4ce5
test-20445,test,test,data/extracted/KolektorSDD2/test/20445.png,data/extracted/KolektorSDD2/test/20445_GT.png,False,90c9f42605af729788c7f84b725a893a40ac868a6ba6863042b6998f8b748dd1
test-20446,test,test,data/extracted/KolektorSDD2/test/20446.png,data/extracted/KolektorSDD2/test/20446_GT.png,False,298a2172d5b2398722466f0bf9fd4204bfcb664520d3b55fa1d6975088360425
test-20447,test,test,data/extracted/KolektorSDD2/test/20447.png,data/extracted/KolektorSDD2/test/20447_GT.png,False,77238f9bab1e0d99632ce3a7a0ac6d3260c4f4e8d9084f4e0a886a52d9e3bf8c
test-20448,test,test,data/extracted/KolektorSDD2/test/20448.png,data/extracted/KolektorSDD2/test/20448_GT.png,False,d1e387e2e588c4f9a0b586647035d14c2c12184b636a8a250438ff110b5ba043
test-20449,test,test,data/extracted/KolektorSDD2/test/20449.png,data/extracted/KolektorSDD2/test/20449_GT.png,False,b20fd4e01cdba66702e8273fa35a54dbdfa204840f562ace01baa1316e39b78e
test-20450,test,test,data/extracted/KolektorSDD2/test/20450.png,data/extracted/KolektorSDD2/test/20450_GT.png,False,1c557a3ce8b49fe8d86f11d59d3ae78985584a7d0d0210f80820bdd9aa40e76f
test-20451,test,test,data/extracted/KolektorSDD2/test/20451.png,data/extracted/KolektorSDD2/test/20451_GT.png,False,c9df7258e932b976be498416a18a0c843d02f4d6eae8197701046dec3d83a8fc
test-20452,test,test,data/extracted/KolektorSDD2/test/20452.png,data/extracted/KolektorSDD2/test/20452_GT.png,True,467e40cf5740eeb26871d47a4d09c81ac30a45e019db4aa0417a8ba92b66ee29
test-20453,test,test,data/extracted/KolektorSDD2/test/20453.png,data/extracted/KolektorSDD2/test/20453_GT.png,False,b04b8ba5b3a4828a1bb9a5340d6a82a80b21407c7dff0f361fc37db971850c43
test-20454,test,test,data/extracted/KolektorSDD2/test/20454.png,data/extracted/KolektorSDD2/test/20454_GT.png,False,66b0078a43d8a52d495a2d29d4cbb4515a82f87349b27c8450da89470d0c24bb
test-20455,test,test,data/extracted/KolektorSDD2/test/20455.png,data/extracted/KolektorSDD2/test/20455_GT.png,False,bd9fd1431dc37d26cb342e30b7955b7fc16a2ea7379bff1270be0bae79799ede
test-20456,test,test,data/extracted/KolektorSDD2/test/20456.png,data/extracted/KolektorSDD2/test/20456_GT.png,False,ab8678017b89982cfbd7104fcbaea7d67de93c989d616dfacb66a2c3b50657d1
test-20457,test,test,data/extracted/KolektorSDD2/test/20457.png,data/extracted/KolektorSDD2/test/20457_GT.png,True,22a3960a5664e613eb2f53040e6d1a5976b7e5a6f2cd94d674aef4935fe2d346
test-20458,test,test,data/extracted/KolektorSDD2/test/20458.png,data/extracted/KolektorSDD2/test/20458_GT.png,False,f964fba69bbe34f0a2ddeb6dd92d9c900ab5a7f35968e1f5477a7de2cfbd6aef
test-20459,test,test,data/extracted/KolektorSDD2/test/20459.png,data/extracted/KolektorSDD2/test/20459_GT.png,False,e18a5be51fc9e4e99a05a9adf94b84198e64c4d095b37b14cd4f31483cf739be
test-20460,test,test,data/extracted/KolektorSDD2/test/20460.png,data/extracted/KolektorSDD2/test/20460_GT.png,False,46b9754273f297494c2965fda7bc3a3d65f9c9d25041239f92d06c188183f377
test-20461,test,test,data/extracted/KolektorSDD2/test/20461.png,data/extracted/KolektorSDD2/test/20461_GT.png,False,fcfab1bb326cace21cd2125882683da6e0718ac501ecd35d27938e68a5bca76f
test-20462,test,test,data/extracted/KolektorSDD2/test/20462.png,data/extracted/KolektorSDD2/test/20462_GT.png,False,07863a4808a007368e824024b6948da738a29341c2a8c609566e8ca0874f53de
test-20463,test,test,data/extracted/KolektorSDD2/test/20463.png,data/extracted/KolektorSDD2/test/20463_GT.png,False,753887c9aa9ca8ecdfc435316ef376de2ad2317f44e5910723b2421058961cf6
test-20464,test,test,data/extracted/KolektorSDD2/test/20464.png,data/extracted/KolektorSDD2/test/20464_GT.png,False,b2bc9501a4ff342d5ac61f6dfcada4aadc6664541fa99cde81062a4477531a11
test-20465,test,test,data/extracted/KolektorSDD2/test/20465.png,data/extracted/KolektorSDD2/test/20465_GT.png,True,6aa1128384c28c40d70d53f5cfb3463ae78f69b417a2bd1aef00325a1d1f3ff0
test-20466,test,test,data/extracted/KolektorSDD2/test/20466.png,data/extracted/KolektorSDD2/test/20466_GT.png,False,e52a42503cbd5f5fd080ab2a79897a07400497a904cb6e5c9f89d8cd88d93a30
test-20467,test,test,data/extracted/KolektorSDD2/test/20467.png,data/extracted/KolektorSDD2/test/20467_GT.png,False,d66439ed2c79ad7c083dca1c3d57be4b3164856053ffd661a46a963733c424f5
test-20468,test,test,data/extracted/KolektorSDD2/test/20468.png,data/extracted/KolektorSDD2/test/20468_GT.png,False,66be895eeac3d409b8ebfaa6e8bf7c46fcc59de446a5b3b03b1fdc58a647606a
test-20469,test,test,data/extracted/KolektorSDD2/test/20469.png,data/extracted/KolektorSDD2/test/20469_GT.png,False,e5bf85618d6586c427cec91692ccd08400ce1ff06ff1fa942d57d1195a74ee5f
test-20470,test,test,data/extracted/KolektorSDD2/test/20470.png,data/extracted/KolektorSDD2/test/20470_GT.png,False,08521021db9716903c09a7cfedcbaa6bdbc8eb2da401aac58ff9413d729e60b1
test-20471,test,test,data/extracted/KolektorSDD2/test/20471.png,data/extracted/KolektorSDD2/test/20471_GT.png,False,3e15376756fb2424b55377260ad8bfa6f6c00eab3ba1221c78c00270f90ce629
test-20472,test,test,data/extracted/KolektorSDD2/test/20472.png,data/extracted/KolektorSDD2/test/20472_GT.png,False,f10bbbc194e2ea49ce294d2d2b6794d1b733d5528f7fda573ba3112cf7fcb778
test-20473,test,test,data/extracted/KolektorSDD2/test/20473.png,data/extracted/KolektorSDD2/test/20473_GT.png,False,97fbc79e974afd356743ea4e548f14c4ff112f3c11d43faff3b0f0ad36f39060
test-20474,test,test,data/extracted/KolektorSDD2/test/20474.png,data/extracted/KolektorSDD2/test/20474_GT.png,False,0c3aba8fdaf103618b09c07922e1c310ca5c132eab97878113f14044d747403c
test-20475,test,test,data/extracted/KolektorSDD2/test/20475.png,data/extracted/KolektorSDD2/test/20475_GT.png,False,e9191e21fc75a04fd0871be49fa511f09144388dca68143971a84ff8f980c873
test-20476,test,test,data/extracted/KolektorSDD2/test/20476.png,data/extracted/KolektorSDD2/test/20476_GT.png,False,55dc2ec5e2d2ad03baa4e67faf085a880c14c9c2bd9c2866bcde4c3d344418fc
test-20477,test,test,data/extracted/KolektorSDD2/test/20477.png,data/extracted/KolektorSDD2/test/20477_GT.png,False,9d2546e1b7c87cb2049f2d6fb9ab677ee02521a159b5296d6bb61fc3eca459b4
test-20478,test,test,data/extracted/KolektorSDD2/test/20478.png,data/extracted/KolektorSDD2/test/20478_GT.png,False,ee8d20132a613e15492f79fbdf2b7f3422b4ba8602678d0acc793e7300349ebf
test-20479,test,test,data/extracted/KolektorSDD2/test/20479.png,data/extracted/KolektorSDD2/test/20479_GT.png,False,b7710b2d10a552607ccada20a7202c6dbaa0337ed79cc75cb3c2cb2955693cf7
test-20480,test,test,data/extracted/KolektorSDD2/test/20480.png,data/extracted/KolektorSDD2/test/20480_GT.png,False,baacf7437f8faff351d59805be30ae7c1e1ecd44da84d75b97340a56bee9a860
test-20481,test,test,data/extracted/KolektorSDD2/test/20481.png,data/extracted/KolektorSDD2/test/20481_GT.png,False,66c3269a38fcc227449e4300a6d5fe560b0c2a953c584ea769b5904547739e1b
test-20482,test,test,data/extracted/KolektorSDD2/test/20482.png,data/extracted/KolektorSDD2/test/20482_GT.png,False,f9785a803bf3524c132a9c48d6bfe040553f2aca2c31fda2cbb094d18ba83c83
test-20483,test,test,data/extracted/KolektorSDD2/test/20483.png,data/extracted/KolektorSDD2/test/20483_GT.png,False,3553311bb39adf444c4afb1c08825a97e9bff971e5bd660b64fb3f69c210abe8
test-20484,test,test,data/extracted/KolektorSDD2/test/20484.png,data/extracted/KolektorSDD2/test/20484_GT.png,False,69bcf3f667e18f7c9ccee15a60b6cf2e8d61020300aa0b22742b9ea897bb0bb3
test-20485,test,test,data/extracted/KolektorSDD2/test/20485.png,data/extracted/KolektorSDD2/test/20485_GT.png,False,e140d0df86bd89868631989847ae54f756ee7fb71f932c202e4575fcb837b02d
test-20486,test,test,data/extracted/KolektorSDD2/test/20486.png,data/extracted/KolektorSDD2/test/20486_GT.png,True,81f353749dca44f85ac1b2424e29d93bca7941699452e0c046eb9f0b4d39729e
test-20487,test,test,data/extracted/KolektorSDD2/test/20487.png,data/extracted/KolektorSDD2/test/20487_GT.png,True,a65cce5c5b9e7652ddf347c672f78fc714dfd8849dedaa05de8e85c15a44d653
test-20488,test,test,data/extracted/KolektorSDD2/test/20488.png,data/extracted/KolektorSDD2/test/20488_GT.png,False,203c91b835681d245f691c9fabb63ff51cd11923a2ae761141af814173658ca2
test-20489,test,test,data/extracted/KolektorSDD2/test/20489.png,data/extracted/KolektorSDD2/test/20489_GT.png,False,72b72672b5613fcd4ebbf7997d2ec7c832e069b4cabb036c24d67ac077711255
test-20490,test,test,data/extracted/KolektorSDD2/test/20490.png,data/extracted/KolektorSDD2/test/20490_GT.png,False,dce4ec07d7c33b1f4091a3071c79c73ec86288968f035ddfc86d97e8faf17228
test-20491,test,test,data/extracted/KolektorSDD2/test/20491.png,data/extracted/KolektorSDD2/test/20491_GT.png,False,5b3d7944789ebfb65c7e4bae5feea812ae8ac994a7573decbe1e19837330903a
test-20492,test,test,data/extracted/KolektorSDD2/test/20492.png,data/extracted/KolektorSDD2/test/20492_GT.png,False,9fa37b6e55f4dffab9d56e86563fda633b469ac9e7c36b346c28df3728d1a7b8
test-20493,test,test,data/extracted/KolektorSDD2/test/20493.png,data/extracted/KolektorSDD2/test/20493_GT.png,False,d1f0e9b57e4d9eff2b25a79b961cdab9467911d5d4ceeefcd6691c8df0b03da2
test-20494,test,test,data/extracted/KolektorSDD2/test/20494.png,data/extracted/KolektorSDD2/test/20494_GT.png,False,14f8560a783b258f5b4d4a41f0bae527c030cd0945a4caad815cf788aecebd76
test-20495,test,test,data/extracted/KolektorSDD2/test/20495.png,data/extracted/KolektorSDD2/test/20495_GT.png,False,6082bc76d5f3f3ca924dd8ee4d6f05a8c62334c9ff6a3583cf3305812315baf7
test-20496,test,test,data/extracted/KolektorSDD2/test/20496.png,data/extracted/KolektorSDD2/test/20496_GT.png,False,b601edf7237c0db17969adcdfa0f710d30a66cde4960086c14a3f550507d6c85
test-20497,test,test,data/extracted/KolektorSDD2/test/20497.png,data/extracted/KolektorSDD2/test/20497_GT.png,False,8b70a31824add122c9aeefeb82fd465490568ece7b0fe88ef7ffc2dee0c74a49
test-20498,test,test,data/extracted/KolektorSDD2/test/20498.png,data/extracted/KolektorSDD2/test/20498_GT.png,False,c7b898bff60b4bff01b148f787128b17074163b88a134dd314bd902cfa97c5f5
test-20499,test,test,data/extracted/KolektorSDD2/test/20499.png,data/extracted/KolektorSDD2/test/20499_GT.png,False,98780d20cac22d6bcca3e4539e50a9b50d32f10353d18373acd9ac776401e86a
test-20500,test,test,data/extracted/KolektorSDD2/test/20500.png,data/extracted/KolektorSDD2/test/20500_GT.png,False,42bc32b1d921973a9aae33988e1c9c1bcedc1e499dc806ddb21a91cf4503e81d
test-20501,test,test,data/extracted/KolektorSDD2/test/20501.png,data/extracted/KolektorSDD2/test/20501_GT.png,False,a286f604226438d02f8639aa478f4837cbbe41482c4589ea1c8e41b793b9c7b3
test-20502,test,test,data/extracted/KolektorSDD2/test/20502.png,data/extracted/KolektorSDD2/test/20502_GT.png,True,a32ece61ef945f5e3553edf62082547533a78d9ab1802a82b9179659595f16ce
test-20503,test,test,data/extracted/KolektorSDD2/test/20503.png,data/extracted/KolektorSDD2/test/20503_GT.png,False,185a0f664a5753fe80da1d111695fb1ab2cf8d7ae7b8fa97b3c4826177cf7734
test-20504,test,test,data/extracted/KolektorSDD2/test/20504.png,data/extracted/KolektorSDD2/test/20504_GT.png,False,3491c0b705c79f17935e99e875d8d4b0dc2b3f193b9ba4dbfba85ead19fc5105
test-20505,test,test,data/extracted/KolektorSDD2/test/20505.png,data/extracted/KolektorSDD2/test/20505_GT.png,False,123cba1e29744a4623d38110082d8017fc6b130a8546917f935c0031661dc0c0
test-20506,test,test,data/extracted/KolektorSDD2/test/20506.png,data/extracted/KolektorSDD2/test/20506_GT.png,False,4f1506b5c5b931aa06ffd8e84291b0d9206260559d6502398addaf1dfd979a83
test-20507,test,test,data/extracted/KolektorSDD2/test/20507.png,data/extracted/KolektorSDD2/test/20507_GT.png,False,cf871b3e13b736f93f46dacb9d573a1fa4c427517bb6b467e65326b9c98052e4
test-20508,test,test,data/extracted/KolektorSDD2/test/20508.png,data/extracted/KolektorSDD2/test/20508_GT.png,False,15c9a344bb1a417a113cfc5ddd7a18e3f727d09196f577ea3ebc3f91350a8d36
test-20509,test,test,data/extracted/KolektorSDD2/test/20509.png,data/extracted/KolektorSDD2/test/20509_GT.png,False,e2fc8836284a9f5b263498e6a9bce266bbf505885c59712131cacf3652e56a9d
test-20510,test,test,data/extracted/KolektorSDD2/test/20510.png,data/extracted/KolektorSDD2/test/20510_GT.png,False,fabe7e26113e1f225b6c3468b35ff264b89cb7e4ebceb44e108bc31731299b5b
test-20511,test,test,data/extracted/KolektorSDD2/test/20511.png,data/extracted/KolektorSDD2/test/20511_GT.png,False,89d349a2b66e94253190e711b1ad8d972e05124afab299c777e8b7212bc8c160
test-20512,test,test,data/extracted/KolektorSDD2/test/20512.png,data/extracted/KolektorSDD2/test/20512_GT.png,False,6ed753976eebdef936c4a289b3e7b304532f4a193be6340fe7bce546f43d3e1b
test-20513,test,test,data/extracted/KolektorSDD2/test/20513.png,data/extracted/KolektorSDD2/test/20513_GT.png,False,836a6bc6dedddd3bcf8aad5f6345b5a85da687e1044568df76749a388f04a6b7
test-20514,test,test,data/extracted/KolektorSDD2/test/20514.png,data/extracted/KolektorSDD2/test/20514_GT.png,False,d0361e7c028d01c747ff22505adf2baabca5b5d0ed518591054019a3a9adc4b8
test-20515,test,test,data/extracted/KolektorSDD2/test/20515.png,data/extracted/KolektorSDD2/test/20515_GT.png,False,00953cef6b26d7e54be56945b4199690641e791389f6c290a8b6efda1bd03dcd
test-20516,test,test,data/extracted/KolektorSDD2/test/20516.png,data/extracted/KolektorSDD2/test/20516_GT.png,False,f8d5747c73997f2399dd80eea9851705a30e130789af19344a8b18429cd97954
test-20517,test,test,data/extracted/KolektorSDD2/test/20517.png,data/extracted/KolektorSDD2/test/20517_GT.png,True,6bc3ce9aee697762236e19e67fbe0c8cd79da5cd63bbc78a34b8f6d8fb14f0e7
test-20518,test,test,data/extracted/KolektorSDD2/test/20518.png,data/extracted/KolektorSDD2/test/20518_GT.png,False,5d454521d04e7fb92e969ec34391cff882e13d284a7def7f52945395d4f0711a
test-20519,test,test,data/extracted/KolektorSDD2/test/20519.png,data/extracted/KolektorSDD2/test/20519_GT.png,False,ee9a75cc94e40373c4ee69bb3a1a5bfedb74271ebd3dad7d8b238d0e7b532f3e
test-20520,test,test,data/extracted/KolektorSDD2/test/20520.png,data/extracted/KolektorSDD2/test/20520_GT.png,False,fb17ffdd9232266f4cc2841fd62d932ee65ef4fc162319da07d5c8065bcfb016
test-20521,test,test,data/extracted/KolektorSDD2/test/20521.png,data/extracted/KolektorSDD2/test/20521_GT.png,False,595a88a96ef33cfce14834f586189bc38785cd24fdac6f8f79f076c3d28758e8
test-20522,test,test,data/extracted/KolektorSDD2/test/20522.png,data/extracted/KolektorSDD2/test/20522_GT.png,False,100bd50e2fdd554760f55f51a31068c03b0e5583b250c7ccadb31343faaa5b33
test-20523,test,test,data/extracted/KolektorSDD2/test/20523.png,data/extracted/KolektorSDD2/test/20523_GT.png,True,9b07a502a312760975480be396c7fab1ae80b11f41fbd238775b2403a36a604e
test-20524,test,test,data/extracted/KolektorSDD2/test/20524.png,data/extracted/KolektorSDD2/test/20524_GT.png,False,3e3b3a010d9c2c0bc376dc7b8e627506325e0205b2995db632fab6c45fb0ad88
test-20525,test,test,data/extracted/KolektorSDD2/test/20525.png,data/extracted/KolektorSDD2/test/20525_GT.png,False,37a4bff524cd05422fb6cc00e034d234cf15fd4b347d091d1b0ac2365e00cd8c
test-20526,test,test,data/extracted/KolektorSDD2/test/20526.png,data/extracted/KolektorSDD2/test/20526_GT.png,False,00b15610820e179738fc363e64fc4d2d7cd29b7c4e0990a21676e5ea48ecf153
test-20527,test,test,data/extracted/KolektorSDD2/test/20527.png,data/extracted/KolektorSDD2/test/20527_GT.png,False,32ea1c0546ed0a83b328062b248e55f9aefc84a489bb6240eb15108f6f5b4d73
test-20528,test,test,data/extracted/KolektorSDD2/test/20528.png,data/extracted/KolektorSDD2/test/20528_GT.png,False,e428cdacc96f0f955289ecee4f2589dcf1f6cac59be768edd362e6a03abc0fc7
test-20529,test,test,data/extracted/KolektorSDD2/test/20529.png,data/extracted/KolektorSDD2/test/20529_GT.png,False,b0130e4c921d2a43b5366e44d6ade56d843227dfc85285ee9ad55e096b6ecd43
test-20530,test,test,data/extracted/KolektorSDD2/test/20530.png,data/extracted/KolektorSDD2/test/20530_GT.png,False,7d0ef030902185020c669c192915a8374993084e2f6be098ca0920174d095833
test-20531,test,test,data/extracted/KolektorSDD2/test/20531.png,data/extracted/KolektorSDD2/test/20531_GT.png,False,e496f40e97b17e729cf846e98fbc13722f666617fb03a07a2d44f9d1dcd4046a
test-20532,test,test,data/extracted/KolektorSDD2/test/20532.png,data/extracted/KolektorSDD2/test/20532_GT.png,False,0d900f703e594fd6e8f33df6c431582764a391f8483c775f335a66f32100f86b
test-20533,test,test,data/extracted/KolektorSDD2/test/20533.png,data/extracted/KolektorSDD2/test/20533_GT.png,False,c1b084c4bc9391591d9754e528af09360ed5e278715f004dc40b10d92e036452
test-20534,test,test,data/extracted/KolektorSDD2/test/20534.png,data/extracted/KolektorSDD2/test/20534_GT.png,False,100356d6e155414f9bffc5ee5f9db57e07985211679508e6c53efdeb2b4f47d2
test-20535,test,test,data/extracted/KolektorSDD2/test/20535.png,data/extracted/KolektorSDD2/test/20535_GT.png,True,54ffb590d453acfcfb367bd81c7f3fbc78593a694faad419eb14c17d4ad74bca
test-20536,test,test,data/extracted/KolektorSDD2/test/20536.png,data/extracted/KolektorSDD2/test/20536_GT.png,False,428c490b184f2c4cef28dfac79e4493244484edea7a5ee6ed078d569f17c2397
test-20537,test,test,data/extracted/KolektorSDD2/test/20537.png,data/extracted/KolektorSDD2/test/20537_GT.png,False,357d7ba31294a730d4718bbec15cec2dfb1e3a1d3703245fea58a234e5e7e84e
test-20538,test,test,data/extracted/KolektorSDD2/test/20538.png,data/extracted/KolektorSDD2/test/20538_GT.png,False,b3dafd61e5aa465db1ec53265c0d795ed4098535d4d78472219f7c9de5e8363e
test-20539,test,test,data/extracted/KolektorSDD2/test/20539.png,data/extracted/KolektorSDD2/test/20539_GT.png,False,5bb3a73eb496bcfd80df374704a138c98b67585ffdfcf00f43e8e23fd47d5c76
test-20540,test,test,data/extracted/KolektorSDD2/test/20540.png,data/extracted/KolektorSDD2/test/20540_GT.png,False,1bafe43ee45fa1f233d8ddcb3fd3036b62bda00d6c1dc014d372c9b4143e61b9
test-20541,test,test,data/extracted/KolektorSDD2/test/20541.png,data/extracted/KolektorSDD2/test/20541_GT.png,False,b550cfd8f39be19ccddc8a41c1a80d00d58a07f5a77e9db947bcb9bb2607d8c8
test-20542,test,test,data/extracted/KolektorSDD2/test/20542.png,data/extracted/KolektorSDD2/test/20542_GT.png,False,65ddf5d2ef62a7afbddbd3b4decc8ef749a584c652ce34035f6f722de916aaf5
test-20543,test,test,data/extracted/KolektorSDD2/test/20543.png,data/extracted/KolektorSDD2/test/20543_GT.png,True,544a53be8df87860b3b2c4c89dca5d95306da11bc345282fecfbbb39f8ca02a8
test-20544,test,test,data/extracted/KolektorSDD2/test/20544.png,data/extracted/KolektorSDD2/test/20544_GT.png,True,32e1d2ffc91cf16ffb42f5932e30372908661d4eb5b42404c16fc7ae3ac530ab
test-20545,test,test,data/extracted/KolektorSDD2/test/20545.png,data/extracted/KolektorSDD2/test/20545_GT.png,False,d379718906faaff4e251e8bf0f8693193d407d78b1998e96fd4dfc074ebfae22
test-20546,test,test,data/extracted/KolektorSDD2/test/20546.png,data/extracted/KolektorSDD2/test/20546_GT.png,True,6a7668638df09502a8abbe189d3d1a2e2aa529a3b5387fe15345e2ad916145e3
test-20547,test,test,data/extracted/KolektorSDD2/test/20547.png,data/extracted/KolektorSDD2/test/20547_GT.png,False,70f4eaa6f3eb146f200cadc989ace7dc927e8b5d984a526aa6a6ff4cd32531fb
test-20548,test,test,data/extracted/KolektorSDD2/test/20548.png,data/extracted/KolektorSDD2/test/20548_GT.png,False,404153ab00ec3b0bad6c3f919e73e51536c5c2ea9bc2a735a231e1dcb0303e9b
test-20549,test,test,data/extracted/KolektorSDD2/test/20549.png,data/extracted/KolektorSDD2/test/20549_GT.png,False,ae8851fd5d312e93f49879c8c6dc4c1467b02fcf6241333189f28895ca6ce506
test-20550,test,test,data/extracted/KolektorSDD2/test/20550.png,data/extracted/KolektorSDD2/test/20550_GT.png,False,b1f49dabf13b9505435cbdbc9e59d58fcba54305d1933671be429eb0a63aada6
test-20551,test,test,data/extracted/KolektorSDD2/test/20551.png,data/extracted/KolektorSDD2/test/20551_GT.png,False,f3f3badb7bdf8f20065c3444ad615fc1154b1598a07ec6c28d455e4a7cd935f2
test-20552,test,test,data/extracted/KolektorSDD2/test/20552.png,data/extracted/KolektorSDD2/test/20552_GT.png,False,abc4bb2f6f5c584d99c5b7a65dc3e70b03352ffafbfaded069f0875bee1e0cf9
test-20553,test,test,data/extracted/KolektorSDD2/test/20553.png,data/extracted/KolektorSDD2/test/20553_GT.png,False,6ac7b697ce5d8091b5d8bb0de38b00dfc8e22b9515d47b03e68894cb52587d78
test-20554,test,test,data/extracted/KolektorSDD2/test/20554.png,data/extracted/KolektorSDD2/test/20554_GT.png,False,55d525f61047eb90515c5d8e97790dba50d6cb63b8bd99ca9e1e99f69bf50d9c
test-20555,test,test,data/extracted/KolektorSDD2/test/20555.png,data/extracted/KolektorSDD2/test/20555_GT.png,False,acb6c0fed19d842a39f4a05e40a26e5faa4ef05cfa9660bb481d690532d3a261
test-20556,test,test,data/extracted/KolektorSDD2/test/20556.png,data/extracted/KolektorSDD2/test/20556_GT.png,False,568de14129bacc1b13825cea7ef7368525d4db168cb535a705f2c64fed4d6986
test-20557,test,test,data/extracted/KolektorSDD2/test/20557.png,data/extracted/KolektorSDD2/test/20557_GT.png,False,0881c3810257e2e43ecb7c48c155d405677078819ff4f9df275075c729c1a2f1
test-20558,test,test,data/extracted/KolektorSDD2/test/20558.png,data/extracted/KolektorSDD2/test/20558_GT.png,False,1fea7acbcb3caa456216f979a60bc928ca7eda0fc27053808f372ef00b0466c8
test-20559,test,test,data/extracted/KolektorSDD2/test/20559.png,data/extracted/KolektorSDD2/test/20559_GT.png,False,832edd73d70aaf660cfb892566956406426064b7e93bba713e6db51d3486cf83
test-20560,test,test,data/extracted/KolektorSDD2/test/20560.png,data/extracted/KolektorSDD2/test/20560_GT.png,False,4231a73518526e1fbfb8474e85041949ffcdb2d674a4d4eedb99d1503aa925c4
test-20561,test,test,data/extracted/KolektorSDD2/test/20561.png,data/extracted/KolektorSDD2/test/20561_GT.png,True,89738a78348bcb093274d43405b0324de271c05c8fc00a9231b089ec0e6606d9
test-20562,test,test,data/extracted/KolektorSDD2/test/20562.png,data/extracted/KolektorSDD2/test/20562_GT.png,False,2f02ee3b514543b3e292587bfde5ff0025f50f02c13b4d13c4365f2ad41a931a
test-20563,test,test,data/extracted/KolektorSDD2/test/20563.png,data/extracted/KolektorSDD2/test/20563_GT.png,False,263ec5d7203349b79c61f244148a5d37cadd14da7ca71c73d00b382d779bcd84
test-20564,test,test,data/extracted/KolektorSDD2/test/20564.png,data/extracted/KolektorSDD2/test/20564_GT.png,True,6d77c779ed26f92c17664244d16d4f9c6f1f3d019742c0febbbc00ec308a55a0
test-20565,test,test,data/extracted/KolektorSDD2/test/20565.png,data/extracted/KolektorSDD2/test/20565_GT.png,False,cdbd6e1220542f58b6b34a1420143dae382863a98eb829cac7bdec0a618f3150
test-20566,test,test,data/extracted/KolektorSDD2/test/20566.png,data/extracted/KolektorSDD2/test/20566_GT.png,False,717b179e247cea30acc004cff143c54f9ee8a5f95c9b6b6c133d3b943f57f256
test-20567,test,test,data/extracted/KolektorSDD2/test/20567.png,data/extracted/KolektorSDD2/test/20567_GT.png,False,697083a167257862dd32c2091bbd6e3439769e83240425268557bba3873e2c60
test-20568,test,test,data/extracted/KolektorSDD2/test/20568.png,data/extracted/KolektorSDD2/test/20568_GT.png,False,39e78c5d40e5cf5cd17e93974bfc832ab3c2a76b01db4ed0c83d13e678213b71
test-20569,test,test,data/extracted/KolektorSDD2/test/20569.png,data/extracted/KolektorSDD2/test/20569_GT.png,False,dd0cb1840d8cdeb1ae7319888abb2bd143994afa2df53daffd98c2f210ec9a87
test-20570,test,test,data/extracted/KolektorSDD2/test/20570.png,data/extracted/KolektorSDD2/test/20570_GT.png,False,e643b9fa658503406acbb73108fb179d73caa5879a49add86b6cea3afefabad5
test-20571,test,test,data/extracted/KolektorSDD2/test/20571.png,data/extracted/KolektorSDD2/test/20571_GT.png,False,90e39ad3735ade422b62b358c3ee3587344f6f0aaea3a9a6004aaa35247100ef
test-20572,test,test,data/extracted/KolektorSDD2/test/20572.png,data/extracted/KolektorSDD2/test/20572_GT.png,False,87c3941ef40d3a8244c9ba2a999a2449c6d322ba980a62ae5bd691ccfdf24cea
test-20573,test,test,data/extracted/KolektorSDD2/test/20573.png,data/extracted/KolektorSDD2/test/20573_GT.png,False,65ad731590c36323b250f471bd528b7642a6f2be7e5d629981e6652a57f4ab56
test-20574,test,test,data/extracted/KolektorSDD2/test/20574.png,data/extracted/KolektorSDD2/test/20574_GT.png,False,cbce542feec18487c1d6b88c39d8af46d78d4a061393ffed3c7063be44145541
test-20575,test,test,data/extracted/KolektorSDD2/test/20575.png,data/extracted/KolektorSDD2/test/20575_GT.png,False,a501c159b811ea47acadb8c47d83b0a777e60336c4bd7d03c8a4d6b5c7df4e5d
test-20576,test,test,data/extracted/KolektorSDD2/test/20576.png,data/extracted/KolektorSDD2/test/20576_GT.png,False,0539114534028015749e047d5b7ab2c92585ef99d6e5f63876a6a22f81d03345
test-20577,test,test,data/extracted/KolektorSDD2/test/20577.png,data/extracted/KolektorSDD2/test/20577_GT.png,False,0ccc7265def7532b938fec6b2eeafdd190a014d2b9755b34dc07d5f3d5e3c9a1
test-20578,test,test,data/extracted/KolektorSDD2/test/20578.png,data/extracted/KolektorSDD2/test/20578_GT.png,False,f5be51d9cbca14a9f23fcdf4455d3c030a66bacc9bbfebc8d463f871c3cd7422
test-20579,test,test,data/extracted/KolektorSDD2/test/20579.png,data/extracted/KolektorSDD2/test/20579_GT.png,False,7106015b4c7aa17a99c18905a05ff8f021ca27c5fe968575acefc69745893559
test-20580,test,test,data/extracted/KolektorSDD2/test/20580.png,data/extracted/KolektorSDD2/test/20580_GT.png,False,fea2441a91c185cf5012a943c7de49788975d4970e9ef8d71ef934016e2ae692
test-20581,test,test,data/extracted/KolektorSDD2/test/20581.png,data/extracted/KolektorSDD2/test/20581_GT.png,False,491e1e62a92defa97810ce8713af9b30cb4dc627420f545ff70f9d648badfa7a
test-20582,test,test,data/extracted/KolektorSDD2/test/20582.png,data/extracted/KolektorSDD2/test/20582_GT.png,False,6ee7e59c137f45bc8b22e4e7fac4b90151a83736473f945fbef3c32a5e2a0d23
test-20583,test,test,data/extracted/KolektorSDD2/test/20583.png,data/extracted/KolektorSDD2/test/20583_GT.png,False,3fb235e6cc3f723d91316ce02ac0696c49e9af1cf65bdc02b473e0bb4c62fad4
test-20584,test,test,data/extracted/KolektorSDD2/test/20584.png,data/extracted/KolektorSDD2/test/20584_GT.png,False,001ece4afae8fa0fcc943aad00045a4ceeef0e374fd9c8d7024d926b6fc73aa3
test-20585,test,test,data/extracted/KolektorSDD2/test/20585.png,data/extracted/KolektorSDD2/test/20585_GT.png,False,2d13133d27781e732b8e16cc5e82e5b42d89c4f9081056ccc74b7400d4c8b89d
test-20586,test,test,data/extracted/KolektorSDD2/test/20586.png,data/extracted/KolektorSDD2/test/20586_GT.png,False,97bead0a21b2f67a01cd680479bfa2b88769b693495609956406b209e84d6a64
test-20587,test,test,data/extracted/KolektorSDD2/test/20587.png,data/extracted/KolektorSDD2/test/20587_GT.png,True,b405b3b519ea55c7005d847efe47cb8a002508c96584c2b8923cb981748d9d08
test-20588,test,test,data/extracted/KolektorSDD2/test/20588.png,data/extracted/KolektorSDD2/test/20588_GT.png,False,deeaf6cf55a5dc59c88b60f927cf53811d9f03bb9be97ff739b89c34c77848da
test-20589,test,test,data/extracted/KolektorSDD2/test/20589.png,data/extracted/KolektorSDD2/test/20589_GT.png,False,0b32e2a2933f5ec04a77b296f9e14726a0e608e8562e9e9cbb0edece2b0ea4b2
test-20590,test,test,data/extracted/KolektorSDD2/test/20590.png,data/extracted/KolektorSDD2/test/20590_GT.png,False,e5e68315e14872d27400716c90c9ed12e1ecf5ed88c6d31c0797d8fee19313da
test-20591,test,test,data/extracted/KolektorSDD2/test/20591.png,data/extracted/KolektorSDD2/test/20591_GT.png,False,e2485ea4598cb2660a117c962ddf8d2bfbf47acef69cb7f23839d69460cb8f5e
test-20592,test,test,data/extracted/KolektorSDD2/test/20592.png,data/extracted/KolektorSDD2/test/20592_GT.png,False,d94e23ae476eb2cfdebdf4023c6da73c36cc11b53f12cf2c378db6352c37680d
test-20593,test,test,data/extracted/KolektorSDD2/test/20593.png,data/extracted/KolektorSDD2/test/20593_GT.png,False,c31235e880ab7dabc0ebe35ad586bf17cace63d663fd281c1f6fc98e8870ad83
test-20594,test,test,data/extracted/KolektorSDD2/test/20594.png,data/extracted/KolektorSDD2/test/20594_GT.png,False,b70742ced0d458a6c894586f95f376e92428eef5d4e01d778b832bd471d298cd
test-20595,test,test,data/extracted/KolektorSDD2/test/20595.png,data/extracted/KolektorSDD2/test/20595_GT.png,False,ffd44951e9985398e8f146af0c4ab9d58cf5546f9d69fcea14b9749d86777ace
test-20596,test,test,data/extracted/KolektorSDD2/test/20596.png,data/extracted/KolektorSDD2/test/20596_GT.png,False,bfa427cd89ace7d024474cfcb0ff5922aea7f7465010edb89f8e148ec4abadd7
test-20597,test,test,data/extracted/KolektorSDD2/test/20597.png,data/extracted/KolektorSDD2/test/20597_GT.png,False,331923dd56c2053f595ec86c3532db8abe268d9dd353a6e4661e13c62e29ec35
test-20598,test,test,data/extracted/KolektorSDD2/test/20598.png,data/extracted/KolektorSDD2/test/20598_GT.png,False,c79e76263bb5e2d9c4ab4889de28230e0293619d838e7087edf407f141faca61
test-20599,test,test,data/extracted/KolektorSDD2/test/20599.png,data/extracted/KolektorSDD2/test/20599_GT.png,True,e3913d5059fb593b57625856025e5a185a16f693719ca7071b6eca5adfb229ab
test-20600,test,test,data/extracted/KolektorSDD2/test/20600.png,data/extracted/KolektorSDD2/test/20600_GT.png,True,0fa27b9e0eac667ba9300a835d24ced236a31d5e188b5f81eacd1d9f7894b160
test-20601,test,test,data/extracted/KolektorSDD2/test/20601.png,data/extracted/KolektorSDD2/test/20601_GT.png,False,a4444bb41e5a2521387b3b2dd9cb559e2e089d6611406615c6f7b1ed2b0be496
test-20602,test,test,data/extracted/KolektorSDD2/test/20602.png,data/extracted/KolektorSDD2/test/20602_GT.png,False,2db3a31b49c9e0636ed9f731390e806022f9e3b99f96158769c6ec804a5e0c49
test-20603,test,test,data/extracted/KolektorSDD2/test/20603.png,data/extracted/KolektorSDD2/test/20603_GT.png,False,600fbe90d65c058a042ce4c9c321a26f94ae42086b9c3cc3383ccf992c237573
test-20604,test,test,data/extracted/KolektorSDD2/test/20604.png,data/extracted/KolektorSDD2/test/20604_GT.png,False,f04d1fd0bc1b271b87811b5246d20388c0841439893aababd0751745af2ac545
test-20605,test,test,data/extracted/KolektorSDD2/test/20605.png,data/extracted/KolektorSDD2/test/20605_GT.png,False,a4a89d734d1b41a19009cf5029a31ed911f79cbba9005d3aef906864e2dc55b9
test-20606,test,test,data/extracted/KolektorSDD2/test/20606.png,data/extracted/KolektorSDD2/test/20606_GT.png,False,b84d3324745292f97e73844432f3df245b173d5311af31295195412bb4d49bc1
test-20607,test,test,data/extracted/KolektorSDD2/test/20607.png,data/extracted/KolektorSDD2/test/20607_GT.png,False,6b9f84452da965f876c907c26146f9cf26835021597961dfd8f7a3abfe97d6c6
test-20608,test,test,data/extracted/KolektorSDD2/test/20608.png,data/extracted/KolektorSDD2/test/20608_GT.png,False,1400c91da7bb50a01f7f49e85181878b3233a15958e39efa398852ebac6df861
test-20609,test,test,data/extracted/KolektorSDD2/test/20609.png,data/extracted/KolektorSDD2/test/20609_GT.png,False,0ab17fd7cfb5cdd73b37007abd42f405b80fa6053b2d922ee6c5b99cab70937f
test-20610,test,test,data/extracted/KolektorSDD2/test/20610.png,data/extracted/KolektorSDD2/test/20610_GT.png,False,4a1840dbcce40e20b0b4ad4e1f4aaf230f417d2ecb1f631f2b303bbea4fdb81b
test-20611,test,test,data/extracted/KolektorSDD2/test/20611.png,data/extracted/KolektorSDD2/test/20611_GT.png,False,1ec9270563671d43e992e13e3bc2ea36e486fa7ebac80653ca7fbdb53ede7c1f
test-20612,test,test,data/extracted/KolektorSDD2/test/20612.png,data/extracted/KolektorSDD2/test/20612_GT.png,False,98d87cc68bdcc78dcdbbd8a6fc9cd8816ae827a94e43b2d871b69aa4fb833aa6
test-20613,test,test,data/extracted/KolektorSDD2/test/20613.png,data/extracted/KolektorSDD2/test/20613_GT.png,False,9173e04ee00ce486719eb40c14ca7e08e4254fb9f3c126f30c63623f96732354
test-20614,test,test,data/extracted/KolektorSDD2/test/20614.png,data/extracted/KolektorSDD2/test/20614_GT.png,False,b03c58ccc6dca2847f12cb8004d4fd8b77b0f1aeefae8b9b14b4d9d21b7d1543
test-20615,test,test,data/extracted/KolektorSDD2/test/20615.png,data/extracted/KolektorSDD2/test/20615_GT.png,False,76276064c775fb1ac7da427566b05436334e0df95d25a2202820a82471fc58d5
test-20616,test,test,data/extracted/KolektorSDD2/test/20616.png,data/extracted/KolektorSDD2/test/20616_GT.png,False,b15bd08bcab37f9b673f2cc4800ca539480af99333788edee06035187f179557
test-20617,test,test,data/extracted/KolektorSDD2/test/20617.png,data/extracted/KolektorSDD2/test/20617_GT.png,False,90ad90530fd9a4b78e110372eefc29846513f20d0c6325d292af9e7a49685e02
test-20618,test,test,data/extracted/KolektorSDD2/test/20618.png,data/extracted/KolektorSDD2/test/20618_GT.png,False,067a5a84655d8609096f7b47972ebb82bdf0429078e32eb4f98ff67e5c01e8a4
test-20619,test,test,data/extracted/KolektorSDD2/test/20619.png,data/extracted/KolektorSDD2/test/20619_GT.png,False,084209c6af8e0d38fdf254159ea5174d508fc0fa7776cad6032ddb172d3addc4
test-20620,test,test,data/extracted/KolektorSDD2/test/20620.png,data/extracted/KolektorSDD2/test/20620_GT.png,False,f076a7797750596d22da14f61b93244759369be4c88e5116132ca1ef64d08b23
test-20621,test,test,data/extracted/KolektorSDD2/test/20621.png,data/extracted/KolektorSDD2/test/20621_GT.png,False,019aa946af71d99078c5253cd3671e9772598b8031175b4ec6be47318d0727e3
test-20622,test,test,data/extracted/KolektorSDD2/test/20622.png,data/extracted/KolektorSDD2/test/20622_GT.png,False,fd34595b9944338a770ad6eb206964b45dad2418f62f56602246413865e4cb14
test-20623,test,test,data/extracted/KolektorSDD2/test/20623.png,data/extracted/KolektorSDD2/test/20623_GT.png,False,1a1fdf430831f18618815ac1a12d59632bd322d80235be58fb89d63d686ab23b
test-20624,test,test,data/extracted/KolektorSDD2/test/20624.png,data/extracted/KolektorSDD2/test/20624_GT.png,True,2966bac1dc16c5ae56d7219f243fdc5744593d3fe307839fef46ac8fa935457f
test-20625,test,test,data/extracted/KolektorSDD2/test/20625.png,data/extracted/KolektorSDD2/test/20625_GT.png,True,826da77298b1a57838f0ec9e5806ad7af3c8f1dc1505268cec1cf2a44342a2d8
test-20626,test,test,data/extracted/KolektorSDD2/test/20626.png,data/extracted/KolektorSDD2/test/20626_GT.png,False,572456162b4673b7fa7e7689d47f194be01b8b24852cb5407f7f07383df4648e
test-20627,test,test,data/extracted/KolektorSDD2/test/20627.png,data/extracted/KolektorSDD2/test/20627_GT.png,False,c5c60a6b5da556890b2816c85e8527592e9b32f180dcb778e54573c1ef0f4d99
test-20628,test,test,data/extracted/KolektorSDD2/test/20628.png,data/extracted/KolektorSDD2/test/20628_GT.png,False,fb61c41ee6b91c1d2ca13f8d7d90e707c3f7e5e4ce95a1bcdd4e3e8ae8c7fff7
test-20629,test,test,data/extracted/KolektorSDD2/test/20629.png,data/extracted/KolektorSDD2/test/20629_GT.png,False,00d8937e1d2b665db7528b29393c848482c0d45652797a771b6a6c6b635fdb74
test-20630,test,test,data/extracted/KolektorSDD2/test/20630.png,data/extracted/KolektorSDD2/test/20630_GT.png,False,783030552e13ae42273aa9aade846a02d8475eb97f1dc0151f1bba89181783f0
test-20631,test,test,data/extracted/KolektorSDD2/test/20631.png,data/extracted/KolektorSDD2/test/20631_GT.png,False,45b2e52db76679781350b2a8d893b6fa08c56587bba76963e6d7f1d98831aeee
test-20632,test,test,data/extracted/KolektorSDD2/test/20632.png,data/extracted/KolektorSDD2/test/20632_GT.png,True,e8b82004a3aa60b14d256b186d3e0caafd1af9548d4c954adeb9c2a690d65991
test-20633,test,test,data/extracted/KolektorSDD2/test/20633.png,data/extracted/KolektorSDD2/test/20633_GT.png,False,d5948e89a308a9dda3d33d5b3bdbfef6e453a7c4a7b23391cc989a8f81184bb9
test-20634,test,test,data/extracted/KolektorSDD2/test/20634.png,data/extracted/KolektorSDD2/test/20634_GT.png,False,f8e2f231f16c69fd8e9d512e93e7edc50aa4e38a132e4c02cc032f0cb406d488
test-20635,test,test,data/extracted/KolektorSDD2/test/20635.png,data/extracted/KolektorSDD2/test/20635_GT.png,False,12d4a0629a2e682b2901089a4f0af4228687bb01c885268a503d7aba3f3d4b53
test-20636,test,test,data/extracted/KolektorSDD2/test/20636.png,data/extracted/KolektorSDD2/test/20636_GT.png,False,a31203af804d1fc8a9b55d25341b7cc4438f40e4314f5882f46810665a0bc264
test-20637,test,test,data/extracted/KolektorSDD2/test/20637.png,data/extracted/KolektorSDD2/test/20637_GT.png,False,97d1e761bceffa357a5f8394385e040cc590a7fa4e2151b1741dbc8d5ef6528d
test-20638,test,test,data/extracted/KolektorSDD2/test/20638.png,data/extracted/KolektorSDD2/test/20638_GT.png,False,046869846c61b872b94db909a202e446c5d87d2308e6747f5e75b1d93771b18a
test-20639,test,test,data/extracted/KolektorSDD2/test/20639.png,data/extracted/KolektorSDD2/test/20639_GT.png,False,3e81fee2022d509f1fec5af83cd3d6df19e4b10a126cc52dd8e74272a80705ae
test-20640,test,test,data/extracted/KolektorSDD2/test/20640.png,data/extracted/KolektorSDD2/test/20640_GT.png,True,d60c6f9ff682ecf4bd844f75f4e5dd89eb335cd668edd5173a79759ece461e62
test-20641,test,test,data/extracted/KolektorSDD2/test/20641.png,data/extracted/KolektorSDD2/test/20641_GT.png,False,5b2f6729c1d98e1ccee49a2fcc712b6addec637d7cccba386b53f4fcdbfa7859
test-20642,test,test,data/extracted/KolektorSDD2/test/20642.png,data/extracted/KolektorSDD2/test/20642_GT.png,False,c6b402f0594400a8665f3fd848336b5d1dca2c250c4eca91f823646eef39b958
test-20643,test,test,data/extracted/KolektorSDD2/test/20643.png,data/extracted/KolektorSDD2/test/20643_GT.png,False,14ecd1726916662d67123dcc94fbceffda4d5ef05a1aaadf36198e9ffc55f680
test-20644,test,test,data/extracted/KolektorSDD2/test/20644.png,data/extracted/KolektorSDD2/test/20644_GT.png,False,98c9bf8e8ae81d2e0adc7ef6f07ff2961048c5eb9f9c404cb4125295e61c975c
test-20645,test,test,data/extracted/KolektorSDD2/test/20645.png,data/extracted/KolektorSDD2/test/20645_GT.png,False,66331856a5660ca72b45f37a648cec4b6bde4fc76f41f82050d80baf04dde44c
test-20646,test,test,data/extracted/KolektorSDD2/test/20646.png,data/extracted/KolektorSDD2/test/20646_GT.png,True,dde0e75965aef2fd94382bda8ad7eb8e0fd839557cb55ed0ac50732fdae1bd58
test-20647,test,test,data/extracted/KolektorSDD2/test/20647.png,data/extracted/KolektorSDD2/test/20647_GT.png,False,d8bc5f49093e4a049fa790fa16f525055e0a349830025a244c8f1f52a97acf83
test-20648,test,test,data/extracted/KolektorSDD2/test/20648.png,data/extracted/KolektorSDD2/test/20648_GT.png,False,6a98331978203c24084ebd9ae0a06c1b0154aef4f1f3f083b8d5dfd7b0845e9c
test-20649,test,test,data/extracted/KolektorSDD2/test/20649.png,data/extracted/KolektorSDD2/test/20649_GT.png,False,1630fcdb325d334f7c2c899d3027dc68e5f60a617ca14eaa4771bea9167de9ff
test-20650,test,test,data/extracted/KolektorSDD2/test/20650.png,data/extracted/KolektorSDD2/test/20650_GT.png,False,fc98d18d16581f6ff99ec38022d0ebaad30e568e4e75be8f07ab53ea0011f7e6
test-20651,test,test,data/extracted/KolektorSDD2/test/20651.png,data/extracted/KolektorSDD2/test/20651_GT.png,False,c1e440ae053d26710f2ef41da168e1444f1b2659c5d936931f7fb48f5b50ff99
test-20652,test,test,data/extracted/KolektorSDD2/test/20652.png,data/extracted/KolektorSDD2/test/20652_GT.png,False,fcb1866c8a76aa0e940220676733ed3aafa929bbd738b1468cba071ea47475e5
test-20653,test,test,data/extracted/KolektorSDD2/test/20653.png,data/extracted/KolektorSDD2/test/20653_GT.png,False,a74a9314196c7cbf7f23db57d5e00685d06f95bf819a187ecc6ce26fee0101ec
test-20654,test,test,data/extracted/KolektorSDD2/test/20654.png,data/extracted/KolektorSDD2/test/20654_GT.png,False,669bed6311ae54cccffed944a0e796dff01d41c2ebdc6c36b1cae8d34f4d395f
test-20655,test,test,data/extracted/KolektorSDD2/test/20655.png,data/extracted/KolektorSDD2/test/20655_GT.png,False,4a8617ad2ba948798f78573f5710a49596a4411ef7f4020f2b5dda5e4ff74e64
test-20656,test,test,data/extracted/KolektorSDD2/test/20656.png,data/extracted/KolektorSDD2/test/20656_GT.png,False,b29be4421ff56adcc612bb1e9c12899e8f305e43554fc537f242da60c289bd3a
test-20657,test,test,data/extracted/KolektorSDD2/test/20657.png,data/extracted/KolektorSDD2/test/20657_GT.png,False,12b41fa93b039c088533da4e6b7db068e82d44fcde605a46a3de59856e40f570
test-20658,test,test,data/extracted/KolektorSDD2/test/20658.png,data/extracted/KolektorSDD2/test/20658_GT.png,False,cd0b5421c57984ebe7824281d7537afc7ee7c8b4926513ceab9f3e2f24484fb9
test-20659,test,test,data/extracted/KolektorSDD2/test/20659.png,data/extracted/KolektorSDD2/test/20659_GT.png,False,badc526ff408696b4735e8f020daec725de1c8a9717c53c3d63a0506dbb7a543
test-20660,test,test,data/extracted/KolektorSDD2/test/20660.png,data/extracted/KolektorSDD2/test/20660_GT.png,True,df6da4c7903a1daf031a1f68e9308447cce75f52e458268278327f3a19d60809
test-20661,test,test,data/extracted/KolektorSDD2/test/20661.png,data/extracted/KolektorSDD2/test/20661_GT.png,False,bc40cf29add205f8a4516ad66cc258c8a1cea75e978ec6a064fb82c449b151e1
test-20662,test,test,data/extracted/KolektorSDD2/test/20662.png,data/extracted/KolektorSDD2/test/20662_GT.png,False,3cd312b80f211f31dbafd3fb4dcf5ebf3ddb259e867d64f342709d2f8d892864
test-20663,test,test,data/extracted/KolektorSDD2/test/20663.png,data/extracted/KolektorSDD2/test/20663_GT.png,False,057dbfd89e4a44c2ea57d03b0582cb737f1a9a68b382b78cd2dc3a53e9ace55b
test-20664,test,test,data/extracted/KolektorSDD2/test/20664.png,data/extracted/KolektorSDD2/test/20664_GT.png,False,4fc48f21ff7a6631fb640b45eb0aff6f0cdbebab5744b8fb1d7fd9e3d0e03d3c
test-20665,test,test,data/extracted/KolektorSDD2/test/20665.png,data/extracted/KolektorSDD2/test/20665_GT.png,True,98da852f2a6f7a601ec3d3d6bb6e5c7a41179b44f05b1701ff58a51b33b7f268
test-20666,test,test,data/extracted/KolektorSDD2/test/20666.png,data/extracted/KolektorSDD2/test/20666_GT.png,False,32d352cae4acebbe98d5549e204039eb49d718d49f7efc624fffdb186142c2d7
test-20667,test,test,data/extracted/KolektorSDD2/test/20667.png,data/extracted/KolektorSDD2/test/20667_GT.png,True,07be8a702c84f1db61907f50163a6ab57feaf95ee5530de1584e359be5c2b5b8
test-20668,test,test,data/extracted/KolektorSDD2/test/20668.png,data/extracted/KolektorSDD2/test/20668_GT.png,False,ddd483b7f082a03d10a1b1f948f37d926624d65619c907ceb33226e5aa2062f8
test-20669,test,test,data/extracted/KolektorSDD2/test/20669.png,data/extracted/KolektorSDD2/test/20669_GT.png,True,ebdefb7cb8c9d16dd63059f8625e51bebb41f0b3a8d9414ae02f7a04ca1510a5
test-20670,test,test,data/extracted/KolektorSDD2/test/20670.png,data/extracted/KolektorSDD2/test/20670_GT.png,False,881904b2c3d9c2201bc430246d66c94ff803a5a94f5eee8b4fe8971ccced2651
test-20671,test,test,data/extracted/KolektorSDD2/test/20671.png,data/extracted/KolektorSDD2/test/20671_GT.png,True,55302c14f9f68a6270613c1eb14a6b2bd86605b5f2d85c39dc2f92463bf4d346
test-20672,test,test,data/extracted/KolektorSDD2/test/20672.png,data/extracted/KolektorSDD2/test/20672_GT.png,True,c2eed02cc370aadc798c5ce9a2d70342d6c4fb8e3fea549a27ba9ec81b7d318c
test-20673,test,test,data/extracted/KolektorSDD2/test/20673.png,data/extracted/KolektorSDD2/test/20673_GT.png,False,1fdd68f015f8f3381b003b5e1e0ac2fdeef522b2656905e07f4916f6b3b485f8
test-20674,test,test,data/extracted/KolektorSDD2/test/20674.png,data/extracted/KolektorSDD2/test/20674_GT.png,False,3808c4d2df5a3d345dee4933a66bae494c781b48b1205e413a70a490364d84bf
test-20675,test,test,data/extracted/KolektorSDD2/test/20675.png,data/extracted/KolektorSDD2/test/20675_GT.png,False,d79ddfccf5bb5352b50c5dfc526adc5d4dea35ed127f6860148db653873b92c4
test-20676,test,test,data/extracted/KolektorSDD2/test/20676.png,data/extracted/KolektorSDD2/test/20676_GT.png,False,a313ea3efe4c4ab725c09bbae362d479bbf352337b1fec6f37ff730d17872b22
test-20677,test,test,data/extracted/KolektorSDD2/test/20677.png,data/extracted/KolektorSDD2/test/20677_GT.png,False,d24ad5e6cb81cfadcb384d5ddfcb8ba9e26a23b79ee826dbcaaaa3cd310dbef3
test-20678,test,test,data/extracted/KolektorSDD2/test/20678.png,data/extracted/KolektorSDD2/test/20678_GT.png,False,bb0c82239f4bf81874fa3c8fdb27b1cd556454eddba530f29d853354e76bea49
test-20679,test,test,data/extracted/KolektorSDD2/test/20679.png,data/extracted/KolektorSDD2/test/20679_GT.png,False,e4ecae21fbd152506bae3e5f45c71513be9e4e507c31fb000212c5111c43c926
test-20680,test,test,data/extracted/KolektorSDD2/test/20680.png,data/extracted/KolektorSDD2/test/20680_GT.png,False,4ff2c6029ab9d899c60ce1011bd744482e5b6471100ef9dbaf90fb699ec64301
test-20681,test,test,data/extracted/KolektorSDD2/test/20681.png,data/extracted/KolektorSDD2/test/20681_GT.png,False,b0681dcb8322769e4ce23177dcaa9caa135b2c3185163ba4498f3617e3f72bc7
test-20682,test,test,data/extracted/KolektorSDD2/test/20682.png,data/extracted/KolektorSDD2/test/20682_GT.png,True,f2b7255ade3b587439511c443ece948eb0fbfe81a1248bd5ccfe4379675f8baa
test-20683,test,test,data/extracted/KolektorSDD2/test/20683.png,data/extracted/KolektorSDD2/test/20683_GT.png,False,d5c2d26345c7fa7b4ca1a7d5e3942c0cbc262f2b0c30dd34d8ca156fc33ad50b
test-20684,test,test,data/extracted/KolektorSDD2/test/20684.png,data/extracted/KolektorSDD2/test/20684_GT.png,False,b3eb2445d2cdfc340378beb00e239dbdb61adedcb035b6dddb1c30853f7cb220
test-20685,test,test,data/extracted/KolektorSDD2/test/20685.png,data/extracted/KolektorSDD2/test/20685_GT.png,True,e8c3de7647541553ddefc1850a486021fec290a7ec89179a8399dc980d278aad
test-20686,test,test,data/extracted/KolektorSDD2/test/20686.png,data/extracted/KolektorSDD2/test/20686_GT.png,False,6ca5d98442b39bc0d9bf233b9dc975dd8c97f5b0a8413b0175fe048010cc3742
test-20687,test,test,data/extracted/KolektorSDD2/test/20687.png,data/extracted/KolektorSDD2/test/20687_GT.png,False,ab9f5b8ec84d5632181345ebf4a2b2a6385c88dc3a645ce58bc8ef7430a031a6
test-20688,test,test,data/extracted/KolektorSDD2/test/20688.png,data/extracted/KolektorSDD2/test/20688_GT.png,False,ca41ca9c9260538653e4c9e0b43dc2e1ba4f3c78ed34efb3c9b4ddef6eca95cf
test-20689,test,test,data/extracted/KolektorSDD2/test/20689.png,data/extracted/KolektorSDD2/test/20689_GT.png,False,4bb98100f33f86bf317ceabbb6a8ff935742573c990916fc0c89ec94e9e45aaf
test-20690,test,test,data/extracted/KolektorSDD2/test/20690.png,data/extracted/KolektorSDD2/test/20690_GT.png,False,4a81954fba3ae6623b87317346765c99e7223d4e91388b156d71ec8c07210f4a
test-20691,test,test,data/extracted/KolektorSDD2/test/20691.png,data/extracted/KolektorSDD2/test/20691_GT.png,False,c9fd500f22ad38ba752af7d3f594f6b05c01508d82a4bbc8fa17285b6ea5266a
test-20692,test,test,data/extracted/KolektorSDD2/test/20692.png,data/extracted/KolektorSDD2/test/20692_GT.png,False,83de50851c2e4ad900508f01939428bb36bdd30a67418225983b52ab9f2957f3
test-20693,test,test,data/extracted/KolektorSDD2/test/20693.png,data/extracted/KolektorSDD2/test/20693_GT.png,False,a28b08848bd50f60d4dd2296385fed369375fff007e176208dc841e780ed32bf
test-20694,test,test,data/extracted/KolektorSDD2/test/20694.png,data/extracted/KolektorSDD2/test/20694_GT.png,False,edd8b3831eb5a781f82df739c53a75986ed8b74d59a8a07c4006f7c2dda97dbb
test-20695,test,test,data/extracted/KolektorSDD2/test/20695.png,data/extracted/KolektorSDD2/test/20695_GT.png,False,d8dea19f7ea0f76e78a6ea7498ac32103339d5ff1c53f345f49af8f9d1d274fd
test-20696,test,test,data/extracted/KolektorSDD2/test/20696.png,data/extracted/KolektorSDD2/test/20696_GT.png,False,d615f204f0142903935ad75c59640bb2be21ec4495281af05a8b00c381c6b45f
test-20697,test,test,data/extracted/KolektorSDD2/test/20697.png,data/extracted/KolektorSDD2/test/20697_GT.png,False,a4595d1a75cbb8378e500d4b544d77fd904397a8abdc035ed3ebbb69274e0efc
test-20698,test,test,data/extracted/KolektorSDD2/test/20698.png,data/extracted/KolektorSDD2/test/20698_GT.png,False,8273a797305e082bc5e8e6d1d5e0451c75a1c7b1e6d1cc13400830783cc3dbd9
test-20699,test,test,data/extracted/KolektorSDD2/test/20699.png,data/extracted/KolektorSDD2/test/20699_GT.png,False,233796d947af82feaa58e1b7665430e5fd4afcdff1d2c3108063f11608d18cb3
test-20700,test,test,data/extracted/KolektorSDD2/test/20700.png,data/extracted/KolektorSDD2/test/20700_GT.png,False,256231b92401bd25728b1f826d9d55763c64d13e8862a00974a56cfc3f2887d3
test-20701,test,test,data/extracted/KolektorSDD2/test/20701.png,data/extracted/KolektorSDD2/test/20701_GT.png,False,9101cf602eb633a30f888db59391dae1bd0bfbabea051694837c61ca6aa2cd23
test-20702,test,test,data/extracted/KolektorSDD2/test/20702.png,data/extracted/KolektorSDD2/test/20702_GT.png,False,d6fd8e40a1fa0b5706f0324b9198902774953b7e3ae31030071e6aae9558427e
test-20703,test,test,data/extracted/KolektorSDD2/test/20703.png,data/extracted/KolektorSDD2/test/20703_GT.png,False,1de0c0d7673330f949cae051bfdc8ccdf82ea243845897be5b0c4b0cd44bd401
test-20704,test,test,data/extracted/KolektorSDD2/test/20704.png,data/extracted/KolektorSDD2/test/20704_GT.png,False,1ab27425b3963a374b67776613fa21d54b6666aec30025103b3c3ae4d50d83cf
test-20705,test,test,data/extracted/KolektorSDD2/test/20705.png,data/extracted/KolektorSDD2/test/20705_GT.png,False,29a3c0c0e6a332a8b2d901fa94a523439ec44a30740806d1fc33142f296e14e8
test-20706,test,test,data/extracted/KolektorSDD2/test/20706.png,data/extracted/KolektorSDD2/test/20706_GT.png,False,361a9595d8ad04bf82ede6e23f4a0c7bb082cf989a447e04332728d654942966
test-20707,test,test,data/extracted/KolektorSDD2/test/20707.png,data/extracted/KolektorSDD2/test/20707_GT.png,False,489b40e17a58777c40a9c24fa40c73630a994048ed20d4247ce9d7b693552785
test-20708,test,test,data/extracted/KolektorSDD2/test/20708.png,data/extracted/KolektorSDD2/test/20708_GT.png,False,000b933b406eb6cec68f5909ac8e07be45772e13866bd2acfce44b7ceefecfc6
test-20709,test,test,data/extracted/KolektorSDD2/test/20709.png,data/extracted/KolektorSDD2/test/20709_GT.png,False,31132110488b281195b808741e833119454a8000a7e6fe2c36266d7d597d8243
test-20710,test,test,data/extracted/KolektorSDD2/test/20710.png,data/extracted/KolektorSDD2/test/20710_GT.png,False,e11d4a9b75830099099ac4661c83ff247513201d371cc39cdb559f3fa81dcc10
test-20711,test,test,data/extracted/KolektorSDD2/test/20711.png,data/extracted/KolektorSDD2/test/20711_GT.png,False,26891a8e7e94218777db3ab5d5a995cc163c01fda59199247e2a35aa9efbe004
test-20712,test,test,data/extracted/KolektorSDD2/test/20712.png,data/extracted/KolektorSDD2/test/20712_GT.png,False,78d0b7d31fc717673e772fb7c6acfa88cdbef1baf76660ed028ed1285789a3cb
test-20713,test,test,data/extracted/KolektorSDD2/test/20713.png,data/extracted/KolektorSDD2/test/20713_GT.png,False,cf916861db1c2b9c244a31984dab1d92a168119274bcb042ba1d528a90c8e7d4
test-20714,test,test,data/extracted/KolektorSDD2/test/20714.png,data/extracted/KolektorSDD2/test/20714_GT.png,False,5220cbcf07681b414ac5b4c198b459f6c6fad0dc18e157d808c524dfad6ac72c
test-20715,test,test,data/extracted/KolektorSDD2/test/20715.png,data/extracted/KolektorSDD2/test/20715_GT.png,False,590edc55c49ae809a8089360927c7abcbc1aaa3f432e0ebdd0237fed103d69d6
test-20716,test,test,data/extracted/KolektorSDD2/test/20716.png,data/extracted/KolektorSDD2/test/20716_GT.png,False,0788d6186e8799ad411de5d7e7ac174e862c7bc860476d3da438e2b098dcacae
test-20717,test,test,data/extracted/KolektorSDD2/test/20717.png,data/extracted/KolektorSDD2/test/20717_GT.png,False,d52ca07f7caf8e25e1c495b67eef27b27e86bda7d4a6672e362c0462361607d4
test-20718,test,test,data/extracted/KolektorSDD2/test/20718.png,data/extracted/KolektorSDD2/test/20718_GT.png,False,b6b542b38eff2aff7410b6a7ce231c8272355db6f127e4569b0bc8d43aa9cfd8
test-20719,test,test,data/extracted/KolektorSDD2/test/20719.png,data/extracted/KolektorSDD2/test/20719_GT.png,False,a67b48669c42db1c686986078be9cc5ad29e4813bed5c5f8c8a3e4ddc908b186
test-20720,test,test,data/extracted/KolektorSDD2/test/20720.png,data/extracted/KolektorSDD2/test/20720_GT.png,False,df64685e37c87cf56ff9d808c270a5911bddb792d94288104597f4c1dea3e082
test-20721,test,test,data/extracted/KolektorSDD2/test/20721.png,data/extracted/KolektorSDD2/test/20721_GT.png,False,a44e6435839fb5fc4db20ba718cba1e555da24cb260f1550222dc40174b65a60
test-20722,test,test,data/extracted/KolektorSDD2/test/20722.png,data/extracted/KolektorSDD2/test/20722_GT.png,False,aa54908e9ffb724aff7ee148186c6cb67d972e79edc9f2aaeeb8257e3ca1d7f7
test-20723,test,test,data/extracted/KolektorSDD2/test/20723.png,data/extracted/KolektorSDD2/test/20723_GT.png,False,d5b8020076dc33416193ca20589a8b703d3a170f63b804e08bb6b3434f55373a
test-20724,test,test,data/extracted/KolektorSDD2/test/20724.png,data/extracted/KolektorSDD2/test/20724_GT.png,True,feb6590da3df168dc774e6dce880fb14fd9e5a1b133f294731fdb937b1a9124a
test-20725,test,test,data/extracted/KolektorSDD2/test/20725.png,data/extracted/KolektorSDD2/test/20725_GT.png,False,6404c77fcfbc18d46c51b8a0d599cf7ad254cc31bac3f366c2849fa0c395acc9
test-20726,test,test,data/extracted/KolektorSDD2/test/20726.png,data/extracted/KolektorSDD2/test/20726_GT.png,False,d835b0d76d1e68305f812a889f2b7f303fc51208c909d8a3a3c334a6ff11db18
test-20727,test,test,data/extracted/KolektorSDD2/test/20727.png,data/extracted/KolektorSDD2/test/20727_GT.png,False,5f686c35366911594c910834a10918b1b1eaebc8fbaf2a3fc7d123702979f78a
test-20728,test,test,data/extracted/KolektorSDD2/test/20728.png,data/extracted/KolektorSDD2/test/20728_GT.png,False,8b075f34287a62393733f1f796a5f1b3fb1111d4c85cd80e14ae6e8fee70691f
test-20729,test,test,data/extracted/KolektorSDD2/test/20729.png,data/extracted/KolektorSDD2/test/20729_GT.png,False,57ecbf6e4fb7e9077c93d43b85d76a69499a9a6fc4447a73049cd019d7ebac1e
test-20730,test,test,data/extracted/KolektorSDD2/test/20730.png,data/extracted/KolektorSDD2/test/20730_GT.png,False,158aa5c31bedb6621eb19987e9b3fd09ec84a3346bf992f77a698bce5ec1345b
test-20731,test,test,data/extracted/KolektorSDD2/test/20731.png,data/extracted/KolektorSDD2/test/20731_GT.png,False,0dfe9af9937da90d589ac18e1ec490f32b4ce5add53ec7ba7612d59c036ca941
test-20732,test,test,data/extracted/KolektorSDD2/test/20732.png,data/extracted/KolektorSDD2/test/20732_GT.png,False,02a21524c19de0383616699e0fa8cdfb2fc7367cecc0baeac32f395e9d226530
test-20733,test,test,data/extracted/KolektorSDD2/test/20733.png,data/extracted/KolektorSDD2/test/20733_GT.png,False,7150c90367bd1cfca7c1274ab188c0ada6ae8350f2a7b5b83c101e44d19222bf
test-20734,test,test,data/extracted/KolektorSDD2/test/20734.png,data/extracted/KolektorSDD2/test/20734_GT.png,False,ce940a718cb046cf26f0d9f5d0bd59e4a3e1a3d4f577fa33b40f11a0ba5043a4
test-20735,test,test,data/extracted/KolektorSDD2/test/20735.png,data/extracted/KolektorSDD2/test/20735_GT.png,False,6563e0dc2abde47f7a2d1b34a1091263c335c5955e8bf76355046c51226a8047
test-20736,test,test,data/extracted/KolektorSDD2/test/20736.png,data/extracted/KolektorSDD2/test/20736_GT.png,False,d0c019b520ed32f21f3aac54783dc766a9d16da86c93cadad773165f34bc65bc
test-20737,test,test,data/extracted/KolektorSDD2/test/20737.png,data/extracted/KolektorSDD2/test/20737_GT.png,False,736486c2746ae72ee2ff68e9b56f4de2dfee3c3c734a4e8b16d440e51ae6e8c2
test-20738,test,test,data/extracted/KolektorSDD2/test/20738.png,data/extracted/KolektorSDD2/test/20738_GT.png,True,d6a5c079cd47041b3281f042d1e0fa8dd2dff8d744e3b5d40f82baa060215bd7
test-20739,test,test,data/extracted/KolektorSDD2/test/20739.png,data/extracted/KolektorSDD2/test/20739_GT.png,False,d2b225876d7cad5155a84bd670416ef746ae65f6a5c6edbe7829cba3bbd1142b
test-20740,test,test,data/extracted/KolektorSDD2/test/20740.png,data/extracted/KolektorSDD2/test/20740_GT.png,False,6eee18fffd518cfea25e6396de70c6869d31115568dd4f1fe2c5ab83c3364f26
test-20741,test,test,data/extracted/KolektorSDD2/test/20741.png,data/extracted/KolektorSDD2/test/20741_GT.png,False,cad2c9bf76f72361abc583eeefc05253e85e320fc28da0409fac4114ac64012a
test-20742,test,test,data/extracted/KolektorSDD2/test/20742.png,data/extracted/KolektorSDD2/test/20742_GT.png,False,a37d9e2bdb3862e37b3e821acb39b3344879dec966befdd285a15ad4c2a9ca55
test-20743,test,test,data/extracted/KolektorSDD2/test/20743.png,data/extracted/KolektorSDD2/test/20743_GT.png,False,6497a7d6ac96e4f7e1316ef70c47144aa3148fb83b9cec6d5c62c344211862f3
test-20744,test,test,data/extracted/KolektorSDD2/test/20744.png,data/extracted/KolektorSDD2/test/20744_GT.png,True,e6a436b287e379aad17d80e9245c80136295d335409247f0725ce020fd698afb
test-20745,test,test,data/extracted/KolektorSDD2/test/20745.png,data/extracted/KolektorSDD2/test/20745_GT.png,False,c9781750deb6a5a4ab2468e651ee743db8eb7341a18fca65e8b8b1f5b077a4fc
test-20746,test,test,data/extracted/KolektorSDD2/test/20746.png,data/extracted/KolektorSDD2/test/20746_GT.png,False,af82d7466609b13670ffe15a72e85478045a706df8b0ead6a1510734374b97fd
test-20747,test,test,data/extracted/KolektorSDD2/test/20747.png,data/extracted/KolektorSDD2/test/20747_GT.png,True,ade21eaee8a466cf239c96081b3d8369f4aa873de7c95a02db46470500743d57
test-20748,test,test,data/extracted/KolektorSDD2/test/20748.png,data/extracted/KolektorSDD2/test/20748_GT.png,False,afc29bd9ad3dd5e0c35850939bfb89c548b6cf2eb8a0f5540d12ef93df87b015
test-20749,test,test,data/extracted/KolektorSDD2/test/20749.png,data/extracted/KolektorSDD2/test/20749_GT.png,False,1a82dfa74b59136e90627a2569b153060673c4adf0aa3545905b46cf64c9108a
test-20750,test,test,data/extracted/KolektorSDD2/test/20750.png,data/extracted/KolektorSDD2/test/20750_GT.png,False,b47734a3798036857a156bb9bde03c12c212c7f0658333b6bb22125c173e2a94
test-20751,test,test,data/extracted/KolektorSDD2/test/20751.png,data/extracted/KolektorSDD2/test/20751_GT.png,False,57d42b9c04cabb04c0fd69ca00a1e1e17956c337791f160fa8f8354e08257646
test-20752,test,test,data/extracted/KolektorSDD2/test/20752.png,data/extracted/KolektorSDD2/test/20752_GT.png,False,8b44936e4bc85c4bd59e187cc17634dfc35e82ad0f837d569b2d5935b437db61
test-20753,test,test,data/extracted/KolektorSDD2/test/20753.png,data/extracted/KolektorSDD2/test/20753_GT.png,False,766bd98ae8642ad2b043c352e550b990673714420cdb50c3fc4167f36a4456f3
test-20754,test,test,data/extracted/KolektorSDD2/test/20754.png,data/extracted/KolektorSDD2/test/20754_GT.png,True,fca3dda0922724871ba8a5c78870e41448cdc22e8f67049533b283b24223ec8f
test-20755,test,test,data/extracted/KolektorSDD2/test/20755.png,data/extracted/KolektorSDD2/test/20755_GT.png,False,cf99e34d917d0bfac5fe596152f6b2c9ea62000e075e51bdf30ff1040e215386
test-20756,test,test,data/extracted/KolektorSDD2/test/20756.png,data/extracted/KolektorSDD2/test/20756_GT.png,False,4e54e079638402f9126e790106e7853e211691879f03c4047c2272e011b80e04
test-20757,test,test,data/extracted/KolektorSDD2/test/20757.png,data/extracted/KolektorSDD2/test/20757_GT.png,False,364fcf4067cb851b38369bb61278fcc14a9a1eee842a18469efbc41f3fcc0345
test-20758,test,test,data/extracted/KolektorSDD2/test/20758.png,data/extracted/KolektorSDD2/test/20758_GT.png,False,3ec246c84af43ccce5e57b153b2093e9a99d0754c6a172a479fe8122ffe7d6e7
test-20759,test,test,data/extracted/KolektorSDD2/test/20759.png,data/extracted/KolektorSDD2/test/20759_GT.png,False,ddf3bb941d5affcf7545e61a4edbf1cf1607c4417c44cd768085c35e7628e607
test-20760,test,test,data/extracted/KolektorSDD2/test/20760.png,data/extracted/KolektorSDD2/test/20760_GT.png,False,d9b638ea082a3baf105b369d0974afb8c6e2bb87a3ddffabf2e2e62843221884
test-20761,test,test,data/extracted/KolektorSDD2/test/20761.png,data/extracted/KolektorSDD2/test/20761_GT.png,False,79f81924a3761f38666ade80e9c8d29e1b8d5c5e3fa89c4783674721c1717c6f
test-20762,test,test,data/extracted/KolektorSDD2/test/20762.png,data/extracted/KolektorSDD2/test/20762_GT.png,False,0c05c249b8e3fbf5a7f82598b06d3e980fe51b433687f3dab1753217d111f2a8
test-20763,test,test,data/extracted/KolektorSDD2/test/20763.png,data/extracted/KolektorSDD2/test/20763_GT.png,False,cb1c934a70c3ea0b722fa299af40f99d16ffe85bf46a573f8c5fa93e55338ad3
test-20764,test,test,data/extracted/KolektorSDD2/test/20764.png,data/extracted/KolektorSDD2/test/20764_GT.png,False,1cc881923a7dffb7f6e44721e25ff6cdf7357052d0a5f237cc62800f2c084977
test-20765,test,test,data/extracted/KolektorSDD2/test/20765.png,data/extracted/KolektorSDD2/test/20765_GT.png,True,0de4fb278f1ce7e5b5ecc86b830144f32904d266feb51a78f0320a3b2c3b92f0
test-20766,test,test,data/extracted/KolektorSDD2/test/20766.png,data/extracted/KolektorSDD2/test/20766_GT.png,False,89f5c06dead1349aed954570237c2f0615e7b31bc9c68c5ab85a85695f6b49fe
test-20767,test,test,data/extracted/KolektorSDD2/test/20767.png,data/extracted/KolektorSDD2/test/20767_GT.png,False,5b1ccaca07c3645cbfc16f1f064e06456fa0a17275a0c48acbfe241928f50aa9
test-20768,test,test,data/extracted/KolektorSDD2/test/20768.png,data/extracted/KolektorSDD2/test/20768_GT.png,False,6d04e4ee5c1d8bbf0b3be1d86082652288b198cd5be0ec2de982da20724e2cc1
test-20769,test,test,data/extracted/KolektorSDD2/test/20769.png,data/extracted/KolektorSDD2/test/20769_GT.png,False,5f2d3496c19273998e6debfaf8b55df155f2c66deebcaf13fe72c66a9e941567
test-20770,test,test,data/extracted/KolektorSDD2/test/20770.png,data/extracted/KolektorSDD2/test/20770_GT.png,False,55bb4168169dd1a6b6743884f946051a88f439f3df8bb3962ffeb3086dd7b971
test-20771,test,test,data/extracted/KolektorSDD2/test/20771.png,data/extracted/KolektorSDD2/test/20771_GT.png,False,e33da515b0ae0c72edf3d037bef98de2c68970f1ab1f91b9ac3df19481621688
test-20772,test,test,data/extracted/KolektorSDD2/test/20772.png,data/extracted/KolektorSDD2/test/20772_GT.png,True,f6abb09b0ba737fe073ec7304320dab975a3014d9d541963d78a0f579b5e55e6
test-20773,test,test,data/extracted/KolektorSDD2/test/20773.png,data/extracted/KolektorSDD2/test/20773_GT.png,False,8d59d02ec041c5448cb9bfe369cb8ececf522702ecec92a1494de3dd9a7f8836
test-20774,test,test,data/extracted/KolektorSDD2/test/20774.png,data/extracted/KolektorSDD2/test/20774_GT.png,False,6db1ae76aca0fc611630484d0d3652684be9b68afa17edc2d15b854acd8ac45b
test-20775,test,test,data/extracted/KolektorSDD2/test/20775.png,data/extracted/KolektorSDD2/test/20775_GT.png,False,7fcc50b0b20ccb701fa463cdd293aec85cffc5bff78f530d944c8f234ae609cb
test-20776,test,test,data/extracted/KolektorSDD2/test/20776.png,data/extracted/KolektorSDD2/test/20776_GT.png,False,b197317f0ca97a75ad27dad648a3a443b1a4a2481a3f8e860de5b916314e9038
test-20777,test,test,data/extracted/KolektorSDD2/test/20777.png,data/extracted/KolektorSDD2/test/20777_GT.png,False,d518e1d274ba42554b06d99f768a05383ddec51ce115f184490a1b99756324f4
test-20778,test,test,data/extracted/KolektorSDD2/test/20778.png,data/extracted/KolektorSDD2/test/20778_GT.png,False,3127b60e56f055a701036ffd607802564cc127605cb7a7f1c52c6e01998e0875
test-20779,test,test,data/extracted/KolektorSDD2/test/20779.png,data/extracted/KolektorSDD2/test/20779_GT.png,False,0f072f8754b37ed2b6e063773acb11f4f9d8f9ee8f417cc42ab86f736f9aa7e5
test-20780,test,test,data/extracted/KolektorSDD2/test/20780.png,data/extracted/KolektorSDD2/test/20780_GT.png,False,d144ad2ee05b5f9ed46d924a4f287b8b505abbb94848cd55a97710d78d6ca576
test-20781,test,test,data/extracted/KolektorSDD2/test/20781.png,data/extracted/KolektorSDD2/test/20781_GT.png,False,98092dfd254be31cb9254a823927e047bbcd5ec437dafbd16ee72a90e53298e9
test-20782,test,test,data/extracted/KolektorSDD2/test/20782.png,data/extracted/KolektorSDD2/test/20782_GT.png,False,7fdec520175887c72dcbd11b91dcdea1c7a88cc36b2f64e5a548d1b8dc635127
test-20783,test,test,data/extracted/KolektorSDD2/test/20783.png,data/extracted/KolektorSDD2/test/20783_GT.png,False,6aecaf37d11f9a22af8eb6456c85a19b57e3b4b3cfc40e319e879cd50dde8938
test-20784,test,test,data/extracted/KolektorSDD2/test/20784.png,data/extracted/KolektorSDD2/test/20784_GT.png,True,da046d196c108faa658671cff54f229a2db9e1dbae9f6bb79af0525fe803877e
test-20785,test,test,data/extracted/KolektorSDD2/test/20785.png,data/extracted/KolektorSDD2/test/20785_GT.png,True,21abea1a7d3de0adedc12d4163034e3abf5d3226e6f74147a5344b5961f17372
test-20786,test,test,data/extracted/KolektorSDD2/test/20786.png,data/extracted/KolektorSDD2/test/20786_GT.png,False,34da3a9736b851ccde77af6f165bf9c64453528e4cd08eac574143178d15402e
test-20787,test,test,data/extracted/KolektorSDD2/test/20787.png,data/extracted/KolektorSDD2/test/20787_GT.png,False,b2b4bd51f9fa2fd99cc7bdae682eae6fdf3dd64e0f4f7a74754ba77fb2fac5d3
test-20788,test,test,data/extracted/KolektorSDD2/test/20788.png,data/extracted/KolektorSDD2/test/20788_GT.png,False,f845e462a8a6277acbf768d61dbe3da3084d2d8e9473aa1288cdcd8c1792457a
test-20789,test,test,data/extracted/KolektorSDD2/test/20789.png,data/extracted/KolektorSDD2/test/20789_GT.png,False,48d0bbc81a62fd20e5b94afc09f6704cf09f773824747b1d5d5ab389fafc6410
test-20790,test,test,data/extracted/KolektorSDD2/test/20790.png,data/extracted/KolektorSDD2/test/20790_GT.png,False,9b62572b91c8c5552851b15a90a092fc901ffaaaddb5746f9b699a36a37e62bf
test-20791,test,test,data/extracted/KolektorSDD2/test/20791.png,data/extracted/KolektorSDD2/test/20791_GT.png,False,f82194630d638f137deaf9e122562447bd9d8917ab11420f63dcc62b39475083
test-20792,test,test,data/extracted/KolektorSDD2/test/20792.png,data/extracted/KolektorSDD2/test/20792_GT.png,False,688ff701ca0bc984985e4148dbbae4200569d98b5c6ff0f57cce442a4ace11d7
test-20793,test,test,data/extracted/KolektorSDD2/test/20793.png,data/extracted/KolektorSDD2/test/20793_GT.png,False,3c8a71f6690e84a4805ca1e16295321e90c3f327b0b985d317599f3cc7765a98
test-20794,test,test,data/extracted/KolektorSDD2/test/20794.png,data/extracted/KolektorSDD2/test/20794_GT.png,False,ba6040f4415bfcd652233a3a9faedb5da90d1207f0bce78bf0f201f50679366f
test-20795,test,test,data/extracted/KolektorSDD2/test/20795.png,data/extracted/KolektorSDD2/test/20795_GT.png,False,c0da1d3d4cdaf94c42ecd56baa6788be41ef63dc58a9b6e92f48d1b7847488c5
test-20796,test,test,data/extracted/KolektorSDD2/test/20796.png,data/extracted/KolektorSDD2/test/20796_GT.png,False,688d9222cdcb26a0617de2bb44e446f9ee233e45bd5b3fa420bf01d25c98909a
test-20797,test,test,data/extracted/KolektorSDD2/test/20797.png,data/extracted/KolektorSDD2/test/20797_GT.png,False,e470d90be75fc80def114f9878edfb8d5a943d61e36c43a5b13fa09119e4429b
test-20798,test,test,data/extracted/KolektorSDD2/test/20798.png,data/extracted/KolektorSDD2/test/20798_GT.png,False,f14142eb4e18939b251f6e42666076e8b855b0c0de237c38667046ab4a0113ca
test-20799,test,test,data/extracted/KolektorSDD2/test/20799.png,data/extracted/KolektorSDD2/test/20799_GT.png,False,02aa2658aea76d03f1d7793acc542125db688c4499c4a45f3e1cdf9bf9f216fa
test-20800,test,test,data/extracted/KolektorSDD2/test/20800.png,data/extracted/KolektorSDD2/test/20800_GT.png,False,00be863a81ef375514d6cf9484dfabe5403502c7f752d885a605df959144d0aa
test-20801,test,test,data/extracted/KolektorSDD2/test/20801.png,data/extracted/KolektorSDD2/test/20801_GT.png,True,33397ff4c11ae027afafb58ea43ab2767891c7df52cdc04b84991b77cd559397
test-20802,test,test,data/extracted/KolektorSDD2/test/20802.png,data/extracted/KolektorSDD2/test/20802_GT.png,False,05838346e6d98171ff15bd9839469a91de55f3b2aff4f26e8e56705aaf0d6b1f
test-20803,test,test,data/extracted/KolektorSDD2/test/20803.png,data/extracted/KolektorSDD2/test/20803_GT.png,False,3210a28bad069955db3ac7a883a950e2b48069691a6a4e84b87f845a184ec59c
test-20804,test,test,data/extracted/KolektorSDD2/test/20804.png,data/extracted/KolektorSDD2/test/20804_GT.png,True,3b6741e73ccf60ed88b9edd2392b68951475d5996d8cc05dc43c5a5521344442
test-20805,test,test,data/extracted/KolektorSDD2/test/20805.png,data/extracted/KolektorSDD2/test/20805_GT.png,False,f8d1414aa9824a29562a8745bda52f0e9d4776c9741d8e958de07a803fb37eb2
test-20806,test,test,data/extracted/KolektorSDD2/test/20806.png,data/extracted/KolektorSDD2/test/20806_GT.png,False,ed00af853813d41654c749ce8e53adb41ef822d7c1807e3b3e6edefd0aeaca50
test-20807,test,test,data/extracted/KolektorSDD2/test/20807.png,data/extracted/KolektorSDD2/test/20807_GT.png,False,ae7fe59d901c51aa731a37fb383f0b56c5b1d54595dcc4586e2636c25f6064cb
test-20808,test,test,data/extracted/KolektorSDD2/test/20808.png,data/extracted/KolektorSDD2/test/20808_GT.png,False,43a9de36e5edf1270581cc9f22aa027e3dd15c3d16246362c92eff12e5acc5f3
test-20809,test,test,data/extracted/KolektorSDD2/test/20809.png,data/extracted/KolektorSDD2/test/20809_GT.png,False,91f52a9685cb2588f7ca755657119270563916d821f5635ac7f2c1afc9fe84fa
test-20810,test,test,data/extracted/KolektorSDD2/test/20810.png,data/extracted/KolektorSDD2/test/20810_GT.png,False,d5704c73a30447cf8bd6415f911c09c0fad6ead2c64c987ebd4a38bcdf11753c
test-20811,test,test,data/extracted/KolektorSDD2/test/20811.png,data/extracted/KolektorSDD2/test/20811_GT.png,False,706597e03f47624699bd30c8d4cb6424621b47b7917bd9ffbb723a31e9cc88f7
test-20812,test,test,data/extracted/KolektorSDD2/test/20812.png,data/extracted/KolektorSDD2/test/20812_GT.png,False,65d01e4b3bc11c9dab1fb49f148a76e2fcb699795d45e9a7d34210daafe00d4c
test-20813,test,test,data/extracted/KolektorSDD2/test/20813.png,data/extracted/KolektorSDD2/test/20813_GT.png,False,3daf527a4be4758311f367937ebf5d96379193a8dd700004b663cdcf28f07b66
test-20814,test,test,data/extracted/KolektorSDD2/test/20814.png,data/extracted/KolektorSDD2/test/20814_GT.png,False,375eb7f59e8d2cd78764c5d0149e3f30b9a7ca9d3067ab8ed835ea90a4f4cfe2
test-20815,test,test,data/extracted/KolektorSDD2/test/20815.png,data/extracted/KolektorSDD2/test/20815_GT.png,False,c5e9af963e9ec8666ebbd3486704dfe7663d695bcf8911ab516bd5d3c82a16f2
test-20816,test,test,data/extracted/KolektorSDD2/test/20816.png,data/extracted/KolektorSDD2/test/20816_GT.png,True,6a877d297ef6e47ca679677aea1d440cb23a41ce6efe6f02f39fd4f861d7cfb5
test-20817,test,test,data/extracted/KolektorSDD2/test/20817.png,data/extracted/KolektorSDD2/test/20817_GT.png,False,4880374d67975c567aaf7d1ded7fdef19942af05b2358b11d4e4331a01fd54f3
test-20818,test,test,data/extracted/KolektorSDD2/test/20818.png,data/extracted/KolektorSDD2/test/20818_GT.png,False,13b3936cf48d860cf8f0bf46cf8c7741c7ed966c6230d4e5f292b6353200eebe
test-20819,test,test,data/extracted/KolektorSDD2/test/20819.png,data/extracted/KolektorSDD2/test/20819_GT.png,False,bea51caf8b54afbd0bf69e637da96e1fa0ae3b69bd992712e6db359ec39d1e3f
test-20820,test,test,data/extracted/KolektorSDD2/test/20820.png,data/extracted/KolektorSDD2/test/20820_GT.png,False,cc72e83a1d3662ff418c78bd4623cd454b4f18a8c53ba898c37f4903b226947f
test-20821,test,test,data/extracted/KolektorSDD2/test/20821.png,data/extracted/KolektorSDD2/test/20821_GT.png,True,a296b856054a5f249643054b5d50f9511e3e86f872dd7093dbaf85ade6a9eda7
test-20822,test,test,data/extracted/KolektorSDD2/test/20822.png,data/extracted/KolektorSDD2/test/20822_GT.png,False,b9bbead359008bebff1b0e27235d47aa3dd4ebe6c674369961dacf139496b1de
test-20823,test,test,data/extracted/KolektorSDD2/test/20823.png,data/extracted/KolektorSDD2/test/20823_GT.png,False,387a34e15d0c9366a13b5ee6a456baa3189559db0d051aad3a6fc011f965113f
test-20824,test,test,data/extracted/KolektorSDD2/test/20824.png,data/extracted/KolektorSDD2/test/20824_GT.png,False,e6531bc4abe570ae888ef8b06d5423f71e44fcb5d9a4cdbf18cafabae08eaf48
test-20825,test,test,data/extracted/KolektorSDD2/test/20825.png,data/extracted/KolektorSDD2/test/20825_GT.png,False,81d83585918840b01120d3be792467163d70aade499fb63ed0c4025e79de6592
test-20826,test,test,data/extracted/KolektorSDD2/test/20826.png,data/extracted/KolektorSDD2/test/20826_GT.png,False,ee6f68ba0bd77272752a93025555543ea9699c5c3130d0348510d03f3eaea7f2
test-20827,test,test,data/extracted/KolektorSDD2/test/20827.png,data/extracted/KolektorSDD2/test/20827_GT.png,True,c908e33f6192870fd4bba6e1167ce6e5f5a6051866e2f9f35c993d6510140fc9
test-20828,test,test,data/extracted/KolektorSDD2/test/20828.png,data/extracted/KolektorSDD2/test/20828_GT.png,False,a67fe5f4989082a047be57181bc0e4a3a5025575915cf9c616712bac7ffac4e7
test-20829,test,test,data/extracted/KolektorSDD2/test/20829.png,data/extracted/KolektorSDD2/test/20829_GT.png,True,2548b7885d438b43ec07fe4942cdc25a6c8f3eb5f4db1b09ace150d9d307f295
test-20830,test,test,data/extracted/KolektorSDD2/test/20830.png,data/extracted/KolektorSDD2/test/20830_GT.png,False,2ce7411febe88da6170dc040b3a72d5847cbea60c6e08a177670acd325907a73
test-20831,test,test,data/extracted/KolektorSDD2/test/20831.png,data/extracted/KolektorSDD2/test/20831_GT.png,False,2c44ebf8b5e9fc929471b9cd9d314ccde6d0171cd873f5698307420fbe6fef67
test-20832,test,test,data/extracted/KolektorSDD2/test/20832.png,data/extracted/KolektorSDD2/test/20832_GT.png,False,5917365d997dbaeec9bfc3ff163c7d4fd79cea40b0adf2bab4cab5887220201d
test-20833,test,test,data/extracted/KolektorSDD2/test/20833.png,data/extracted/KolektorSDD2/test/20833_GT.png,False,e9ebfe625933201a12518488e25f2c5651354e1368984e80922b767e212dabe4
test-20834,test,test,data/extracted/KolektorSDD2/test/20834.png,data/extracted/KolektorSDD2/test/20834_GT.png,True,c8dc14ce2c94e79f3cb790c306891f0d1b5b067e85faca2eeca9d290f20fd34b
test-20835,test,test,data/extracted/KolektorSDD2/test/20835.png,data/extracted/KolektorSDD2/test/20835_GT.png,False,f6b1d53b611a49dfb696c5aa9eef7b63fa30a00bcc65f11d31c9608ef316e76c
test-20836,test,test,data/extracted/KolektorSDD2/test/20836.png,data/extracted/KolektorSDD2/test/20836_GT.png,False,df12eb22ffec9027193be08b8dfc9e34a56c890417dd3d6a56072e6ed1246d90
test-20837,test,test,data/extracted/KolektorSDD2/test/20837.png,data/extracted/KolektorSDD2/test/20837_GT.png,False,4ebbfc92e5560065b026be7cd5197347b9d698b0eaa1a72e36dbfb178c33cd9f
test-20838,test,test,data/extracted/KolektorSDD2/test/20838.png,data/extracted/KolektorSDD2/test/20838_GT.png,False,873f2bd50c79d4c8fa64465c16fbb4d11fc6d471ffa4d70ee546e36754df8e7d
test-20839,test,test,data/extracted/KolektorSDD2/test/20839.png,data/extracted/KolektorSDD2/test/20839_GT.png,False,cd2a3b0bb6f9d14857392aaadeefedbbe95afdc1e8e22d07b80e8bcb246d6a79
test-20840,test,test,data/extracted/KolektorSDD2/test/20840.png,data/extracted/KolektorSDD2/test/20840_GT.png,False,bb500dde7c0499f9b58d9f1ceb711be1e591939dd20d989497d39739970d0b1b
test-20841,test,test,data/extracted/KolektorSDD2/test/20841.png,data/extracted/KolektorSDD2/test/20841_GT.png,False,464403a31f874f7e6c9fd523fd8d77bb5739a0d36181cf8aadccc52d02897c58
test-20842,test,test,data/extracted/KolektorSDD2/test/20842.png,data/extracted/KolektorSDD2/test/20842_GT.png,False,1e33b6df7a8cb7fa14e2b5f687978240617910f2c26ee5c2a29e1d228892bab9
test-20843,test,test,data/extracted/KolektorSDD2/test/20843.png,data/extracted/KolektorSDD2/test/20843_GT.png,False,bcc5c1214be70215df93b925a687b2fff62c425ccf63341ef4b540b925173777
test-20844,test,test,data/extracted/KolektorSDD2/test/20844.png,data/extracted/KolektorSDD2/test/20844_GT.png,False,395a752264de26ba7ed19fc5beda7c9193e5630ac525c3cfa72b700d92a16fac
test-20845,test,test,data/extracted/KolektorSDD2/test/20845.png,data/extracted/KolektorSDD2/test/20845_GT.png,False,26e5f1fa375c6cfa5fe4b7175e13c702d57caf32ab13391923525728cc97320c
test-20846,test,test,data/extracted/KolektorSDD2/test/20846.png,data/extracted/KolektorSDD2/test/20846_GT.png,False,8a56a35f8c4ef638e1ea8188227615492dde53278bcef722b13a97075a4cbbad
test-20847,test,test,data/extracted/KolektorSDD2/test/20847.png,data/extracted/KolektorSDD2/test/20847_GT.png,False,e31f55c9665b4685fbc52e45195ed447cb10e8b0a54a6687e9f7d3dbd5bb5b35
test-20848,test,test,data/extracted/KolektorSDD2/test/20848.png,data/extracted/KolektorSDD2/test/20848_GT.png,True,61a8005d9793819ec23e04f64ee5787ec2737df017a39612cc3ac95483af4ea2
test-20849,test,test,data/extracted/KolektorSDD2/test/20849.png,data/extracted/KolektorSDD2/test/20849_GT.png,False,0140effb6d33356a043e44b09332a5a6d05b212814e54c8a77a7ed6c658aec44
test-20850,test,test,data/extracted/KolektorSDD2/test/20850.png,data/extracted/KolektorSDD2/test/20850_GT.png,False,03d61a21fd631deca28ebf6679202c2c30f6ff56faacfc7fd3138db013f99127
test-20851,test,test,data/extracted/KolektorSDD2/test/20851.png,data/extracted/KolektorSDD2/test/20851_GT.png,False,39c9d90d7950ab089c442122c7295b404b15ae93a5d31b228174013b1baee351
test-20852,test,test,data/extracted/KolektorSDD2/test/20852.png,data/extracted/KolektorSDD2/test/20852_GT.png,False,48917101d4f4915ef011b755c26f998d292dab58beb3078a8c4d1d36b42080a5
test-20853,test,test,data/extracted/KolektorSDD2/test/20853.png,data/extracted/KolektorSDD2/test/20853_GT.png,False,ce14a5fda5a656622e15ecb2d370a4e5282b82318ca88c4fa6fc7f63962ba219
test-20854,test,test,data/extracted/KolektorSDD2/test/20854.png,data/extracted/KolektorSDD2/test/20854_GT.png,False,812e9a99e4b7471a3401051780001e8ccac331e665da8c653967c3d5f2cb8d08
test-20855,test,test,data/extracted/KolektorSDD2/test/20855.png,data/extracted/KolektorSDD2/test/20855_GT.png,False,23c4e5eec6280124ba1e1437669baba2f6e173c0468954adbaa6f6a9e4ea8f1c
test-20856,test,test,data/extracted/KolektorSDD2/test/20856.png,data/extracted/KolektorSDD2/test/20856_GT.png,False,ca1a910e40f71b3a23a2d67e3b3020e92f86dad13670c1b7c15489719ddf7fbe
test-20857,test,test,data/extracted/KolektorSDD2/test/20857.png,data/extracted/KolektorSDD2/test/20857_GT.png,True,56c2b951b095f92b5946972ffd527cb705345515dc665772963321b12d207441
test-20858,test,test,data/extracted/KolektorSDD2/test/20858.png,data/extracted/KolektorSDD2/test/20858_GT.png,False,8cc50e92d045b4edaa2b758d4e1b412a87a8c8e9e3386461a7787bac1676bffd
test-20859,test,test,data/extracted/KolektorSDD2/test/20859.png,data/extracted/KolektorSDD2/test/20859_GT.png,False,4aaf0ff63299be44b79a15bcffab5d01c136bb48f3fc4b8b52aebe821291ad15
test-20860,test,test,data/extracted/KolektorSDD2/test/20860.png,data/extracted/KolektorSDD2/test/20860_GT.png,False,79fb61011ad4c2be158b382841de5e4e220c89ad4e5616e1a1557e5cd6d795a3
test-20861,test,test,data/extracted/KolektorSDD2/test/20861.png,data/extracted/KolektorSDD2/test/20861_GT.png,False,74264d4f0640dbc169cc0e3b72244346f1bd1d682c67f93ee2e5943ef9ef5968
test-20862,test,test,data/extracted/KolektorSDD2/test/20862.png,data/extracted/KolektorSDD2/test/20862_GT.png,False,8ea07ed6887508a7ff0bedfb9469bcc592eec6340274c305daf8f4ac6be1a43a
test-20863,test,test,data/extracted/KolektorSDD2/test/20863.png,data/extracted/KolektorSDD2/test/20863_GT.png,False,b0be90384637d7c2d6573c25b28080b1201a4c5d45b11602c8b92bb2be33b04d
test-20864,test,test,data/extracted/KolektorSDD2/test/20864.png,data/extracted/KolektorSDD2/test/20864_GT.png,False,d96d2bc91323c06265a738cbd102535beb4a298fa6d3d06675e33717b1e26b5b
test-20865,test,test,data/extracted/KolektorSDD2/test/20865.png,data/extracted/KolektorSDD2/test/20865_GT.png,False,f158cb208abd704775b41f52f8367f1d0d0c9bbb1af35485e1e9e54bfe31b78b
test-20866,test,test,data/extracted/KolektorSDD2/test/20866.png,data/extracted/KolektorSDD2/test/20866_GT.png,False,724dcd56d00c1bf3a5721bd5c53ddacf6c177657cac6002cef7c682bc2a5c941
test-20867,test,test,data/extracted/KolektorSDD2/test/20867.png,data/extracted/KolektorSDD2/test/20867_GT.png,False,d2ed0788fdd0f53a84db2ba19df2cd3405e54584ebbf722cf5b6fb34eabff38c
test-20868,test,test,data/extracted/KolektorSDD2/test/20868.png,data/extracted/KolektorSDD2/test/20868_GT.png,False,9f39a32ede4020e49a0732080e5e04f758f38dea2830f19769fc163fcea8dcea
test-20869,test,test,data/extracted/KolektorSDD2/test/20869.png,data/extracted/KolektorSDD2/test/20869_GT.png,False,752be1c5a311f76c504840e32dead480903c6b9547fcf8f9f1ba6f7aea0d8ac4
test-20870,test,test,data/extracted/KolektorSDD2/test/20870.png,data/extracted/KolektorSDD2/test/20870_GT.png,True,10a2a0db9c395d82e6c41812074ac97cd316652cd8d9556a204dab96131d150c
test-20871,test,test,data/extracted/KolektorSDD2/test/20871.png,data/extracted/KolektorSDD2/test/20871_GT.png,False,842784f05b34db20fc49ad10df59142c5b8386483f31be39fb5355706392aac7
test-20872,test,test,data/extracted/KolektorSDD2/test/20872.png,data/extracted/KolektorSDD2/test/20872_GT.png,False,7e6b6b6b22787d765a9233972998b68646c2a50eb1e7170d8e24717f60d69c8e
test-20873,test,test,data/extracted/KolektorSDD2/test/20873.png,data/extracted/KolektorSDD2/test/20873_GT.png,False,0dc9708491e94f31b1a84e9001ea7e9d1d42b977a3d52f829919deed10081b6c
test-20874,test,test,data/extracted/KolektorSDD2/test/20874.png,data/extracted/KolektorSDD2/test/20874_GT.png,False,36c7a9e585634bfebceb91c23703c0b3856f8b142bea8ae956af7ec0df710bc0
test-20875,test,test,data/extracted/KolektorSDD2/test/20875.png,data/extracted/KolektorSDD2/test/20875_GT.png,False,0a614d368b73b736b7d42e7791e1c83265dedaadf2d3178ade565f1812d954f6
test-20876,test,test,data/extracted/KolektorSDD2/test/20876.png,data/extracted/KolektorSDD2/test/20876_GT.png,False,cfc64413dc9939a9d2691bfafd7d5a0db1abb8765855e85458b9c635d3133dcf
test-20877,test,test,data/extracted/KolektorSDD2/test/20877.png,data/extracted/KolektorSDD2/test/20877_GT.png,False,1129fd0e2e362017b8d6ca213c45bba7fc7b735637f0dfb55d8f78dfa0a50796
test-20878,test,test,data/extracted/KolektorSDD2/test/20878.png,data/extracted/KolektorSDD2/test/20878_GT.png,False,006bd30715352d936bedb98af5cd2a4ec55dac2038690d64a23c1f4499f61da6
test-20879,test,test,data/extracted/KolektorSDD2/test/20879.png,data/extracted/KolektorSDD2/test/20879_GT.png,False,f21c280bbd81a7005c95e5620efae259593f3420fec66638c58919ecb935a8bc
test-20880,test,test,data/extracted/KolektorSDD2/test/20880.png,data/extracted/KolektorSDD2/test/20880_GT.png,False,660c7e91752c037ff47bebe86caf359ca9c49a87bed45188b9bd5679cf5b528a
test-20881,test,test,data/extracted/KolektorSDD2/test/20881.png,data/extracted/KolektorSDD2/test/20881_GT.png,True,d7a95c5cbabddf3dacbaabbf167b82f493cec3dcd893492a4f353ec9e165665e
test-20882,test,test,data/extracted/KolektorSDD2/test/20882.png,data/extracted/KolektorSDD2/test/20882_GT.png,True,4b31575ebca9174881d24052acdef22485c3f61e37f6fadd23042cf5d3104ec5
test-20883,test,test,data/extracted/KolektorSDD2/test/20883.png,data/extracted/KolektorSDD2/test/20883_GT.png,False,5c536e2f686861f630210958eec09989eae79ec504ce044892bf3b225473af36
test-20884,test,test,data/extracted/KolektorSDD2/test/20884.png,data/extracted/KolektorSDD2/test/20884_GT.png,True,69af90afdde3905cd2f6d3ffff2c904bfcae945e73c73f1498f9e9dce352f11a
test-20885,test,test,data/extracted/KolektorSDD2/test/20885.png,data/extracted/KolektorSDD2/test/20885_GT.png,False,45dfb367c106ab08a46567f9d44053255ed84378910980045e0f14b9576d8abd
test-20886,test,test,data/extracted/KolektorSDD2/test/20886.png,data/extracted/KolektorSDD2/test/20886_GT.png,False,0e8e5aff1f20c90ddd6649cd332ac7c91542811f3f42195d9579cf6b54cee0f3
test-20887,test,test,data/extracted/KolektorSDD2/test/20887.png,data/extracted/KolektorSDD2/test/20887_GT.png,False,6403ab266a83a8bbdc3c55ff7148f5da59e653b165049fe8f74f443a82db79f3
test-20888,test,test,data/extracted/KolektorSDD2/test/20888.png,data/extracted/KolektorSDD2/test/20888_GT.png,False,91b9a0b061aca37965e1c1c1f826be9c2b53c852e08159864507b4e5ed2d2669
test-20889,test,test,data/extracted/KolektorSDD2/test/20889.png,data/extracted/KolektorSDD2/test/20889_GT.png,False,23015cc18b3cb51897a7e6c0386461f20b4fd517b956e4f7d2b04072beb7fe63
test-20890,test,test,data/extracted/KolektorSDD2/test/20890.png,data/extracted/KolektorSDD2/test/20890_GT.png,False,2e688ea6c5dd446040f476bfa01b71ca532632f07369366ece6312287b016d08
test-20891,test,test,data/extracted/KolektorSDD2/test/20891.png,data/extracted/KolektorSDD2/test/20891_GT.png,True,fbf8fc3a6f147bb27159a5271d169554ba33cb29cf6ec02cc6f5022d5087c51a
test-20892,test,test,data/extracted/KolektorSDD2/test/20892.png,data/extracted/KolektorSDD2/test/20892_GT.png,True,d251fd77b78b88c8ec0756413716aa1bde9108a04dc8148c6630efd7879ae01a
test-20893,test,test,data/extracted/KolektorSDD2/test/20893.png,data/extracted/KolektorSDD2/test/20893_GT.png,False,51a27bee3ecbf35cb3dea39de3ac24cb0f192d6ff36ce76363d2c21b9bbcd21f
test-20894,test,test,data/extracted/KolektorSDD2/test/20894.png,data/extracted/KolektorSDD2/test/20894_GT.png,False,6e21e47a5b241cd1f7eb73f0a92852270d74f1cbeec863eb756358c3015c04e8
test-20895,test,test,data/extracted/KolektorSDD2/test/20895.png,data/extracted/KolektorSDD2/test/20895_GT.png,True,79a3048400a2b38373b9c80aa106b8c33a23b54c7556e173c5382f1a345e138b
test-20896,test,test,data/extracted/KolektorSDD2/test/20896.png,data/extracted/KolektorSDD2/test/20896_GT.png,False,a7b420c1c23314002f75328361e791338bbb8efb9119e4d9c395676afc4babb0
test-20897,test,test,data/extracted/KolektorSDD2/test/20897.png,data/extracted/KolektorSDD2/test/20897_GT.png,False,456442d9685074938da27f4497cc1658cbe333f1a6db92f70d8b22c174977d74
test-20898,test,test,data/extracted/KolektorSDD2/test/20898.png,data/extracted/KolektorSDD2/test/20898_GT.png,False,0cb07b9a32f6091d933bf6bddd3eb8a371609d6894049f540030440f11aad06e
test-20899,test,test,data/extracted/KolektorSDD2/test/20899.png,data/extracted/KolektorSDD2/test/20899_GT.png,False,99e3653f459cf56be3a343fea2977a68db19f18fbc731f56ec440b14ef477a81
test-20900,test,test,data/extracted/KolektorSDD2/test/20900.png,data/extracted/KolektorSDD2/test/20900_GT.png,False,e145bc7d6e8b87ff40cebcb394f7842f994455271cab11e4321ac49cd212967d
test-20901,test,test,data/extracted/KolektorSDD2/test/20901.png,data/extracted/KolektorSDD2/test/20901_GT.png,False,82908080923149fdb59b44b00cf7014cfc48bd6a1f3dd63952057fc6fbecf791
test-20902,test,test,data/extracted/KolektorSDD2/test/20902.png,data/extracted/KolektorSDD2/test/20902_GT.png,True,bfba988eb1355bd81715abcdc7acd2f84e19fb8c0d77adbd3dcbe0609cbcacde
test-20903,test,test,data/extracted/KolektorSDD2/test/20903.png,data/extracted/KolektorSDD2/test/20903_GT.png,False,c2935fc41e22c68cd76575a3af8135e7f87415b76776d8d699dcd0f0cb3899ef
test-20904,test,test,data/extracted/KolektorSDD2/test/20904.png,data/extracted/KolektorSDD2/test/20904_GT.png,False,1b734452d4b19d8f79bdc65156de9540c30216cb3a077644a747aa034c74897a
test-20905,test,test,data/extracted/KolektorSDD2/test/20905.png,data/extracted/KolektorSDD2/test/20905_GT.png,False,92677f4e333d7bb38a446ccfe4ff7be41d3cf31382ffff8096a5e1d51429d11c
test-20906,test,test,data/extracted/KolektorSDD2/test/20906.png,data/extracted/KolektorSDD2/test/20906_GT.png,False,b7734f6ee8258e9ecc013bbc945557619fb1ba2bc4a5a28a5ae59bd6d2445bce
test-20907,test,test,data/extracted/KolektorSDD2/test/20907.png,data/extracted/KolektorSDD2/test/20907_GT.png,False,ffbeb4fea3b85c7213b15969139718c6500970b89cdd4c6bdd05c49921e0b042
test-20908,test,test,data/extracted/KolektorSDD2/test/20908.png,data/extracted/KolektorSDD2/test/20908_GT.png,False,0f060c1020e385a13e6bc55789950ca03e7a38d4c1f822377a5101837cf6edd5
test-20909,test,test,data/extracted/KolektorSDD2/test/20909.png,data/extracted/KolektorSDD2/test/20909_GT.png,False,814ff602ae21a2cd7605470c99811fb5d4000cb42439eb95d21d1210cd2e1841
test-20910,test,test,data/extracted/KolektorSDD2/test/20910.png,data/extracted/KolektorSDD2/test/20910_GT.png,False,f85340a6960d22a12a6bdd53cbaee71a954d386614a6d894ceb138fb0181b54f
test-20911,test,test,data/extracted/KolektorSDD2/test/20911.png,data/extracted/KolektorSDD2/test/20911_GT.png,False,b7591164a15750787d7b5c956a41c9396cbb878047e3bff814a630dbeb30c2ac
test-20912,test,test,data/extracted/KolektorSDD2/test/20912.png,data/extracted/KolektorSDD2/test/20912_GT.png,True,30b0984b10e176495d7bc260310a0bea1cea9d2b5751c4a4e8357a98f12ef89d
test-20913,test,test,data/extracted/KolektorSDD2/test/20913.png,data/extracted/KolektorSDD2/test/20913_GT.png,False,2d26d66a5e16ed8fa13e0e63c99312b760c7d65e5acc7b30e07d666c91ca798a
test-20914,test,test,data/extracted/KolektorSDD2/test/20914.png,data/extracted/KolektorSDD2/test/20914_GT.png,False,4ac3f5d8f87ed335861fb43679db6b14f28b22ca8fac7ed7567c53d929498f30
test-20915,test,test,data/extracted/KolektorSDD2/test/20915.png,data/extracted/KolektorSDD2/test/20915_GT.png,False,00704a03748284a212c64f2231561c4a88b00481d2b77895e4ed2601e367cee8
test-20916,test,test,data/extracted/KolektorSDD2/test/20916.png,data/extracted/KolektorSDD2/test/20916_GT.png,False,a77e9c7e25df30c2f399af6e235c0c84733758e355fc0667019e98b951e77eaa
test-20917,test,test,data/extracted/KolektorSDD2/test/20917.png,data/extracted/KolektorSDD2/test/20917_GT.png,False,64620d5159a78d4d448e0e2f04fe73f459d6d466368525877c13859de0db94a1
test-20918,test,test,data/extracted/KolektorSDD2/test/20918.png,data/extracted/KolektorSDD2/test/20918_GT.png,False,dcab1f4111d7e62d32cfb1a7440082390a4c9f9c8b1ea89b9b6efc50cc514593
test-20919,test,test,data/extracted/KolektorSDD2/test/20919.png,data/extracted/KolektorSDD2/test/20919_GT.png,False,636d1d147633f4f2647510e6fe5a27d2940eeeadbbac8db184c3d0202edcb1d9
test-20920,test,test,data/extracted/KolektorSDD2/test/20920.png,data/extracted/KolektorSDD2/test/20920_GT.png,False,66b664ec4cf39ead39282e7d8c35994daa0cb50a719b86e0e0883f817e00c287
test-20921,test,test,data/extracted/KolektorSDD2/test/20921.png,data/extracted/KolektorSDD2/test/20921_GT.png,False,b732f3bbf425775b52e4002fd984c88139d16b357577c7fdcc75a39690083f7c
test-20922,test,test,data/extracted/KolektorSDD2/test/20922.png,data/extracted/KolektorSDD2/test/20922_GT.png,True,84c9aad3418f293608ca7d5b09a7f9a484a7abad8af40ba782b74f5245c1be9f
test-20923,test,test,data/extracted/KolektorSDD2/test/20923.png,data/extracted/KolektorSDD2/test/20923_GT.png,False,1b76a6ebe5878c2b57aa0c15349d5fafd01d173217a88c48cc315800728ca603
test-20924,test,test,data/extracted/KolektorSDD2/test/20924.png,data/extracted/KolektorSDD2/test/20924_GT.png,False,6dfbf0c9eb11b5e998aa6018008ac8f775815f394be558f2718fb62827ad36d9
test-20925,test,test,data/extracted/KolektorSDD2/test/20925.png,data/extracted/KolektorSDD2/test/20925_GT.png,False,2b7f5a1966fe93df8a29f4df9ad569fc9680e732d6d2e98ee0c2ca8d55a8a3c3
test-20926,test,test,data/extracted/KolektorSDD2/test/20926.png,data/extracted/KolektorSDD2/test/20926_GT.png,False,ac9c7555427f21ecb61fa25ce10cf32ba8db05b9370a0b7f23d40e69ea828bc9
test-20927,test,test,data/extracted/KolektorSDD2/test/20927.png,data/extracted/KolektorSDD2/test/20927_GT.png,False,409cb84fcb98388dd365d805ff35054cc2b0dc286dd7a89f8819ee2b22f2937f
test-20928,test,test,data/extracted/KolektorSDD2/test/20928.png,data/extracted/KolektorSDD2/test/20928_GT.png,False,5b409dc2a2a208af8fe57b0a219264467da0d04a70d946cdcf8e1173c2a4dacb
test-20929,test,test,data/extracted/KolektorSDD2/test/20929.png,data/extracted/KolektorSDD2/test/20929_GT.png,False,14b19905e7aa5f44ac336b20cda9ff338f7a80416cea2403e738961594ce51f0
test-20930,test,test,data/extracted/KolektorSDD2/test/20930.png,data/extracted/KolektorSDD2/test/20930_GT.png,False,b5ff4c9df3f4cf6ec0e46a788e815cc1b4e7f2f34a17a358d30597fe03d286dc
test-20931,test,test,data/extracted/KolektorSDD2/test/20931.png,data/extracted/KolektorSDD2/test/20931_GT.png,False,49fe72fa3769dfa2446b4184c706e76dd880fa404142c91afe2be4eba4faf68f
test-20932,test,test,data/extracted/KolektorSDD2/test/20932.png,data/extracted/KolektorSDD2/test/20932_GT.png,False,839b20ca0da32ae9ee8e496ca636426af42be20a2d500d772987a9f89a637938
test-20933,test,test,data/extracted/KolektorSDD2/test/20933.png,data/extracted/KolektorSDD2/test/20933_GT.png,False,dbde55d802c24844953d3f74f9466e14abaac908d175cc957f0cdd48fede7e9c
test-20934,test,test,data/extracted/KolektorSDD2/test/20934.png,data/extracted/KolektorSDD2/test/20934_GT.png,False,72af1fe8ac5d8e11921c9324908af09ddd111cb30e3609eca2d030c0db81f0d6
test-20935,test,test,data/extracted/KolektorSDD2/test/20935.png,data/extracted/KolektorSDD2/test/20935_GT.png,False,a21b8f3ad0393f41476fa1bbdcf65431fe618abfece8aea737799e2efae32fd0
test-20936,test,test,data/extracted/KolektorSDD2/test/20936.png,data/extracted/KolektorSDD2/test/20936_GT.png,False,91fc3a9142d3eda97edc3e733029c1b169eb367a45c4d9bd05d243b301e4053c
test-20937,test,test,data/extracted/KolektorSDD2/test/20937.png,data/extracted/KolektorSDD2/test/20937_GT.png,False,b080dfe49936bf570352f36314b299fff2e8c977e2452ee66c6c4cc7e500ff19
test-20938,test,test,data/extracted/KolektorSDD2/test/20938.png,data/extracted/KolektorSDD2/test/20938_GT.png,False,aa3f1dd38f9f79638797622e03dcddac6b28de947519f058158344fe88193431
test-20939,test,test,data/extracted/KolektorSDD2/test/20939.png,data/extracted/KolektorSDD2/test/20939_GT.png,False,579bb960c05344b2e116d7d113560179ccc52cd57bf4f75dcab3dde8a2c39449
test-20940,test,test,data/extracted/KolektorSDD2/test/20940.png,data/extracted/KolektorSDD2/test/20940_GT.png,False,a5ec47ee024a9e79053c5bbc1bbce1f44ee8572e2f79d4600c2c077b39cec2f4
test-20941,test,test,data/extracted/KolektorSDD2/test/20941.png,data/extracted/KolektorSDD2/test/20941_GT.png,True,4b8109cdc47b72d5d876c08c7dceee2b11dd15fd2ae8bb65286f27fbfc37c696
test-20942,test,test,data/extracted/KolektorSDD2/test/20942.png,data/extracted/KolektorSDD2/test/20942_GT.png,True,ff2b32f82b3b0c7ca750940afbb82814207ce3f739092a0eb4d1c00b8ad78aef
test-20943,test,test,data/extracted/KolektorSDD2/test/20943.png,data/extracted/KolektorSDD2/test/20943_GT.png,False,7b2b6e4d03a0d53cbf05c8acc44b4f1be024ce0b49cc26832d4938bfe9c27472
test-20944,test,test,data/extracted/KolektorSDD2/test/20944.png,data/extracted/KolektorSDD2/test/20944_GT.png,False,3bbdbbbb7ee46ad0305392a2a361c1368e75c2386dd8ccc084c610fc7fac2e84
test-20945,test,test,data/extracted/KolektorSDD2/test/20945.png,data/extracted/KolektorSDD2/test/20945_GT.png,False,809fa10c8063c67b7093fff53b75f4a756ab09865223edfa1cb61f04a693222f
test-20946,test,test,data/extracted/KolektorSDD2/test/20946.png,data/extracted/KolektorSDD2/test/20946_GT.png,False,73e5b6859eed98aba3fad6c6230cf957cd618fd335ba4706b7ab855cdcdeb518
test-20947,test,test,data/extracted/KolektorSDD2/test/20947.png,data/extracted/KolektorSDD2/test/20947_GT.png,False,a3df0664e021d09d2623f8334be8ae8eedc56cec1ede3d3c4a321d749555fce8
test-20948,test,test,data/extracted/KolektorSDD2/test/20948.png,data/extracted/KolektorSDD2/test/20948_GT.png,False,05fc53d47d1b827bc4d93fc777c31837054a365788452f08b9a7d546c45e1b99
test-20949,test,test,data/extracted/KolektorSDD2/test/20949.png,data/extracted/KolektorSDD2/test/20949_GT.png,False,5f04760ebf0cd1fa1a5926bd188070a066bb01b2181074cb63fc89ee46d5f4ad
test-20950,test,test,data/extracted/KolektorSDD2/test/20950.png,data/extracted/KolektorSDD2/test/20950_GT.png,False,8b4c36dadbf93c09316569b5489d0fb722f96ada8e2d04498e7c79a4f23cecb0
test-20951,test,test,data/extracted/KolektorSDD2/test/20951.png,data/extracted/KolektorSDD2/test/20951_GT.png,False,f05da4c51e2f6afce27c0758cb151daef304f4eba50d890b9bda6ea06da09039
test-20952,test,test,data/extracted/KolektorSDD2/test/20952.png,data/extracted/KolektorSDD2/test/20952_GT.png,True,bb49d48549dbdcbb3da3586457578272398ad4e8ea18bc124146336f8368c53c
test-20953,test,test,data/extracted/KolektorSDD2/test/20953.png,data/extracted/KolektorSDD2/test/20953_GT.png,False,291ed77cf30365f4b63a4521cd08303a14dc515e8f3510cede8c8244b1c29b31
test-20954,test,test,data/extracted/KolektorSDD2/test/20954.png,data/extracted/KolektorSDD2/test/20954_GT.png,False,bfe357c10bd5bb708a70adb5601b39de8d36964ee24440180563aac781925e39
test-20955,test,test,data/extracted/KolektorSDD2/test/20955.png,data/extracted/KolektorSDD2/test/20955_GT.png,False,e836cbbc32c6681b5a8cd5c47583883ecdbfa56236723e0aa37af0b80e6bd6c1
test-20956,test,test,data/extracted/KolektorSDD2/test/20956.png,data/extracted/KolektorSDD2/test/20956_GT.png,True,9ed6a77eeaf6d2b69fcdd1a3afbed3aae74193116df71eebd18b3dd217453e91
test-20957,test,test,data/extracted/KolektorSDD2/test/20957.png,data/extracted/KolektorSDD2/test/20957_GT.png,False,a0659075434d44e9c83e78414b2bbf9354ed4504080f3e5285b9faa29e581a35
test-20958,test,test,data/extracted/KolektorSDD2/test/20958.png,data/extracted/KolektorSDD2/test/20958_GT.png,False,3f5a66aba2b5ca0e944bbc8e3fafddf5eb221357f7f48658da939c222be6113d
test-20959,test,test,data/extracted/KolektorSDD2/test/20959.png,data/extracted/KolektorSDD2/test/20959_GT.png,True,aac85fe42b034b9178b7636031aedb64c63f14c77ce80d015d52b11f89921890
test-20960,test,test,data/extracted/KolektorSDD2/test/20960.png,data/extracted/KolektorSDD2/test/20960_GT.png,False,d6a8c0a304ccabf60bf632f574f73e445160a110a020ad563685be3b11976828
test-20961,test,test,data/extracted/KolektorSDD2/test/20961.png,data/extracted/KolektorSDD2/test/20961_GT.png,False,eb31354aa62b1de55514fb4b6311863616a99cda49cb1723bd4191531b152e46
test-20962,test,test,data/extracted/KolektorSDD2/test/20962.png,data/extracted/KolektorSDD2/test/20962_GT.png,False,e2fe0afd769445e5fc14c4532602ef13b6f15f1e13993c81e72e727fbbea2721
test-20963,test,test,data/extracted/KolektorSDD2/test/20963.png,data/extracted/KolektorSDD2/test/20963_GT.png,False,7099c8a7dfdabf1eae512edec77d48e5524085b613793713953c119be328fb45
test-20964,test,test,data/extracted/KolektorSDD2/test/20964.png,data/extracted/KolektorSDD2/test/20964_GT.png,False,910c8a7d94a655c054e8985b215986c7324329173f21ba55f1a4d0feb6a081c2
test-20965,test,test,data/extracted/KolektorSDD2/test/20965.png,data/extracted/KolektorSDD2/test/20965_GT.png,False,f185954b6dd849f1c23e636a05c9e354ece5c5e7de7f570c709a7440cc87eee0
test-20966,test,test,data/extracted/KolektorSDD2/test/20966.png,data/extracted/KolektorSDD2/test/20966_GT.png,False,dcca3cd4b752689071d162c82382ae12c904e3134681575062c0cfb1361bbf00
test-20967,test,test,data/extracted/KolektorSDD2/test/20967.png,data/extracted/KolektorSDD2/test/20967_GT.png,False,5b2b7eef082d49b2ae9d6b4257b3c839b24778fbb357ebb178a28a5c082c155d
test-20968,test,test,data/extracted/KolektorSDD2/test/20968.png,data/extracted/KolektorSDD2/test/20968_GT.png,False,f8f3f71197b07adc8f2a5db0e745f9d10571d9789eb2bc365bff91abd3abf9e9
test-20969,test,test,data/extracted/KolektorSDD2/test/20969.png,data/extracted/KolektorSDD2/test/20969_GT.png,True,897d9d4f1132f20229db2a59440f5552c30020ea527d3d09a91a6dfd69d007a4
test-20970,test,test,data/extracted/KolektorSDD2/test/20970.png,data/extracted/KolektorSDD2/test/20970_GT.png,False,4fe09328d0e402b7e294fd86d99f3735d09267cff963f869c1bed05624fa4e6c
test-20971,test,test,data/extracted/KolektorSDD2/test/20971.png,data/extracted/KolektorSDD2/test/20971_GT.png,False,a1d15c4d5e6e28adc3d7094f9c146b01f092180947ac177de0e3c67b69f2626c
test-20972,test,test,data/extracted/KolektorSDD2/test/20972.png,data/extracted/KolektorSDD2/test/20972_GT.png,False,e42305fc2f3bfa0ce6c67391e551a3a291588dd4a5bbaef9810d4ee8e064c39a
test-20973,test,test,data/extracted/KolektorSDD2/test/20973.png,data/extracted/KolektorSDD2/test/20973_GT.png,False,cbadcc45710f81af517790cd3483563200003bea76868a08e221140822a24ce4
test-20974,test,test,data/extracted/KolektorSDD2/test/20974.png,data/extracted/KolektorSDD2/test/20974_GT.png,False,1e980c8e127abaa91f27e5727d7577f78363ba4baa8229d5426d1aaafbdaf8b9
test-20975,test,test,data/extracted/KolektorSDD2/test/20975.png,data/extracted/KolektorSDD2/test/20975_GT.png,False,d5f79d58946ecce12d8333d11616c32530af7659e96197f86a3709ab9a35d7ac
test-20976,test,test,data/extracted/KolektorSDD2/test/20976.png,data/extracted/KolektorSDD2/test/20976_GT.png,False,4f739d8efd3146bfedd4ca4ed44447c760b1ce88f4d764987a181a5017f2f389
test-20977,test,test,data/extracted/KolektorSDD2/test/20977.png,data/extracted/KolektorSDD2/test/20977_GT.png,False,d43f104dd84832a46648efdae49dacb0f562cd17b9fc6a2a139d426c1381062e
test-20978,test,test,data/extracted/KolektorSDD2/test/20978.png,data/extracted/KolektorSDD2/test/20978_GT.png,False,05173b7ada4580149229d3f90e9a6b6460310c960bb6a2b775a9184f53c0c5e4
test-20979,test,test,data/extracted/KolektorSDD2/test/20979.png,data/extracted/KolektorSDD2/test/20979_GT.png,False,26ee556d98d559eee4c4c3cf23a0670ea761fd90671b040ffa622324fa152b92
test-20980,test,test,data/extracted/KolektorSDD2/test/20980.png,data/extracted/KolektorSDD2/test/20980_GT.png,False,b9d3188883375b6e33e9c894ba16a337018050490bc5ec4f7c0582fe1a01b8b5
test-20981,test,test,data/extracted/KolektorSDD2/test/20981.png,data/extracted/KolektorSDD2/test/20981_GT.png,False,96e5ecdcff47e67d055ee9a71d44660c132364b5c7d43abcf0f7f7b0c03a4c18
test-20982,test,test,data/extracted/KolektorSDD2/test/20982.png,data/extracted/KolektorSDD2/test/20982_GT.png,False,9941a91c46eb4f9962cdf6e31107bd4262a7f088cce2fd007e4bcc4c17c5dd85
test-20983,test,test,data/extracted/KolektorSDD2/test/20983.png,data/extracted/KolektorSDD2/test/20983_GT.png,False,f5b356b7c9480454dcccf1bd0e39dd61661c2f2c94a832b2a8970849a73b0978
test-20984,test,test,data/extracted/KolektorSDD2/test/20984.png,data/extracted/KolektorSDD2/test/20984_GT.png,False,d5ba055e9421f7fe288be51e0b2732b16f805ea14f4d8a6f35f94147738b9e9f
test-20985,test,test,data/extracted/KolektorSDD2/test/20985.png,data/extracted/KolektorSDD2/test/20985_GT.png,False,61339294ebdb4a9826352e22719f9d8db4c17c82954ee9902cfb5e87cb3eee48
test-20986,test,test,data/extracted/KolektorSDD2/test/20986.png,data/extracted/KolektorSDD2/test/20986_GT.png,False,11055598f05e2f1924fd8d7bf6cbcfacdafcc33f78bb4a3aa3a68e12051b1a08
test-20987,test,test,data/extracted/KolektorSDD2/test/20987.png,data/extracted/KolektorSDD2/test/20987_GT.png,False,252eb0382b3cef303436d9ae244b06cb24111bdee9cc2e26858883af0434b756
test-20988,test,test,data/extracted/KolektorSDD2/test/20988.png,data/extracted/KolektorSDD2/test/20988_GT.png,False,64a8e5085a79ce058dbb3e84cfd9b3717aefde3e6c5cc1256971970ff17d7c5f
test-20989,test,test,data/extracted/KolektorSDD2/test/20989.png,data/extracted/KolektorSDD2/test/20989_GT.png,False,9922a2f134e36cfcb72de14467446668bc907e44e18a362cd1c177652b7cb2e4
test-20990,test,test,data/extracted/KolektorSDD2/test/20990.png,data/extracted/KolektorSDD2/test/20990_GT.png,False,00d39ca6a2865be453bfa5d760eb6237d99c7fe5ccaaf705e0541507591e579f
test-20991,test,test,data/extracted/KolektorSDD2/test/20991.png,data/extracted/KolektorSDD2/test/20991_GT.png,False,bb53a4a678cff91788379eb17df8b75a93fa8065bc3505e111f88557b0bdbe75
test-20992,test,test,data/extracted/KolektorSDD2/test/20992.png,data/extracted/KolektorSDD2/test/20992_GT.png,False,c5259e1f900aea3aafa062ff6f5dc3daab5624e01a3162ebef3fb3f990d63ca7
test-20993,test,test,data/extracted/KolektorSDD2/test/20993.png,data/extracted/KolektorSDD2/test/20993_GT.png,False,cca3277c3dd219c6e84dd499208e0e66a0c483d958c52a56f3250a6d5134078f
test-20994,test,test,data/extracted/KolektorSDD2/test/20994.png,data/extracted/KolektorSDD2/test/20994_GT.png,False,96385c2048c5f8286978d1f592e7e440f1403218918a20da65d2ba33e9de3250
test-20995,test,test,data/extracted/KolektorSDD2/test/20995.png,data/extracted/KolektorSDD2/test/20995_GT.png,False,d20ba64028301d72fc65906f5525cc1b008bf861e15171322e17e42f8ebc84c5
test-20996,test,test,data/extracted/KolektorSDD2/test/20996.png,data/extracted/KolektorSDD2/test/20996_GT.png,False,5123bb96ae4f24e8f17e8f0785dfc4ad988ea82e05e05c18e60931013f6a746d
test-20997,test,test,data/extracted/KolektorSDD2/test/20997.png,data/extracted/KolektorSDD2/test/20997_GT.png,False,f2e831c5f31339db26f5cbf399cf3e8a4b84c7d14fd478932516f31e69b0c5ff
test-20998,test,test,data/extracted/KolektorSDD2/test/20998.png,data/extracted/KolektorSDD2/test/20998_GT.png,False,0c97107d2a1ed2fe06646e72f308cc6edc577d6d7b0495113138ebe29d40389e
test-20999,test,test,data/extracted/KolektorSDD2/test/20999.png,data/extracted/KolektorSDD2/test/20999_GT.png,False,139f99b79cad2434ad67a7a40fcb5de0d55cf30398edbf398b63a62e732a7c56
test-21000,test,test,data/extracted/KolektorSDD2/test/21000.png,data/extracted/KolektorSDD2/test/21000_GT.png,False,4802f4778a38fc16dc07d8ab27c22b9a116644909a76947a5023d647a7b9c895
test-21001,test,test,data/extracted/KolektorSDD2/test/21001.png,data/extracted/KolektorSDD2/test/21001_GT.png,False,8dc101a4d74d7ed80eeee913a57261fad7111f62f42e579454552889721a9f9a
test-21002,test,test,data/extracted/KolektorSDD2/test/21002.png,data/extracted/KolektorSDD2/test/21002_GT.png,False,027043fbf0bfe2245da15375aa065d65a5297fa5e09a739c8feef18ee143bf96
test-21003,test,test,data/extracted/KolektorSDD2/test/21003.png,data/extracted/KolektorSDD2/test/21003_GT.png,False,880817529840d19a7577f079f546012e59801d3ba22ed3a7ab808332f1dd0567
